xml:id,forename,surname,addName,role,trait_texts,birth_date,birth_place,death_date,death_place,nationality,works,ulan,bnf,viaf,isni,vat,wikidata
Agesilaos,Agésilaos,,Agesilao,,éphore (magistrat à Sparte) et oncle du roi de Sparte Agis IV,,,,,,,,,,,,
BacciDiBelforte,,,Bacci di Belforte; Roch. Zoppo,"artist, painter",N/A | dit Rocco Zoppo,1450,N/A,1508,Firenze,,,,,,,,
CharlesIX,Charles,,Charles IX,roi de France de 1560 à 1574,souverain | Roi de France de 1560 à 1574,1550-06-27,Saint-Germain-en-Laye,1574-05-30,Vincennes,France,,,,,,,
CharlesVIII,Charles,,Charles VIII,roi de France de 1483 à 1498,personnalité politique | Roi de France de 1483 à 1498.,1470-06-30,Amboise,1498-04-07,Amboise,France,,,,,,,
CristoforoDaFerrara,,,Cristoforo da Ferrara; Christofano de Modene,"artist, fresco painter, history artist, painter",Comment on works: Religious | Christofano de Modene,1330,N/A,1440,N/A,,,,,,,,
FrancoisII,François,,François II,roi de France de 1559 à 1560,personnalité politique | Roi de France,1544-01-19,Fontainebleau,1560-12-05,Orléans,France,,,,,,,
GregoireXV,Grégoire,,Grégoire XV,234e pape de l'Église catholique (1621-1623),prêtre catholique de rite romain | Pape sous le nom de Gregoire XV,1554-01-09,Bologne,1623-07-08,Rome,États pontificaux,,,,,,,
HenriII,Henri,,Henri II; Roy Henry deuxieme; Henri second; Henry Second; Henri Second; HENRICO II; Henry II,roi de France de 1547 à 1559,personnalité politique | Roi de France,1519-03-31,château de Saint-Germain-en-Laye,1559-07-10,hôtel des Tournelles,royaume de France,,,,,,,
HenriIII,Henri,,Henri III; Henry III,roi de France de 1574 à 1589,aristocrate | Roi de France,1551-09-19,château de Fontainebleau,1589-08-02,Saint-Cloud,royaume de France,,,,,,,
Hygiemon,,,Higiaenon,,Higiaenon,,,,,,,,,,,,
HyrcanII,Hyrcan II,,Hyrcan II; Hircan,roi hasmonéen,grand-prêtre d'Israël,0110-00-00,N/A,0030-01-01,N/A,royaume des Hasmonéens,,,,,,,
HeraclitedeMacedonie,Héraclite,,Eraclide,,peintre de navires du IIe siècle av. J.-C,,,,,,,,,,,,
JanVanDenDale,,,Jan van den Dale; Jean de Dales,peintre,,,,,,,,,,,,,
LapoGucci,,,Lapo Gucci,peintre,,,,,,,,,,,,,
LouisXII,Louis,,Louis XII; Louis douziéme; Lodovico XII,roi de France de 1498 à 1515,souverain | Roi de France,1462-06-27,château de Blois,1515-01-01,hôtel des Tournelles,France,,,,,,,
LouisXIII,Louis,,Louis XIII; Louis treizieme; Roy LOUIS XIII; Louys XIII; LOUIS XIII; Loüis XIII; Louïs XIII,roi de France et de Navarre de 1610 à 1643 (1601-1643),personnalité politique | Roi de France,1601-09-27,Fontainebleau,1643-05-14,Saint-Germain-en-Laye,royaume de France,,,,,,,
LouisXIV,Louis,,Louis XIV; LOUIS LE GRAND; Louis le Grand; LOUIS le Grand; LOUIS XIV,roi de France et de Navarre de 1643 à 1715,"personnalité politique, collectionneur ou collectionneuse d'œuvres d'art, acteur ou actrice, monarque, homme d'État | Roi de France",1638-09-05,château de Saint-Germain-en-Laye,1715-09-01,château de Versailles,royaume de France,,,,,,,
MehmedII,Mehmed,,Mehmed II; Mahomet second; Mahomet II; Maumeth,sultan ottoman de 1444 à 1446 et de 1451 à 1481 connu pour avoir conquis Constantinople,"monarque, poète ou poétesse | Mehmet II le Conquérant ou Mehmed II « Fatih ». On trouve Maumeth chez Lomazzo (Idea).",1432-03-30,Edirne,1481-05-03,Gebze,,,,,,,,
MoctezumaII,Moctezuma,,Moctezuma II; Roi Monteczuma,souverain aztèque,personnalité politique | Empereur aztèque de 1502 à 1520,1466-01-01,Mexico-Tenochtitlan,1520-06-29,Mexico-Tenochtitlan,aztèque,,,,,,,
NiccoloDaBologna,Niccolo,,Niccolo da Bologna; Nicolas de Bologne,"artist, illuminators, painter",N/A,1321,N/A,1400,N/A,,,,,,,,
OttavianoDaFaenza,,,Ottaviano da Faenza,artist,N/A,1271,N/A,1430,N/A,,,,,,,,
Perseus,Perseus,,Perseo,,élève d'Apelle. Ce dernier lui dédia son traité sur la peinture.,,,,,,,,,,,,
PhilippeII,Philippe,,Philippe II d'Espagne; Filippo secondo di Spagna; Don Filippo d'Austria; FILIPPO D'AUSTRIA; Filippe second; Filipe second; Philippe II; Filipe II,"fils aîné de Charles Quint, roi des Espagnes de 1556 à 1598 (1527-1598)",dirigeant ou dirigeante | Roi d'Espagne de 1556 à 1598,1527-05-21,palais de Pimentel,1598-09-13,monastère royal de San Lorenzo de El Escorial,Espagne,,,,,,,
PietroDaSalo,,,Pietro da Salo; Pierre de Salo,n/a,sculpteur ou sculptrice,,N/A,,N/A,,,,,,,,
Pymandre,Pymandre,,Pymandre,,"Personnage du dialogue dans les entretients de Félibien. ""Ami"" de Félibien",,,,,,,,,,,,
Saulaces,Saulacès,,N/A; Salauces,n/a,N/A | IIè siècle av. J-C,0300-00-00,N/A,0190-00-00,N/A,,,,,,,,
Serapion,Sérapion,,Serapione,,artiste de la fin de l'époque hellénistique qui réalisait notamment des paysages,,,,,,,,,,,,
Tobie,Tobie,,Tobia; Tobie,,,,,,,,,,,,,,
Turpilius,Turpilius,,N/A; Turpilio Chevalier Venitien; Turpilio Cavaliero; Turpilius; Turpilio,n/a,artiste peintre,,N/A,,N/A,,,,,,,,
HansVonAachen,Hans von,Aachen,Jean Dac; JEAN DAC,peintre allemand (1552–1615),,1552-01-01,Köln,1615-03-04,Praha,Saint-Empire romain germanique,,,,,,,
Aaron,Aaron,Aaron,Aaron; Aronne,"personnage de la Bible, dans les livres de l'Exode, du Lévitique et des Nombres","cohen, prophète ou prophétesse",1396-00-00,Égypte antique,1274-00-00,djebel Haroun,,,,,,,,
NicoloDellAbbate,Nicola dell',Abbate,Messer Nicolo; Nicolas de Modene; Nicolo de Modene; Abbate,peintre italien,"Niccolò was both a pupil of and assistant to his father, Giovanni dell'Abbate, and was later tutored by the sculptor Antonio Begarelli. Comment on works: Landscapes; Architecture; Ruins; Genre | Nicolo de Modene chez Monier Messer Niccolino",1512-01-01,Modena,1571-01-01,Fontainebleau,France,,,,,,,
Abel,Abel,Abel,Abel,personnage de la Genèse,berger ou bergère,3897-00-00,N/A,3825-00-00,N/A,,,,,,,,
AbgarV,Abgar,Abgar V,Abgar d'Édesse; Abagare,roi d'Osroène,"dirigeant ou dirigeante, monarque",0001-01-01,N/A,0050-01-01,N/A,Osroène,,,,,,,
Abiron,Abiram,Abiron,Abiram; Abiron,premier-né de Hiel de Béthel,N/A,,N/A,,N/A,,,,,,,,
Abraham,Abraham,Abraham,Abraham,"patriarche et prophète des religions juive, chrétienne et musulmane","gardien de troupeau, fondateur d'une religion, prophète ou prophétesse",1813-00-00,Ur Kaśdim,1638-00-00,Hébron,,,,,,,,
JudaAbravanel,Juda,Abravanel,Léon l'Hébreux; Leone Ebreo,n/a,"philosophe, poète ou poétesse, médecin, écrivain ou écrivaine, rabbin, humaniste | Philosophe, médecin et poète portugais. Aussi connu sous le nom de Léon l'Hébreux.",1460-01-01,Lisbonne,1530-01-01,Naples,royaume de Portugal,,,,,,,
DonatoAcciaiuoli,Donato,Acciaioli,Donato Acciaioli,italian scholar and statesman,connu aussi sous le nom de Donato Acciaioli,1429,Firenze,1478,Milano,,,,,,,,
PietroAccolti,Pietro,Accolti,Pietro Accolti; Piettro Accolti; Pietro Acolti,cardinal de l'Église catholique romaine,prêtre catholique,1455-03-15,Florence,1532-12-11,Rome,,,,,,,,
Achab,Achab,Achab,Achab; Acab,roi d'Israël,dirigeant ou dirigeante,0918-00-00,N/A,0852-01-01,Ramoth en Galaad,royaume d'Israël,,,,,,,
Achille,Achille,Achille,Achille; Achilles,personnage de la mythologie grecque,N/A,,N/A,,Troie,,,,,,,,
Achemenide,Achéménide,Achéménide,Achéménide; Achemenide,personnage de la mythologie grecque,N/A,,N/A,,N/A,,,,,,,,
Adam,,Adam,Adam; Adamo,premier humain selon le récit des religions abrahamiques,"agriculteur ou agricultrice, chasseur ou chasseresse, jardinier, prophète de l'islam, N/A",,Éden,3074-00-00,N/A,Terre,,,,,,,
Adiafare,,Adiafare,Adiafare,,Divinité mentionnée par Lomazzo (Idea),,,,,,,,,,,,
Adonis,Adonis,Adonis,Adonis; Adone,"dieu de la mythologie proche-orientale, grecque et romaine, fils de Cinyras et de sa fille Myrrha",N/A,,N/A,,N/A,,,,,,,,
Adramalech,Adramelech,Adramalech,Adramelech,"Démon, Grand chancelier des Enfers",N/A | dieu (assyrien ?) mentionné par Lomazzo,,N/A,,N/A,,,,,,,,
AdrienVI,Adrien,Adrien VI,Adrien VI; Adrien sixiéme,pape de l'Église catholique romaine,"théologien ou théologienne, professeur ou professeure d'université, prêtre catholique, philosophe, évêque catholique | Pape de 1522 à 1523",1459-03-02,Utrecht,1523-09-14,Rome,Saint-Empire romain germanique,,,,,,,
PierreAffre,Pierre,Affre,Mr. Affre,sculpteur français,N/A,1590-01-01,Béziers,1669-01-01,Toulouse,France,,,,,,,
Agamemnon,Agamemnon,Agamemnon,Agamemnon; Agamémnon,personnage de la mythologie grecque,N/A,,N/A,,N/A,,,,,,,,
Agar,Agar,Agar,Agar; AGAR,"servante de Sarah, la femme d'Abraham dans l'Ancien Testament",domestique,2000-00-00,Égypte antique,2000-00-00,N/A,Égypte antique,,,,,,,
Agatarque,,Agatarque,Agatharque; Agatarque,,,,,,,,,,,,,,
Aglaophon,Aglaophon,Aglaophon,Aglaophon; Aglaofonte; Aglaofante,n/a,artiste peintre,0600-01-01,N/A,0500-01-01,N/A,,,,,,,,
Aglaure,,Aglaure,Aglaure,,,,,,,,,,,,,,
Agoracritos,Agoracritos,Agoracritos,Agoracritos,sculpteur grec,sculpteur ou sculptrice,0500-01-01,Páros,0500-01-01,N/A,,,,,,,,
LeonardoAgostini,Leonardo,Agostini,Leonardo Agostini,"antiquaire et graveur, fut nommé inspecteur des antiquités par Alexandre VII","antiquaire, numismate, chercheur de gemme gravées, historien ou historienne, marchand",1593-09-18,Boccheggiano,1676-08-00,Rome,,,,,,,,
AgrippaIer,Agrippa,Agrippa Ier,Agrippa Ier; Herodes; Agrippe,roi de Judée,Roi des Juifs | Parfois appelé Hérode Agrippa,0010-01-01,N/A,0044-00-00,Césarée,,,,,,,,
Agucchi,Giovanni Battista,Agucchi,Gratiadio Machati; Monsignor Agucqui; Agucchi,"archevêque, collectionneur et théoricien de l'art italien",aussi connu sous le pseudonyme Gratiadio Machati,1570-11-20,Bologne,1632-01-01,N/A,,,,,,,,
Agenor,Agénor,Agénor,Agénor; Agenor,"personnage de la mythologie grecque, fils de Poséidon",roi | Fils de Poséidon,,N/A,,N/A,,,,,,,,
Agesandros,Agésandros,Agésandros,Agésandros; Agessander; Agesandre,sculpteur grec,sculpteur ou sculptrice,0050-00-00,Rhodes,0100-00-00,N/A,Rhodes,,,,,,,
AhmosisII,Amasis,Ahmôsis II,Amasis,5e pharaon égyptien de la XXVIème dynastie,homme d'État,0610-00-00,N/A,0526-01-01,N/A,Égypte antique,,,,,,,
Aistolf,Aistolf,Aistolf,Aistolf; Astolfe,roi des Lombards,roi | Roi des Lombards de 749 à 756.,,Cividale del Friuli,0756-12-01,Pavie,Royaume lombard,,,,,,,
Ajax,,Ajax le grand ? le petit ?,Ajax,,,,,,,,,,,,,,
IbnAlHaytham,Abu Ali,al-Hasan ibn al-Hasan ibn al-Haytham,"Alhazen, Alhacen, Azel (italien); Azeno; Azel","mathématicien, opticien et astronome arabe","mathématicien ou mathématicienne, physicien ou physicienne, philosophe, astronome, inventeur, astrologue, ingénieur ou ingénieure | On trouve aussi Alhazen, et Alhacen. Son nom complet est Abu Ali al-Hasan ibn al-Hasan ibn al-Haytham. En italien, on trouve aussi Azel.",0965-00-00,Bassorah,1038-00-00,Le Caire,,,,,,,,
Alaric,Alaric,Alaric,Alaric Ier; Alaric,roi des Wisigoths de 395 à 410,"souverain, chef militaire",0400-00-00,Pteros,0410-12-00,Cosenza,,,,,,,,
Albane,Francesco,Albani,Albane; FRANÇOIS ALBANE; l'Albane; l’Albane; Albanes,peintre italien (1578-1660),"Collaborated with Annibale Carracci and Domenichino on many decorative schemes, including some in the Palazzo Farnese in Rome. He also painted altarpieces, idyllic landscapes, and allegorical paintings. Comment on works: Religious; Mythology",1578-03-17,Bologna,1660-10-04,Bologna,États pontificaux,,,,,,,
AlbertII,Albert,Albert II,Albert le Magnanime; Albert le Grand,"roi des Romains, duc d'Autriche","monarque | surnommé Albert le Magnanime Duc d'Autriche de 1404 à 1439, roi de Bohême et de Hongrie de 1437 à 1439 et roi des Romains de 1438 à 1439.",1397-08-16,Vienne,1439-10-27,Neszmély,Saint-Empire romain germanique,,,,,,,
AlbertoAlberti,Alberto,Alberti,Alberto Alberti; Alberto,cardinal italien de l’Église catholique au XVe s.,"prêtre catholique, évêque catholique | cardinal italien de 1439 à 1445.",1386-01-01,Florence,1445-08-00,Florence,république de Venise,,,,,,,
BenedettoAlberti,Benedetto,Alberti,Benedetto Alberti; Benedetto de gli Alberti,n/a,personnalité politique,1320-01-01,N/A,1388-01-01,N/A,,,,,,,,
BernardoAlberti,Bernardo,Alberti,Bernardo Alberti; Bernard Alberti,n/a,médecin | frère de Leon Battista Alberti.,,N/A,1360-01-01,N/A,,,,,,,,
CarloAlberti,Carlo,Alberti,Carlo di Lorenzo degli Alberti; Carlo Alberti; Carolum,,connu aussi sous le nom de di Lorenzo degli Alberti et frère de Leon Battista Alberti.,,,,,,,,,,,,
CherubinoAlberti,Cherubino,Alberti,Albert Dal Borge San Sepolcro; Cherubino Alberti; Messer Cherubino; Cherubin Albert,peintre et graveur italien (1553-1615),"Italian Renaissance mural painter, brother of Giovanni. Comment on works: Religious; History; Portraits",1553-02-24,Sansepolcro,1615-10-18,Roma,Italie,,,,,,,
CiprianoAlberti,Cipriano,Alberti,Giovanni di Cipriano Alberti; Cipriano Alberti,n/a,N/A | connu aussi sous le nom de Giovanni di Cipriano Alberti).,1335-00-00,N/A,1413-00-00,N/A,,,,,,,,
AlbertiDurante,Durante,Alberti,"Durante dal Borgo, Durante del Nero; Durante dal Borgo; Durante Alberti; Messer Durante; Durante",peintre italien,Italian painter. Comment on works: Religious | On trouve également Durante dal Borgo et Durante del Nero.,1538-01-01,Sansepolcro,1613-04-23,Roma,Italie,,,,,,,
Alberti,Famille,Alberti,Alberti,peintre,"The Alberti family was a major political and noble family in Florence, allies of the Medicis, with trading agencies across Europe. | famille",,,,,,,,,,,,
GiovanniAlberti,Giovanni,Alberti,Jean Alberti,peintre italien,"Italian Renaissance mural painter, brother of Cherubino.",1558-10-19,Sansepolcro,1601-08-10,Roma,Italie,,,,,,,
GiovanniII,Giovanni,Alberti,Giovanni,,fils de Cipriano Alberti,,,,,,,,,,,,
LeonBattistaAlberti,Leon Battista,Alberti,Leon Baptiste Albert; LEON BATTISTA ALBERTI; Leon Battista Alberti; Leon Battista; Leonis Baptistae de Albertis; Leo Baptista de Albertis; Leonis Baptistae Alberti; Leo Baptista Albertus; Baptistae de Albertis; LEON BAPTISTE ALBERT.; Leon Battista Alberti; LEON BATTISTA ALBERTI; Leon Batiste Alberti; Léon-Baptiste Albert; LEON BAPTISTE ALBERT; Leon Baptiste Albert; Léon Baptiste Albert; Leon Batiste Albert; Lepidam Lepidi; Leon Battista; Leon Baptiste; BAptiste Leon; Leon Batiste; Baptiste; Alberti; Bartoli; Lepido; Albert,"architecte, sculpteur, musicien humaniste italien (1404-1472)",Italian architect and famous architectural theoretician.,1404-02-14,Genova,1472-04-25,Roma,république de Gênes,,,,,,,
LorenzoAlberti,Lorenzo,Alberti,Lorenzo degli Alberti; Lorenzo Alberti,,"connu aussi sous le nom de Lorenzo degli Alberti, fils de Cipriano Alberti et père de Leon Battista Alberti",,,,,,,,,,,,
RomanoAlberti,Romano,Alberti,Nero Alberti da Sansepolcro; Romano Alberti,n/a,sculpteur ou sculptrice,1502-01-01,Sansepolcro,1568-01-01,N/A,,,,,,,,
MariottoAlbertinelli,Mariotto,Albertinelli,Marc Mariotto Albertinetti; Mariotto Albertinelli,peintre italien (1474-1515),Comment on works: Religious,1474-10-13,Firenze,1515-11-05,Firenze,Italie,,,,,,,
LaurentiusAlbertus,Laurentius,Albertus,"Lorenz Albrecht, Osterfrank, Ostrofrancus; Laurentius Albertus",n/a,"juriste, historien ou historienne, linguiste, écrivain ou écrivaine | linguiste",1540-00-00,Neustadt bei Coburg,1583-01-01,N/A,Allemagne,,,,,,,
GiovanniAlbertoAlbicante,Giovanni Alberto,Albicante,"il Meschino; il Furibondo""; il Bestiale""; Albicante",auteur,,,,,,,,,,,,,
Alcamene,Alcamène,Alcamène,Alcamène; d'Alcamene; Alcamenes; Alcamene,sculpteur grec du Ve siècle av. J-C,sculpteur ou sculptrice,0500-00-00,Lemnos,0400-00-00,N/A,Athènes,,,,,,,
AndreaAlciato,Andrea,Alciato,André Alciat; Alciato,jurisconsulte italien,"juriste, historien ou historienne, professeur ou professeure d'université, écrivain ou écrivaine | Ou ""Andrea Alciati"".",1492-05-08,Milan,1550-01-12,Pavie,France,,,,,,,
Alcibiade,Alcibiade,Alcibiade,Alcibiade,homme politique athénien,"personnalité politique, militaire, officier d'armée de terre",0450-00-00,Athènes,0404-01-01,Phrygie,Athènes,,,,,,,
Alcinoos,Alcinoos,Alcinoos,Alcinoos le Philosophe; Alcinoo,philosophe antique,"philosophe | Aussi connu sous le nom d' ""Alcinoos le Philosophe"".",,N/A,,N/A,,,,,,,,
HeinrichAldegrever,Heinrich,Aldegrever,ALBERT ALDEGRAF; Aldegrave,peintre et graveur allemand (1502-1561),Aldegrever published about one hundred ornamental designs in addition to his figurative compositions. His Italianate designs are carefully and imaginatively suited to Northern taste. Comment on works: Religious; History,1502-01-01,Paderborn,1555-00-00,Soest,Allemagne,,,,,,,
ClementVIII,Ippolito,Aldobrandini,Clément VIII; Papa Clemente Ottavo; Clement VIII,pape de l'Église catholique (1592-1605),"diplomate, prêtre catholique | Pape sous le nom de Clément VIII",1536-02-24,Fano,1605-03-03,Rome,États pontificaux,,,,,,,
PietroAldobrandini,Pietro,Aldobrandini,Pietro Aldobrandini; Cardinal Aldobrandin,cardinal de l'Église catholique romaine,"diplomate, prêtre catholique, évêque catholique",1571-03-31,Rome,1621-02-10,Rome,,,,,,,,
AlexandreLeGrand,Alexandre,Alexandre le Grand,Alexandre le Grand; Alessandro Magno; Alessandro Macedone; le Grand Alexandre; Alexandre le grand; Alessandro Magno; grand Alexandre,roi de Macédoine et conquérant de la Perse achéménide (356-323 av. J.-C.),"personnalité politique, chef militaire, monarque",0356-07-20,Pella,0323-06-10,Babylone,royaume de Macédoine,,,,,,,
HeronAlexandrie,"Héron, d'",Alexandrie,Héron d'Alexandrie; Héron l’Ancien,ingénieur et mathématicien grec du Ier siècle après J.-C.,"mathématicien ou mathématicienne, physicien ou physicienne, inventeur d'automates, ingénieur ou ingénieure, inventeur",0010-00-00,Alexandrie,0075-00-00,Alexandrie,,,,,,,,
AlessandroAlgardi,Alessandro,Algardi,L'Algarde; l’Algarde; l'Algarde; Algardi,sculpteur italien,"Considered the main rival of Bernini, Algardi was more moderate and classicizing in style and worked more directly in the decorative arts. Important projects include the tomb of Pope Leo XI in St. Peter's (completed 1644) and the free-standing marble group of The Beheading of St. Paul (finished 1644; Bologna, S. Paolo Maggiore). Innocent X Pamphili, who became pope in 1644, was one of Algardi's biggest patrons. Algardi also produced noteworthy designs for silver throughout his career. Comment on works: Sculptor, architect",1595-07-31,Bologna,1654-06-10,Roma,États pontificaux,,,,,,,
Dante,Dante,Alighieri,Dante; Dante Aliger; Danté,"poète, homme politique et écrivain florentin","Dante is universally recognized as the greatest poet of the Middle Ages. His masterpiece, the Divine Comedy (begun 1307 or 1314), contains many passages in which Dante expressed his appreciation of painting and sculpture, and the themes in the poem have challenged artists from the 14th century to the present day.",1265-05-30,Firenze,1321-09-13,Ravenna,République florentine,,,,,,,
Correge,Antonio,Allegri,"Corrège, Correggio; Antonio da Correggio; Antonio da Coreggio; Antonio da Corregio; Antoine de Correge; Antoine Corregio; ANTOINE CORREGE; le Corregge; le Corrége; le Correge; du Correge; Le Correge; le Corrége; Correggio; Corrége; Corregio; Corregge; Correge; Corége; Corrége; Corege",peintre italien de la Renaissance (1489–1534),"Born Antonio Allegri, Correggio was named after the town of his birth. His ability to manipulate light and shade to create luminous atmospheric effects was prized in religious paintings of the Italian Renaissance. Giorgio Vasari, a 16th-century biographer of artists, wrote, ""everything that is to be seen by his hand is admired as something divine."" Correggio was profoundly influenced by the style and technique used by the painter Andrea Mantegna. By the age of twenty-nine, Correggio was probably working in Parma, the center of his greatest activity. The frescoes he painted in the dome of the cathedral there served as a model of dome decorations long after his death. Correggio inspired future generations of artists as diverse as the Carracci family, Rubens, and Boucher. Italian painter, muralist. | Antonio Allegri da Correggio.",1489-08-30,Correggio,1534-03-05,Correggio,,,,,,,,
Alofili,,Alofili,Alofili,,divinité antique mentionnée par Lomazzo,,,,,,,,,,,,
Ingegno,Andrea,Aloigi Assisi,Ingegno; André Louis d’Assise,peintre italien,Comment on works: Religious | Andrea Aloigi dit L'Ingegno,1480-00-00,Assise,1521-00-00,N/A,Italie,,,,,,,
SaintJacquesMineur,Jacques d',Alphée,Jacques d'Alphée; le Mineur,peinture d'El Greco,N/A | dit Saint Jacques le Mineur,,N/A,,N/A,,,,,,,,
Althee,Althée,Althée,Althée; Altea,personnage de la mythologie grecque,N/A,,N/A,,N/A,,,,,,,,
BindoAltoviti,Bindo,Altoviti,Bindo Altoviti,banquier et mécène italien,banquier,1491-00-00,Florence,1557-02-22,Rome,,,,,,,,
FerdinandAlvareDeTolede,Ferdinand,Alvare de Tolède,Ferdinand Alvare de Tolède; Duc d’Albe,noble espagnol du XVIe siècle,"officier, militaire, diplomate, personnalité politique | Vice-roi de Naples de 1555 à 1558, gouverneur des Pays-Bas, duc d'Albe",1507-10-29,Piedrahíta,1582-12-11,Lisbonne,Espagne,,,,,,,
Amalasonte,Amalasonte,Amalasonte,Amalasonte; Amalafonte,reine des Ostrogoths,"personnalité politique, écrivain ou écrivaine | Régente (526-534) puis Reine des Ostrogoths (534-535).",0498-00-00,Ravenne,0535-04-30,île Martana,royaume des Ostrogoths,,,,,,,
Amalthee,Amalthée,Amalthée,Amalthée; Alphée,Océanide de la mythologie grecque,N/A,,N/A,,N/A,,,,,,,,
ChristophAmberger,Christoph,Amberger,Christophle Amberger,peintre allemand,,1505-00-00,Kaufbeuren,1562-01-01,Augsburg,Allemagne,,,,,,,
AngePolitien,Angelo,Ambrogini Poliziano,Ange Politien; Angelus Politianus; Ange Politian; ANge Politian,écrivain italien,N/A,1454-07-14,Montepulciano,1494-09-29,Firenze,République de Sienne,,,,,,,
JostAmman,Jost,Amman,Iusti Ammani Tigurini,"dessinateur, peintre et graveur (1539-1591)",Aussi connu sous le nom de Iusti Ammani Tigurini.,1539-05-12,Zürich,1591-03-17,Nürnberg,Allemagne,,,,,,,
BartolomeoAmmannati,Bartolomeo,Ammannati,Bartolomeo; Bartelemi,architecte et sculpteur italien,Ammanati was an influential Mannerist artist in the mid-16th century. He traveled in north and central Italy and incorporated developments there into his style. He is perhaps best known for having created the Fountain of Juno and the Fountain of Neptune and the courtyard of the Palazzo Pitti in Florence. Italian sculptor and architect. Comment on works: sculptor,1511-06-18,Settignano,1592-04-13,Firenze,Italie,,,,,,,
AmmienMarcellin,Ammien,Ammien Marcellin,Ammien Marcellin; Ammian Marcellin; Ammiam Marcellin,historien romain,"historien ou historienne, écrivain ou écrivaine, militaire, poète ou poétesse",0330-00-00,Antioche,0395-00-00,Rome,Rome antique,,,,,,,
ScipioneAmmirato,Scipione,Ammirato,Scipione Ammirato,historien italien,historien ou historienne,1531-10-07,Lecce,1601-01-11,Florence,,,,,,,,
Amphiaraos,Amphiaraos,Amphiaraos,Amphiaraos; Anfiarao,personnage de la mythologie grecque,N/A,,N/A,,N/A,,,,,,,,
Amphion,Amphion,Amphion,Amphion; Amfione,"personnage de la mythologie grecque, fils de Zeus",N/A,,N/A,,N/A,,,,,,,,
Amulius,Fabullus,Amulius,Fabullus ; Fabullo; Amulio Romano,n/a,"artiste peintre | connu également sous le nom Fabullus, ou Fabullo ; peut-être un roi légendaire",,N/A,,N/A,,,,,,,,
Amycos,Amycos,Amycos,Amycos; Roy Bebrie,roi des Bébryces dans la mythologie grecque,"roi, boxeur ou boxeuse | roi des Bébryces en Bithnye",,N/A,,N/A,,,,,,,,
Anacreon,Anacréon,Anacréon,Anacréon,poète lyrique grec de l'Antiquité,"poète ou poétesse, écrivain ou écrivaine, épigrammatiste, Hofmeister",0570-00-00,Téos,0485-01-01,Téos,,,,,,,,
Anaxagore,Anaxagore,Anaxagore,Anaxagore de Clazomènes; Anaxagore,philosophe présocratique,"mathématicien ou mathématicienne, philosophe, physicien ou physicienne, astronome, écrivain ou écrivaine",0500-00-00,Clazomènes,0428-00-00,Lampsaque,,,,,,,,
Anchise,Anchise,Anchise,Anchise; Anchises,"personnage de la mythologie grecque, père d'Énée",personnalité politique,,N/A,,N/A,,,,,,,,
LippoAndrea,"Lippo, d'",Andrea,Ambrogio di Baldese; LIPPO,"artist, painter","Formerly an unidentified Florentine artist with a similar hand as Ambrogio di Baldese. Since then, the artist has been identified as Lippo d'Andrea. Comment on works: religious | Ambrogio Di Baldese",1370-00-00,Florence,1500-00-00,N/A,,,,,,,,
Androcydes,Androcydès,Androcydès,Androcydès; Androcide,peintre grec,artiste peintre,0500-01-01,Cyzique,0400-01-01,N/A,,,,,,,,
Andromede,Andromède,Andromède,Andromède; Andromede,personnage de la mythologie grecque,N/A,,N/A,,N/A,,,,,,,,
JacquesAndrouetDuCerceau,Jacques,Androuet du Cerceau,du Cerceau; Ducerceau,graveur et architecte français (c. 1515-1585),French architect.,1510-00-00,Paris,1585-01-01,Paris,France,,,,,,,
SaintAndre,André,André,André; sainct André; Sant'Andrea; S. Andrea,apôtre du Christ,"prédicateur, missionnaire, pêcheur ou pêcheuse",0006-00-00,Bethsaïde,0060-11-30,Patras,Rome antique,,,,,,,
FraAngelico,Jean,Angelico,Fra Angelico; Frere Jean de Fiesole; Jean de Fiesole; Jean Angélic; Jean Angelic; JEAN ANGELIC,peintre italien dominicain du XVe siècle,"Giovanni da Fiesole, a working artist, became a Dominican monk around 1417. His sweet style earned him the nickname ""Angelico."" Fra Angelico practiced Masaccio's ideals of using realistic light to create solid, heroic forms. Around 1443 Fra Angelico and his assistants created fifty frescoes for their new monastery of San Marco in Florence. He died in Rome while painting for the pope. Comment on works: Religious",1400-01-01,Vicchio,1455-02-18,Roma,Italie,,,,,,,
MargueritedeNavarre,Marguerite,"Angouleme, de",Marguerite de Valois-Angoulême; Royne de Navarre; Reina di Navara,"sœur aînée du roi François Ier, femme de lettres, diplomate, protectrice d’écrivains et d’artistes, reine de Navarre (1492-1549)","écrivain ou écrivaine, poète ou poétesse, salonnier ou salonnière, dramaturge, roi | Marguerite de Valois-Angoulême",1492-04-11,Angoulême,1549-12-21,Odos,royaume de France,,,,,,,
JacquesAngouleme,Jacques d',Angoulême,Pierre Jacques; Jaques d'Angouleme,sculpteur français,,1520-00-00,N/A,1596-00-00,N/A,France,,,,,,,
EuropaAnguissola,Europa,Anguissola,Europe Angosciola,peintre italienne,"One of six sisters from a noble family of Cremona who were painters. Europa executed a portrait of their mother (untraced), according to Giorgio Vasari, a 16th-century biographer of artists, and she signed the ""Calling of Saints Andrew and Peter"" (Vidiceto, Parrocchiale).",1600-01-01,Crémone,1600-01-01,Italie,duché de Milan,,,,,,,
LuciaAnguissola,Lucia,Anguissola,Lucie Angosciola,peintre italienne,"One of six sisters who were artists. The sisters were from a noble family in Cremona. The family was visited by Giorgio Vasari, a 16th-century biographer of artists, after Lucia's death, and he wrote about her family and her art. Her primary works seem to have been portraits. She may have died in 1565, certainly before 1568.",1536-01-01,Cremona,1565-01-01,Cremona,duché de Milan,,,,,,,
SofonisbaAnguissola,Sofonisba,Anguissola,Sofonisbe Aigosciola; Sofonisbe,peintre italienne,"One of six sisters who were artists. The sisters were from a noble family in Cremona. They were visited by and written about by Giorgio Vasari, a 16th-century biographer of artists. Vasari seemed particularly taken with the talents of Sofonisba over the other sisters. Most of her remaining work are portraits, many are self-portraits. She was an attendant in the court at Madrid. She married the nobleman Fabrizio de Moncada, brother of the Viceroy of Sicily, Francesco II, and settled in Palermo, Sicily. In 1584, after his death, she married the Genoese nobleman Orazio Lomellino and moved to Genoa. Comment on works: Portraits",1535-00-00,Cremona,1625-11-16,Palermo,Crémone,,,,,,,
CharlesIAnjou,"Charles I, d'",Anjou,Charles Ier; Charles d’Anjou; Charles I,roi de Naples et de Sicile,personnalité politique | Roi de Naples,1226-03-21,Paris,1285-01-07,Foggia,France,,,,,,,
CharlesCalabre,"Charles, d'",Anjou,Duc de Calabre; Charles de Calabre,duc de Calabre,aristocrate | Duc de Calabre,1298-05-28,Naples,1328-11-09,Naples,,,,,,,,
ReneAnjou,René,Anjou,René d’Anjou; René de Sicile,"roi de Naples, duc d'Anjou et de Lorraine, comte de Provence, écrivain et mécène","monarque, poète ou poétesse, personnalité politique | dit le Bon Roi René Roi titulaire de Jérusalem de 1435 à 1480.",1409-01-16,Angers,1480-07-10,Aix-en-Provence,royaume de France,,,,,,,
SainteAnne,Anne,Anne,Anne; Saincte Anne; saincte Anne; Sant'Anna,mère de Marie de Nazareth,femme au foyer,0055-00-00,Bethléem,0012-00-00,Nazareth,Rome antique,,,,,,,
MichelangeloAnselmi,Michelangelo,Anselmi,Michel Ange Anselmi,peintre italien,Born in either Siena or Lucca. Comment on works: Religious | dit aussi lo Scalabrino,1492-01-01,Toscana,1556-01-01,Parma,Italie,,,,,,,
SegniaAntignano,Segna d',Antignano,Segnia d’Antignano,peintre,,,,,,,,,,,,,
Antigonus,,Antigonus,Antigonus; Antigono,,,,,,,,,,,,,,
Antinous,Antinoüs,Antinoüs,Antinoüs; Antinous,favori et amant de l'empereur romain Hadrien (vers 111-vers 130),favori,0111-00-00,Bolu,0130-10-00,Nil,Rome antique,,,,,,,
SainteMarguerite,Marguerite d',Antioche,Marguerite d'Antioche; Saincte Marguerite,martyre et sainte chrétienne,mémorialiste,0292-00-00,Antioche de Pisidie,0307-00-00,Antioche de Pisidie,,,,,,,,
Antiochos,Antiochos,Antiochos,père de Séleucos Ier,père de Séleucos Ier,militaire | Père de Séleucos Ier,0400-00-00,Orestide,0400-00-00,N/A,,,,,,,,
Antiphile,Antiphilos,Antiphile,Antiphilos; Antiphilus; Antiphile; Antifolo; Anphile,peintre de la Grèce antique,artiste peintre,0400-01-01,Égypte,0360-00-00,N/A,,,,,,,,
Antisthene,Antisthène,Antisthène le Corroyeur,Antisthène; Antistene le Corroyeur,philosophe antique,philosophe,0445-00-00,Le Pirée,0365-01-01,Athènes,Athènes,,,,,,,
MarcAntoine,Marc Antoine,Antoine,Marc Antoine; Marc Antonin,"triumvir, homme d'État romain","homme politique de la Rome antique, militaire romain",0083-01-14,Rome,0030-08-01,Alexandrie,Rome antique,,,,,,,
Antee,Antée,Antée,Antée; Anteo,personnage légendaire des mythologies grecque et berbère,"roi | géant, fils de Poséidon",,N/A,,N/A,,,,,,,,
Apama,Apama,Apama,épouse de Séleucos Ier,souveraine du royaume séleucide,consort | épouse de Séleucos Ier,0400-01-01,N/A,,N/A,,,,,,,,
Apaturius,,Apaturius,Apaturio,,,,,,,,,,,,,,
Apelle,Apelle,Apelle,Apelle; Appelles; Apellés; Appellés; Appelle; Apellés; Apelles; APELLE; Apelli; Apele,peintre grec de l'Antiquité,"artiste peintre, écrivain ou écrivaine",0370-00-00,Colophon,0306-00-00,Kos,,,,,,,,
PetrusApianus,Petrus,Apianus,L'Ingolstadius; Inglo Stadio,astronome et mathématicien allemand,"mathématicien ou mathématicienne, astronome, cartographe, professeur ou professeure d'université, cosmographe, éditeur ou éditrice, géographe, imprimeur ou imprimeuse, éditeur ou éditrice | Aussi connu sous le nom de L'Ingolstadius.",1495-04-16,Leisnig,1552-04-21,Ingolstadt,électorat de Saxe,,,,,,,
Apollodore,Apollodore,Apollodore,Apollodore; Apollodore Athenien; Apollodoro Ateniese; Apollodoro; Apolodore,peintre athénien,artiste peintre,0500-01-01,Attique,0460-00-00,N/A,Athènes,,,,,,,
Apollon,Apollon,Apollon,Apolline; Apollo Pythien; Apollone; Apollon; Appollo; Apollo; Phæbus; Apolon; Febo,"dieu de la musique, de la poésie, des oracles et des épidémies dans la religion grecque antique et la mythologie grecque","Sauroctones, archer ou archère | Son équivalent romain serait Phébus (ou Phœbus). En italien, on trouve aussi la forme ""Apolline"".",,Délos,,N/A,,,,,,,,
Apollonius,,Apollonius,Appollonius; Apollonius,,,,,,,,,,,,,,
Appien,Appien,Appien,Appien; Appian Alexandrin; Appian,historien grec de l'époque romaine,"historien ou historienne, écrivain ou écrivaine, avocat ou avocate, fonctionnaire",0095-00-00,Alexandrie,0165-00-00,Rome,Rome antique,,,,,,,
Aquilon,Aquilon,Aquilon,Aquilon,"Dieu romain des vents du Nord, froids et violents",N/A,,N/A,,N/A,,,,,,,,
ThomasAquin,Thomas d',Aquin,Thomas d’Aquin; Saint Thomas d’Aquin,"religieux de l’ordre dominicain, théologien, philosophe, docteur de l'Église (1225-1274)","théologien ou théologienne, professeur, prêtre catholique de rite romain, philosophe, écrivain ou écrivaine, théologien catholique, frère, professeur de théologie",1225-01-25,Roccasecca,1274-03-07,abbaye de Fossanova,,,,,,,,
Arachne,Arachné,Arachné,Arachné; Aragne,"femme de la mythologie grecque qui excellait dans l'art du tissage, métamorphosée en araignée",tisserand,,N/A,,N/A,,,,,,,,
AlphonseV,Alphonse,Aragon,Alphonse V; Alphonse Roy de Naples; Alfonse premier; Roy Alfonse,"roi d'Aragon, de Valence, de Naples, de Sicile et de Sardaigne (1416–1458)","souverain, homme d'État | Roi de Naples sous le nom d'Alphonse Ier",1396-02-24,Medina del Campo,1458-06-27,Castello dell’ovo,couronne de Castille,,,,,,,
Arcadius,Arcadius,Arcadius,Flavius Arcadius; Arcadius,empereur romain d'Orient de 395 à 408,personnalité politique,0377-01-01,Hispanie,0408-05-01,Constantinople,Empire byzantin,,,,,,,
Archifrone,,Archifrone,Archifrone,,"D'après Lomazzo, Archifrone serait selon Strabon l'architecte ayant conçu le Temple d'Artémis d'Ephèse.",,,,,,,,,,,,
GiuseppeArchimboldo,Giuseppe,Archimboldo,Giuseppe Arcimboldi; Archimboldi; Arcimboldo; Arcimboldi,peintre Maniériste italien (1527–1593),N/A,1527-01-01,Milano,1593-07-11,Milano,duché de Milan,,,,,,,
Archimede,,Archimède,Archimède; Archimede; Archimedi,physicien et mathématicien grec de Sicile,"mathématicien ou mathématicienne, physicien ou physicienne, astronome, inventeur, ingénieur militaire, philosophe, ingénieur ou ingénieure",0287-00-00,Syracuse ancienne,0212-01-01,Syracuse ancienne,Syracuse ancienne,,,,,,,
Archite,,Archite,Archite,,,,,,,,,,,,,,
ArchelaosI,Archélaos,Archélaos Ier,Archélaos Ier de Macédoine; Archelaüs Roi de Macedoine; Archelaus,roi de Macédoine de la dynastie des Argéades,"roi, sportif ou sportive",0500-01-01,royaume de Macédoine,0399-01-01,royaume de Macédoine,royaume de Macédoine,,,,,,,
GaleazzoArconati,Galeazzo,Arconati,Galeazzo Arconati; Galeazzo Lonato,n/a,N/A,1580-00-00,Milan,1649-11-09,Milan,,,,,,,,
ArdicesDeCorinthe,Aridicès,Ardicès de Corinthe,Aridicès; Ardice de Corinthe; Ardices de Corinte; Ardice Corinthien; Ardice Corinthio; Ardice,peintre antique,artiste peintre,,Corinthe antique,,N/A,,,,,,,,
Arellius,,Arellius,N/A; Arellius,n/a,artiste peintre,,N/A,,N/A,Rome antique,,,,,,,
MarchionneAretino,Marchionne,Aretino,Marchione,n/a,architecte,1250-00-00,Arezzo,,N/A,,,,,,,,
PietroAretino,Pietro,Aretino,L'Arétin; Pierre Aretino; P. Aretino; l’Aretin; l'Aretin; Aretin,écrivain et dramaturge italien,N/A,1492-04-00,Arezzo,1556-10-21,Venezia,république de Venise,,,,,,,
SpinelloAretino,Spinello,Aretino,SPINELLO; Spinello,peintre italien,"Great-uncle of Niccolò Spinelli (1430-1514), medalist. Student of Nardo and probably student of Agnolo Gaddi (died 1396), painter. Comment on works: religious",1350-00-00,Arezzo,1410-03-14,Arezzo,Italie,,,,,,,
PellegrinoAretusi,Pellegrino,Aretusi,Pellegrin de Modéne; Pelegrino de Modene; PELLEGRIN DE MODENE; Pelegrin de Modene; Pellegrino da Modena,peintre italien,Comment on works: Religious,1460-01-01,Modène,1523-01-01,N/A,,,,,,,,
MargaritoArezzo,"Margarito, d'",Arezzo,Margaritoné; MARGARITONE,"artist, painter",Comment on works: religious,1240-01-01,Arezzo,1290-00-00,N/A,Italie,,,,,,,
Argellius,,Argellius,Argellius,,A écrit sur l'architecture selon Monier,,,,,,,,,,,,
Ariane,Ariane,Ariane,Ariane,personnage de la mythologie grecque,N/A,,N/A,,N/A,,,,,,,,
JosephDArimathie,"Joseph, d’",Arimathie,Joseph d'Arimathie; Giuseppe d'Arimatìa; Joseph d'Arimathée; Joseph d’Arimathie,personnage du Nouveau Testament,législateur ou législatrice,0100-00-00,N/A,0100-00-00,N/A,,,,,,,,
LudovicoAriosto,Ludovico,Ariosto,Ariosto; Arioste,poète italien de la Renaissance,N/A | dit l'Arioste,1474-09-08,Reggio nell'Emilia,1533-07-06,Ferrara,,,,,,,,
AeliusAristide,Aelius,Aristide,Aelius Aristide; Aelian Aristide,écrivain et rhéteur grec de l'Antiquité,"écrivain ou écrivaine, philosophe",0117-11-26,Hadrianoi,0189-01-01,N/A,Rome antique,,,,,,,
Aristodeme,Artistodémé,Aristodème,Artistodémé; Aristodeme de Carie; Aristodeme,"personnage de la mythologie grecque, fille de Priam",N/A,,N/A,,N/A,,,,,,,,
Aristophane,,Aristophane,Aristophane,dramaturge grec antique,"auteur comique, dramaturge, poète ou poétesse, écrivain ou écrivaine",0448-00-00,Athènes,0386-01-01,Athènes,Athènes,,,,,,,
Aristote,Aristote,Aristote,Aristote; Aristotile; Aristorele; Aristotele,philosophe grec de l'Antiquité (384-322 av. J.-C.),"biologiste, cosmologiste, logicien ou logicienne, zoologiste, critique littéraire, mathématicien ou mathématicienne, éthicien ou éthicienne, épistémologue, philosophe politique, polymathe, philosophe du langage, écrivain ou écrivaine, philosophe, astronome, géographe, enseignant ou enseignante, tuteur ou tutrice, ontologiste, physicien ou physicienne, théologien ou théologienne, psychologue",0384-00-00,Stagire,0322-00-00,Chalcis,,,,,,,,
GeorgesDArmagnac,Georges d',Armagnac,Georges d'Armagnac; Cardinal d'Armainac,cardinal et diplomate français,"prêtre catholique, philosophe, diplomate, évêque catholique",1501-00-00,Gascogne,1585-07-10,Avignon,France,,,,,,,
GiovanniBattistiArmenini,Giovanni Battista Giovan Battista,Armenini,Giovan Battista Armellino; Giovanbattista Armelino; Gio. Battista Armellino; Gio. Battista Armenini; J. Armenini; Armenini; Armelino,"author, artist, writers, painter",N/A,1530-01-01,Faenza,1609-05-13,Faenza,,,,,,,,
LouisDArpajon,Louis d',Arpajon,Louis d’Arpajon; Monsieur le Viscomte d'Arpajou,général français,"diplomate, militaire | Comte puis Duc d'Arpajon de 1635 à 1679",1590-01-01,N/A,1679-04-01,Sévérac-le-Château,France,,,,,,,
Guariento,Guariento,Arpo,Guariento; Guerriero de Padoue,peintre italien,"He was the leading painter of his time in Padua and is first recorded there as a master in 1338. He also worked in Venice. Guariento was recorded in Padua in December 1367, but he had died by 22 September 1370. Comment on works: religious | Guerriero de Padoue chez Monier ?",1310-01-01,Piove di Sacco,1370-01-01,Padoue,,,,,,,,
Arrien,Arrien,Arrien,Arrien; Arrian,historien et écrivain grec du IIe siècle,"historien ou historienne, personnalité politique, philosophe, militaire, écrivain ou écrivaine",0089-01-01,Nicomédie,0175-01-01,Athènes,Rome antique,,,,,,,
ArsinoeII,Arsinoé,Arsinoé II,Arsinoé II; Arsinoe,"princesse macédonienne, fille de Ptolémée Ier",monarque,0316-01-01,Memphis,0270-01-01,Alexandrie,,,,,,,,
Artaxerxes,Artaxerxès,Artaxerxès,Artaxerxès Ier; Artaxerxes; Artaxerces; Artaxertes,roi achéménide,souverain,0500-01-01,N/A,0424-12-00,Suse,,,,,,,,
ArtaxiasI,Artaxias,Artaxias Ier,Artaxias Ier; Artaxes,roi d'Arménie,souverain,,N/A,0160-00-00,N/A,royaume d'Arménie,,,,,,,
ArtemiseI,Artémise,Artémise Iere,Artémise Ire; Reine Artemise; Artemisia; Artemise,satrape d'Halicarnasse,"personnalité politique, chef militaire",0500-00-00,Halicarnasse,0500-00-00,Éphèse,Empire achéménide,,,,,,,
Asclepios,Asclépios,Asclepios,Asclépios; Esculapio; Aesculape; Asclepio; Esculape,dieu gréco-romain de la médecine,N/A | Son équivalent romain serait Esculape.,,N/A,,N/A,,,,,,,,
Asclepiodore,,Asclépiodore,Asclepiodoro; Asclepiodore; Asclépiodore; Asclepidoro,,,,,,,,,,,,,,
AsiaNymphe,Asia,Asia,Asia; Nymphe Asie,Océanide de la mythologie grecque,N/A | Autre nom de Clymène ? Epouse du Titan Japet,,N/A,,N/A,,,,,,,,
TizianoAspetti,Tiziano,Aspetti,Titien de Padouë,sculpteur italien,dit Tiziano Minio Titien de Padouë chez Monier,1559-00-00,Padova,1606-01-01,Pisa,république de Venise,,,,,,,
SaintFrancois,François d',Assise,François d'Assise; Santi Francesco; santo Francesco; Saint François; saint Francois; San Francesco; S. Francesco; S. François,"saint catholique et fondateur de l'ordre franciscain, fin XIIe - début XIIIe siècle","poète ou poétesse, diacre catholique, écrivain religieux, écrivain ou écrivaine, prédicateur, missionnaire, clerc régulier, clerc catholique romain, fondateur ou fondatrice, pèlerin, théologien ou théologienne, mystique, fondateur d'ordre",1182-06-24,Assise,1226-10-03,Portioncule,,,,,,,,
Astaroth,Astaroth,Astaroth,Astaroth; Astarot,démon,N/A | déesse phénicienne,,N/A,,N/A,,,,,,,,
Astarte,Astarté,Astarté,Astarté; Astarthon,"déesse connue dans tout le Proche-Orient, de l'âge du bronze à l'Antiquité",N/A,,N/A,,N/A,,,,,,,,
Atalante,Atalante,Atalante,Atalante; Atalente,"personnage de la mythologie grecque, argonaute",N/A,,N/A,,N/A,,,,,,,,
Atargatis,Atargatis,Atargatis,Décerto; Atargate,ancienne divinité du nord de la Syrie,N/A | Divinité (assyrienne?) mentionnée par Lomazzo (Idea). On trouve aussi Dercéto chez les Grecs.,,N/A,,N/A,,,,,,,,
Athenodore,Athénodore,Athenodore,Athénodore; Athenodore,sculpteur grec,"sculpteur ou sculptrice, architecte",0100-00-00,Rhodes,0100-01-01,N/A,Rhodes,,,,,,,
Damon,"Damon, d'",Athènes,Damon le Musicien; Demone; Demon; Damon,théoricien de la musique antique,"personnalité politique, musicologue, théoricien ou théoricienne de la musique, philosophe",0450-00-00,Athènes,,N/A,Athènes,,,,,,,
GlyconAthenes,Glycon; d',Athènes,Glycon d'Athènes; Glicon d’Athénes; Glicon Atenien; Glicon Aténien,sculpteur grec,sculpteur ou sculptrice,0100-01-01,Athènes,0060-00-00,N/A,,,,,,,,
Metrodore,Metrodore d',Athènes,Métrodoros d'Athènes; Metrodoro; Metrodore,peintre et philosophe antique,"artiste peintre, philosophe",,N/A,,N/A,,,,,,,,
Philon,"Philon, d'",Athènes,Philon d’Athènes; Philon,architecte antique,architecte,0400-01-01,N/A,0360-00-00,N/A,Athènes,,,,,,,
Philostrate,"Philostrate, d'",Athènes,Philostrate d'Athènes; Philostrate; Filostrate; Filostrato,orateur et biographe romain de langue grecque du IIe siècle,"écrivain ou écrivaine, sophiste, orateur ou oratrice, philosophe",0170-01-01,Lemnos,0250-00-00,Athènes,Rome antique,,,,,,,
AttaleII,Attale,Attale II,Attale II Philadelphe; Attalus,roi de Pergame (220-138 av. J.-C.),personnalité politique,0220-01-01,N/A,0138-01-01,Pergame,,,,,,,,
IsottadegliAtti,"Isotta, degli",Atti,Isotta degli Atti,n/a,aristocrate | st une noble italienne du XVe siècle. Elle est la troisième épouse de Sigismond Malatesta.,1432-00-00,Rimini,1474-07-09,N/A,,,,,,,,
TitusAtticus,Titus Pomponius,Atticus,Atticus; Pomponius Atticus; Attique,"chevalier romain, ami et correspondant de Cicéron","écrivain ou écrivaine, philosophe, banquier, poète ou poétesse, historien romain de l'antiquité, annaliste, homme politique de la Rome antique",0109-00-00,Rome antique,0032-00-00,Rome,Rome antique,,,,,,,
Attila,Attila,Attila,Attila; Attilla,roi des Huns de 434 à 453,chef de tribu | Roi des Huns de 434 à 453,0395-00-00,N/A,0453-00-00,Pannonie,Empire hunnique,,,,,,,
Auguste,Auguste,Auguste,Auguste; Octavian Auguste; Cesare Augusto; Octavian Cesar; Auguste Cesar; Octavian; Octavien,premier empereur romain de 27 av. J.-C. à 14,"homme politique de la Rome antique, militaire romain",0063-00-00,Rome,0014-08-19,Nola,Rome antique,,,,,,,
AuluGelle,Aulu-Gelle,Aulu-Gelle,Aulu-Gelle; Aule Gelle; Gellio,grammairien et compilateur latin de la Rome antique,"écrivain ou écrivaine, juriste, grammairien, compilateur ou compilatrice, militaire, poète ou poétesse, philosophe",0123-00-00,Rome,0165-00-00,Rome,Rome antique,,,,,,,
Aurelien,Aurélien,Aurelien,Aurélien; Aurelien,empereur romain de 270 à 275,personnalité politique | Empereur romain de 270 à 275.,0214-09-09,Sirmium,0275-09-25,Çorlu,Rome antique,,,,,,,
CharlesDAutriche,Charles d',Autriche,Charles d'Autriche; Carlo principe di Spagna,"fils de Philippe II d'Espagne, prince de Asturies","N/A | Aussi connu sous le nom de ""don Carlos"".",1545-07-08,Valladolid,1568-07-24,Madrid,Espagne,,,,,,,
IsabelleClaireEugenieDAutriche,"Isabelle Claire Eugenie, D'",Autriche,InfanteIsabelle; l'lnfante Isabelle; Infante Isabelle,femme politique espagnole,personnalité politique,1566-10-12,Ségovie,1633-12-01,région métropolitaine de Bruxelles,Espagne,,,,,,,
JacopoAvanzi,Jacopo,Avanzi,Jacob d’Avanzi,peintre italien,"At least two painters of this name were recorded in Bologna, leading to confusion.",1350-00-00,Bologne,1416-01-21,N/A,,,,,,,,
Azarias,,Azarias,N/A; Azarias,n/a,cohen,,Terre d'Israël,,Terre d'Israël,royaume de Juda,,,,,,,
Baal,Baal,Baal,Baal,divinité du Proche-Orient,N/A | divinité de peuples sémitiques antiques,,N/A,,N/A,,,,,,,,
Bacchus,Bacchus,Bacchus,Bacchus; Dionisio; Bachus; Baccus; Denis; Bacco,dieu romain,N/A,,N/A,,N/A,,,,,,,,
DominiqueBachelier,Dominique,Bachelier,Dominique Bachelier,architecte français,N/A,1530-01-01,N/A,1594-01-01,N/A,France,,,,,,,
NicolasBachelier,Nicolas,Bachelier,Nicolas Bachelier; Bachillies; Bachelier; BAchelier,"maître-maçon, ingénieur, architecte, et sculpteur français",French wood-carver.,1487-01-01,Arras,1556-01-01,Toulouse,France,,,,,,,
SistoBadalocchio,Sisto,Badalocchio,Siste Badalocchi; Sisto Badalocchi,peintre et graveur italien (1585-1647),,1585-06-28,Parma,1647-01-01,Parme,Italie,,,,,,,
AntonioBadile,Antonio,Badile,Antoine Badille; Badile,peintre italien de la renaissance,N/A,1518-01-01,Verona,1560-01-01,Verona,république de Venise,,,,,,,
GiovanniBaglione,Giovanni,Baglione,Gio. Baglione Romano; C. Baglioni; Baglioni; Baglion,peintre italien,Comment on works: Religious,1566-00-00,Roma,1643-12-30,Rome,Italie,,,,,,,
BaccioBaldini,Baccio,Baldini,Baccio Baldini,graveur italien (1436-1487),N/A,1436-01-01,Florence,1487-01-01,Firenze,,,,,,,,
BernardinoBaldini,Bernardino,Baldini,Bernardino Baldini; Bernardini Baldini; Baldino,n/a,"mathématicien ou mathématicienne, poète ou poétesse, médecin",1515-00-00,Intra,1600-01-12,Milan,,,,,,,,
AlessoBaldovinetti,Alesso,Baldovinetti,Allexis Baldovinetti,peintre italien,Italian painter. Comment on works: religious,1425-10-23,Firenze,1499-09-07,Firenze,Italie,,,,,,,
SaintBasile,Basile,Balise,Basile d'Amasée; Saint Basile; S. Basile; S. Basil,évêque et saint,prêtre,0296-00-00,Amasya,0322-00-00,Nicomédie,Rome antique,,,,,,,
BaccioBandinelli,Baccio,Bandinelli,Baccius Bandinelli; BACCIO BANDINELLI; Baccio Baldinelli; Baccio Bandinelli; Baccio Bandinelle; Baccio Baldini; Bandinelle; Bandinelli,sculpteur italien,"Bandinelli was the son of Michelangelo de'Brandini, a successful Florentine goldsmith. Baccio was a loyal subject of the Medici, even when they were in exile 1494-1513; consequently he was rewarded by receiving commissions after the elections to the papacy of Leo X (Giovanni de' Medici) and Clement VII (Giulio de' Medici), and after Cosimo de' Medici became Grand Duke of Tuscany in 1537. His political patronage made him unpopular with most Florentines, including Michelangelo, who were Republicans and criticized his art works. Florentine sculptor and architect. Comment on works: Sculptor &amp; painter; Religious | connu sous le nom de Baccio Bandinelli",1493-11-12,Gaiole in Chianti,1560-02-07,Firenze,République florentine,,,,,,,
GiovanniBandini,Giovanni,Bandini,Giovanni dell'opera,sculpteur italien,N/A | dit aussi Giovanni dell'Opera,1540-01-01,Florence,1599-01-01,Florence,Italie,,,,,,,
SaintJeanBaptiste,Jean,Baptiste,Jean le Bapstiste; San Giovanni Evangelista; Sainct Jean Baptiste; Saint Jean Baptiste; Saint Jean-Baptiste; saint Jean Batiste; S. Jean Baptiste,cousin de Jésus et prophète selon les Évangiles,ermite,0006-00-00,Ein Kerem,0030-00-00,Macheronte,,,,,,,,
JacopoDeBarbari,Jacopo,"Barbari, de'","Jacopo de' Barbari ou Jacopo di Barberino, Jacques de Barbary, Iacopo de' Barbari, ou avec les suivants noms de famille : de Barbari, de Barberi, Barbaro, Barberino, Barbarigo, Barberigo","painter, printmaker and miniaturist","He was born about 1450 and may have been in contact with Dürer when the German artist first visited Venice in 1494. In 1500 Barbari was working in Dürer's home town, Nuremberg, as painter to the emperor. Barbari subsequently worked at other German courts and ultimately in the Netherlands, in the service of Mary of Austria",,Venezia,1516,,,,,,,,,
DanieleBarbaro,Daniele,Barbaro,Monsieur DANIEL Barbaro Patriarche d'Aquilée; Mr. Barbaro Partiarche d'Aquilée; Mr. Barbaro Patriarche d'Aquilée; Barbaro Patriarche d'Aquilée; Patriarca d'Acquileia; Patriarche d'Aquilée; Patriarca d'Acquilea; Monsignor Barbaro; Daniel Barbaro; Mr. Barbaro; Barbaro,cardinal de l'Église catholique romaine,"Venetian patron and architectural theorist. | patriarche d'Aquilée à partir de 1550. Lomazzo le désigne avec la périphrase ""il Patriarca d'Acquileia"".",1513-02-08,Venezia,1570-04-13,Venezia,république de Venise,,,,,,,
DanieleMatteoAlviseBarbaro,Daniele Matteo Alvise,Barbaro,Daniel en français,,,,,,,,,,,,,,
HermolaoBarbaro,Hermolao,Barbaro,Hermolao Barbaro; Hermolaus,diplomate italien,"philosophe, linguiste, prêtre, diplomate, érudit classique, traducteur ou traductrice, entomologiste, poète ou poétesse",1453-05-21,Venise,1493-06-14,Rome,république de Venise,,,,,,,
SainteBarbe,Barbe,Barbe d'Héliopolis,Barbe la grande martyre; Saincte Barbe; sainte Barbe,martyre chrétienne,"thaumaturge, prisonnier ou prisonnière",0273-00-00,Nicomédie,0306-00-00,Nicomédie,,,,,,,,
AntonioBarberini,Antonio,Barberini,Antonio Barberini; Antonio Barberin,cardinal italien (1607-1671),"prêtre catholique, évêque catholique",1607-08-05,Rome,1671-08-03,Nemi,France,,,,,,,
FrancescoBarberini,Francesco,Barberini,Francesco Barberini; Cardinal Barberin,cardinal italien (1597-1679),"prêtre catholique, commissaire",1597-09-23,Florence,1679-12-10,Rome,,,,,,,,
UrbainVIII,Maffeo,Barberini,Urbain VIII; papa Urbano ottavo; Pape Urbain VIII,235e pape de l’Église catholique (1623-1644),"prêtre catholique, mécène, écrivain ou écrivaine, évêque catholique | Pape sous le nom d'Urbain VIII",1568-04-05,Florence,1644-07-29,Rome,États pontificaux,,,,,,,
LouisBarbierDeLaRiviere,Louis,Barbier de La Rivière,Louis Barbier de La Rivière; Monsieur l'Evesque de Langres,n/a,"prêtre catholique, évêque catholique | Eveque de Langres de 1655 à 1670",1593-01-01,Vandélicourt,1670-01-01,Paris,France,,,,,,,
DomenicoDelBarbiere,Domenico,Barbiere,Domenico del Barbiere; Dominique Florentin; Dominique del Barbieri,"sculpteur, stucateur, graveur, peintre et architecte italien de la Renaissance","Probably born in Florence. Italian artist and architect. Comment on works: Sculptor; Stucco worker; Painter | ou Domenico Ricoveri del Barbiere, Domenico Fiorentino Dominique Florentin en français",1501-00-00,Firenze,1570-00-00,Paris,Italie,,,,,,,
Guerchin,Giovanni Francesco,Barbieri,Le Guerchin; le Guerchin d'Accentes; LE GUERCHIN DACENTO; FRANCOIS BARBIERI; le Guerchin; le Guarchin; Guarchins; Guerchin; Guarchin; Barbieri,peintre italien,"Son of a laborer who transported wood. He was called Guercino (squinter), because he was cross-eyed or had a squint in his right eye. Reputedly self-taught early, then an apprentice in the shop of Benedetto Gennari. Patrons included the papal legate at Ferrara and the Archbishop of Bologna. He developed a classical style later in his career. After the death of Guido Reni, Guercino was the leading artist in Bologna. He is also known as a brilliant draftsman.",1591-02-08,Cento,1666-12-22,Bologna,États pontificaux,,,,,,,
PaulII,Pietro,Barbo,Paul II; Paul Venitien; Paul second,"211e pape de l'Église catholique, de 1464 à 1471","prêtre catholique, numismate | Pape sous le nom de Paul II",1417-02-23,Venise,1471-07-26,Rome,république de Venise,,,,,,,
JeanBarbé,Jean,Barbé,Jean Barbé,"marchand, libraire et imprimeur français","éditeur ou éditrice, imprimeur ou imprimeuse",,N/A,1547-00-00,N/A,France,,,,,,,
HannibalBarca,Hannibal,Barca,Hannibal Barca; Hannibal de Carthage; Anniballe; Annibale; Hannibal; Annibal; Anibal,général et homme d'État carthaginois,"personnalité politique, chef militaire",0247-01-01,Carthage,0183-01-01,Gebze,civilisation carthaginoise,,,,,,,
GiulioBardini,Giulio,Bardini,Giulio Bardini,,gentilhomme associé à l'Académie de Saint-Luc.,,,,,,,,,,,,
DirckBarendsz,Dirck,Barendsz,Dietrich Barent; Teodoro Bernart d'Amsterdam; Diteric Barent; DITERIC BARENT,peintre néerlandais,"On trouve ""Teodoro Bernart"" chez Lomazzo (Idea).",1534-01-01,Amsterdam,1592-05-26,Amsterdam,Provinces-Unies,,,,,,,
GiovanniBarile,Giovanni,Barile,Giovanni Barile; Jean Barile,"carvers, artist, woodcarvers, decorative artist, painter, sculptor",,1439,N/A,1529-01-01,N/A,,,,,,,,
TommasoBarlacchi,Tommaso,Barlacchi,Thomas Barlachij; Thomas Barlachy,"artist, publishers, engraver, printmaker",N/A,1500,N/A,1600,N/A,,,,,,,,
Barnaba,,Barnaba,Messer Barnaba,,membre de la commission initiale appelée à se prononcer sur la controverse entre Bassi et Tibaldi à propos du Dôme de Milan.,,,,,,,,,,,,
CesareBaronio,Cesare,Baronio,Baronius,cardinal de l'Église catholique romaine,"bibliothécaire, historien ou historienne de l'Église, historien ou historienne, écrivain ou écrivaine, prêtre catholique, diacre catholique, évêque catholique",1538-08-30,Sora,1607-06-30,Rome,,,,,,,,
JacopoBarozziDaVignola,Jacopo,Barozzi da Vignola,Vignole; Jacques Baroches de Vignole; Jacques Barozzi de Vignole; Jacques Barozzo; Iacomo Barrozzi; IACOMO BAROZZI; Le Vignole; le Vignole; Vignola; Barozzo; Jacomo Barrozzi,architecte italien,"Italian architect. | dit da Vignola, le Vignole en français",1507-10-01,Vignola,1573-07-07,Roma,États pontificaux,,,,,,,
CosimoBartoli,Cosimo,Bartoli,Cosimo Bartoli; COSIMO BARTOLI; Bartoli,littérateur et philologue italien,N/A,1503-12-20,Firenze,1572-10-25,Firenze,,,,,,,,
PietroBartoli,Pietro,Bartoli,Pietro Bartoli; Bartoli,n/a,typographe,,N/A,,N/A,,,,,,,,
TaddeoDiBartolo,Taddeo,Bartolo,Taddeo di Bartolo; TADEO BARTOLO,peintre italien,Comment on works: religious,1362-01-01,Sienne,1422-08-26,Sienne,Italie,,,,,,,
FraBartolomeo,Fra,Bartolomeo,Fra Bartolomeo; Frà Bartolomée de saint Marc; Fra Bartolomée de Saint Marc; Berthelemy de saint Marc; frere Barthelemy; Frà Bartolomée; Dom Bartolomée,peintre italien,N/A,1472-03-28,Firenze,1517-10-31,Firenze,République florentine,,,,,,,
DomenicoVeneziano,"Domenico, di",Bartolomeo,Domenico Veneziano; Dominique Venitien,peintre italien,Comment on works: religious | dit Domenico Veneziano,1410-01-01,Venise,1461-05-24,Florence,république de Venise,,,,,,,
MarcoBasaiti,Marco,Basaiti,Marc Basarini; le Bassiti,peintre italien,"Recent scholarship has corrected Vasari's assertion that Marco Basarini and Marco Basaiti were separate people. The artist signed his work variously. It has been stated that he was of Albanian or Greek origin, and also that he was born in Friuli: none has been conclusively proven. Comment on works: religious, Portraits | Marc Basarini chez Monier",1470-01-01,Venise,1530-01-01,Venezia,république de Venise,,,,,,,
Basiliscus,Basiliscus,Basiliscus,Basiliscus; Basilicus,empereur byzantin de 475 à 476,"personnalité politique, militaire | Empereur byzantin de 475 à 476.",0500-01-01,Cappadoce,0476-01-01,Cappadoce,Empire byzantin,,,,,,,
Bassano,famille,Bassano,des Bassans; les Bassans; Bassani; Bassans,"families, artist, painter","Family of painters active in the Veneto, with a workshop in Bassano.",,N/A,,N/A,,,,,,,,
FrancescoBassanoIlVecchio,Francesco I,Bassano,Francois de Ponte; Francois du Pont,peintre italien,"Painter in the Veneto. He was born in Vicenza, son of a tanner; after training in Venice he established himself as a painter at Bassano. Despite the war between Venice and the League of Cambrai (1508-1518), Francesco's workshop was successful during this time. He served on the town council of Bassano del Grappa, in the Veneto. His sons and several other descendants were also artists. Comment on works: Religious | connu sous le nom de Francesco Bassano il Vecchio, l'Ancien en français",1475-00-00,Vicenza,1539-01-01,Bassano del Grappa,république de Venise,,,,,,,
FrancescoBassano,Francesco II,Bassano,FRANCOIS BASSAN; François Bassano,peintre italien,"Grandson of Francesco Bassano I and son of Jacopo. He worked in the Bassano family workshop along with his three brothers in Bassano; he moved to Venice to oversee a branch of the business. Known for historical paintings in the Doge's Palace, Venice. | connu sous le nom de Francesco Bassano il Giovane, le Jeune en français",1549-01-07,Bassano del Grappa,1592-01-01,Venezia,république de Venise,,,,,,,
GerolamoBassano,Gerolamo,Bassano,Jérôme Bassan; Jerôme Bassan,peintre italien,Comment on works: Religious; Mythology | connu sous le nom de Gerolamo Bassano,1566-06-03,Bassano del Grappa,1621-11-08,Venezia,Italie,,,,,,,
GiovanniBattistaBassano,Giovanni Battista Giambattista,Bassano,Jean Baptiste Bassan; Jean-Baptiste Bassan; Jean-Batiste Bassan; Giovanni Battista Bassano,peintre italien,Comment on works: religious | connu sous le nom de Giovanni Battista Bassano,1553-03-04,Bassano del Grappa,1613-03-09,Bassano del Grappa,république de Venise,,,,,,,
JacopoBassano,Jacopo,Bassano,Giacomo Bassano; JACQUES DU PONT; secondo Bassano; Jacques du Pont; Jacques Bassan; Jacob de Ponte; le Bassan; Le Bassan; LE BASSAN; Bassani; Bassano; Bassan,peintre vénitien,"Son and student of Francesco Bassano I. He studied with Bonifazio de' Pitati in Venice, but returned to Bassano upon his father's death. Jacopo is best known for landscapes and genre scenes. | connu sous le nom de Jacopo Bassano",1510-01-01,Bassano del Grappa,1592-02-14,Bassano del Grappa,république de Venise,,,,,,,
LeandroBassano,Leandro,Bassano,LE CHEVALIER LEANDRE; Chevalier Léandre,peintre italien,"Comment on works: Religious, Allegory | connu sous le nom de Leandro Bassano",1557-06-10,Bassano del Grappa,1622-04-15,Venezia,république de Venise,,,,,,,
MartinoBassi,Martino,Bassi,MARTINUS BASSIUS S.; MARTINO BASSI; Martino Bassi; Bassi,architecte italien,,1542-01-01,Seregno,1591-01-01,Milan,,,,,,,,
JeanBaudouin,Jean,Baudouin,Jean Baudouin; Baudouin,professeur d'université français,professeur ou professeure d'université,1944-01-19,Angers,,N/A,France,,,,,,,
JeromeBaullery,Jérôme,Baullery,Jérôme Baullery,peintre français,,1532-00-00,Paris,1598-00-00,Paris,France,,,,,,,
JohannWilhelmBaur,Johann Wilhelm,Baur,Guillaume Baure; GUILLAUME BAUR; Guillaume Baur,peintre et graveur allemand (1607-1640),Comment on works: Landscapes; battles,1607-05-31,Strasbourg,1640-01-00,Vienne,Allemagne,,,,,,,
Sodoma,Giovanni Antonio,Bazzi,Sodoma; le Sodome,peintre italien,"Sodoma dominated Sienese painting and worked successfully throughout Italy. He was a shoemaker's son; after learning the rudiments of painting in his hometown, he saw Leonardo da Vinci's art in Milan around 1497 and soon incorporated his sfumato effects. Sodoma lived in Siena for about eight years, then went to Rome in 1508, where he frescoed a ceiling at the Vatican. By 1529 Sodoma was a kind of official painter to the Sienese Republic. Eight years later he was working beyond its borders, but he resettled there around 1545. Italian painter. | dit le Sodome",1477-01-01,Vercelli,1549-00-00,Siena,Italie,,,,,,,
CharlesBeaubrun,Charles,Beaubrun,Charles Baubrun,peintre français,,1604-01-01,Amboise,1692-01-01,Paris,France,,,,,,,
HenriBeaubrun,Henri,Beaubrun,Henri Baubrun,peintre français,,1603-02-02,Amboise,1677-05-17,Paris,France,,,,,,,
LouisBeaubrun,Louis,Beaubrun,Loüis Baubrun,"artist, court painter, engraver, etcher, painter",,1537,Amboise,1627-11-24,Paris,,,,,,,,
DomenicoBeccafumi,Domenico,Beccafumi,Domenique Beccafumi; Dominique Beccafumi; DOMINIQUE BECCAFUMI; Dominique Bacafumi; Mecherin de Sienne; Dominique Becafumy; MICARIN DE SIENNE; Mecarino; Becafumi,peintre et sculpteur italien,"Italian artist. Comment on works: History | Aussi connu sous le nom ""Il Mecarino""",1484-00-00,Castelnuovo Berardenga,1551-05-15,Siena,Italie,,,,,,,
LorenzoBeccafumi,Lorenzo,Beccafumi,N/A; Lorenzo Beccafumi,n/a,N/A | Aristocrate et ambassadeur de Sienne Protecteur de Domenico Beccafumi,,N/A,,N/A,,,,,,,,
GirolamoBeccaria,Girolamo,Beccaria,Gerolamo Beccaria,,l’Illustrato de l'Accademia degli Affidati dans L'Origine de Zuccari,,,,,,,,,,,,
Belchim,,Belchim,Belchim,,dieu (amorrite ?) mentionné par Lomazzo,,,,,,,,,,,,
FrancoisBelin,François,Belin,Francois Bellin; Francois Belin,"artist, painter",,1620,N/A,1720,N/A,,,,,,,,
JacquesBellange,Jacques,Bellange,Bellange; Belange,graveur et peintre lorrain (1575-1616),"Idiosyncratic artist who may have been born and may have trained in Bassigny. He is known today through his etchings and drawings, as all of his decorative works and most of his paintings are lost. He was influenced by Italian artists as Parmigianino, by the School of Fontainebleau and by northern artists such as Albrecht Durer and Bartholomeus Spranger. His highly refined work, among the latest and most extreme expressions of Mannerism, seems to express a private and nervous religious sensibility. Comment on works: Religious",1575-01-01,Bassigny,1616-01-01,Nancy,France,,,,,,,
BartolomeoBellano,Bartolomeo,Bellano,Vellano,artiste italien,Comment on works: sculptor,1437-01-01,Padova,1496-01-01,Padova,république de Venise,,,,,,,
JehanBellegambe,Jean Jehan,Bellegambe,Jean belle Jambe,peintre français,Comment on works: religious,1470-00-00,Douai,1534-00-00,Douai,Pays-Bas méridionaux,,,,,,,
SilvioBelli,Silvio,Belli,Silvio Belli; Silvio de' Belli,n/a,mathématicien ou mathématicienne,1510-00-00,Vicence,1579-00-00,Ferrare,république de Venise,,,,,,,
Bellini,famille,Bellini,,"families, artist",N/A,,N/A,,N/A,,,,,,,,
GentileBellini,Gentile,Bellini,Gentil Bellin; GENTIL BELLIN; Gentile; Bellin; Gentil,peintre italien,"He was the son of Jacopo Bellini. He became an official painter of the Venetian Republic and was the dominant figure in Venetian art for several decades in the latter half of the 15th century. He is most noted for portraits and large narrative paintings in which the city and its inhabitants are depicted in great detail. Son of Jacopo Bellini [RARF48789]; elder brother of Giovanni Bellini [RARF53442]. Comment on works: Portraits, religious",1429-01-01,Venise,1507-02-23,Venise,république de Venise,,,,,,,
GiovanniBellini,Giovanni,Bellini,Giovanni Bellino; Joannes Bellinus; Giovan Belino; Jean Bellin; JEAN BELLIN; Jean Bélin; Jean Belin; Giovanni; Bellin,peintre italien de la Renaissance,"Giovanni was a leading master in 15th-century Venice. He expanded his workshop after ca. 1490, training and influencing his numerous shop-hands, imitators (generically known as Belliniani), and several major Venetian painters of the next generation. Giovanni absorbed a wide range of artistic influences, both from within the Venetian tradition and from outside. He inspired a technical revolution in the art of painting, gradually abandoning the traditional Italian medium, egg tempera, to instead use the technique of oil painting that had been pioneered in the Netherlands. Italian painter. Comment on works: Religious; portraits | dit Giambellino ou Zambellin",1430-01-01,Venezia,1516-11-29,Venezia,république de Venise,,,,,,,
JacopoBellini,Jacopo,Bellini,JACQUES BELLIN; Jacques Bellin,peintre vénitien du XVe siècle,"Italian painter, born in Venice likely in 1396 and died in that same city. Jacopo was an influential artist in his time, although most of his paintings are now lost. His surviving works are primarily small-scale, intimate devotional paintings and around 300 drawings (in two volumes, Paris, Louvre and London, British Museum). The drawings are unique among surviving 15th-century drawings for one artist, in terms both of the number and scope of the works. Jacopo's large-scale picture cycles and most important commissioned works have been destroyed, and are known only through documentary evidence and contemporary sources. Italian painter, Venice. Comment on works: Portraits, religious",1396-01-01,Venezia,1470-01-01,Venezia,république de Venise,,,,,,,
NicolosiaBellini,Nicolosia,Bellini,Nicolosia Bellini,"fille de Iacopo Bellini, épouse de Mantegna",N/A | Fille de Jacopo Bellini et femme d'Andrea Mantegna,1453-01-01,Venise,1460-01-01,Mantoue,république de Venise,,,,,,,
VittoreBelliniano,Vittore,Belliniano,Victor Bellin,peintre italien,"Comment on works: religious, Portraits",1456-01-01,N/A,1529-01-01,Venise,république de Venise,,,,,,,
GiovanniPietroBellori,Giovanni Pietro,Bellori,Piétre Bellori; Pietre Bellori; Ballori,écrivain italien,"Italian antiquarian and biographer. Comment on works: Painter; Art author, Art collector; Small Landscapes",1613-01-15,Roma,1696-02-19,Roma,,,,,,,,
Belus,Bélos,Belus,Bélos; Belus; Belo,"personnage de la mythologie grecque, fils de Poséidon et de Lybie",N/A,,N/A,,N/A,,,,,,,,
PietroBembo,Pietro,Bembo,Cardinal Bembo; Pietro Bembo; le Bembo; Bembo,cardinal de l'Église catholique romaine,"Venetian scholar, poet, literary theorist, and cardinal. He was an influential figure in the development of Tuscan Italian as a literary medium; also, his writings helped to bring about the revival of interest in the works of Petrarch, and the formation of the most important secular musical form of the 16th century, the madrigal.",1470-05-20,Venezia,1547-01-18,Roma,république de Venise,,,,,,,
GinevraBenci,Ginevra,Benci,GinevraDAmerigoBenci; Ginevra di Amerigo Benci,"aristocrate du 15ème siècle de Florence, dont Léonard de Vinci a peint le portrait",mannequin | ou Ginevra d'Amerigo Benci,1457-01-01,Florence,1490-00-00,N/A,,,,,,,,
GiovanniBattistaBenedetti,Giovanni Battista,Benedetti,Giovanni Battista Benedetti; Benedetti,mathématicien italien,"mathématicien ou mathématicienne, physicien ou physicienne, architecte, musicologue, astronome, théoricien ou théoricienne de la musique",1530-08-14,Venise,1590-01-20,Turin,république de Venise,,,,,,,
SainteCatherineDeSienne,Catherine,Benincasa,Catherine de Sienne; Sainte Catherine de Sienne,"tertiaire dominicaine, docteur de l’Église, mystique et théologienne italienne, sainte catholique","religieuse catholique, personnalité politique, philosophe, diplomate, mémorialiste, écrivain ou écrivaine",1347-03-25,Sienne,1380-04-29,Rome,,,,,,,,
Bernin,Gian Lorenzo,Bernini,Le Bernin; Le Cavalier Berninena; le Chevalier Bernin; Chevalier Bernin; le Bernin,"sculpteur, architecte et peintre italien du XVI siècle (1598–1680)","Italian sculptor, architect, painter, and designer who is considered to be the supreme artist of the Italian Baroque. His important patrons included the Barberini and Borghese families. Italian architect. Comment on works: sculptor | dit Le Bernin",1598-12-07,Napoli,1680-11-28,Roma,Italie,,,,,,,
GiovanBattistaBertani,Giovan Battista,Bertani,GIOVAN BATTISTA BERTANI,architecte italien,,1516-01-01,Mantova,1576-04-02,Mantova,Italie,,,,,,,
JacopoBertoia,Jacopo,Bertoia,Giacomo Bertoia,peintre italien,"On trouve aussi ""Giacomo Bertoia"" chez Lomazzo (Idea).",1544-07-25,Parma,1574-00-00,Parme,Italie,,,,,,,
ErcoleBianchi,Ercole,Bianchi,,,,,,,,,,,,,,,
MariaFrancescaBibbiena,Maria Francesca,Bibbiena,la Niece du Cardinal de Bibienna; Maria Francesca Bibbiena,,Nièce du Cardinal Bernardo Dovizi da Bibbiena. Fiancée de Raphaël,,,,,,,,,,,,
LorenzoDiBicci,"Lorenzo, di",Bicci,LORENZO BICCI,peintre italien,"Italian fresco painter, father of Neri di Bicci. Comment on works: religious",1373-01-01,Firenze,1452-01-01,Firenze,Italie,,,,,,,
CorneilleDeBie,"Corneille, de",Bie,Corneille de Bie,auteur,,,,,,,,,,,,,
Franciabigio,Francesco,Bigio,Francia Bigio,peintre italien,,1484-01-30,Firenze,1525-01-14,Firenze,Italie,,,,,,,
FlavioBiondo,Flavio,Biondo,Flavio Biondo; Biondo Forlivese; Il Biondo; Il biondo; il Buono; biondo,"historien, archéologue et humaniste italien","historien ou historienne, archéologue, géographe, humaniste de la Renaissance | Flavius Blondus, il Biondo dans Monier",1388-00-00,Forlì,1463-06-04,Rome,,,,,,,,
MichelangeloBiondo,Michelangelo,Biondo,Michelangelo Biondo; Michel Angelo Biondo; Biondo,médecin italien,"médecin, historien ou historienne de l'art",1500-09-25,Venise,1565-00-00,Venise,république de Venise,,,,,,,
ClementeBirago,Clemente,Birago,Clemente Birago,graveur,,,,,,,,,,,,,
SainteBrigitteDeSuede,Brigitte,Birgersdotter,Sainte Brigitte,"sainte catholique, mère de famille et fondatrice de monastère, XIVe s.","écrivain ou écrivaine, philosophe, personnalité politique, théologien ou théologienne, mémorialiste, mystique",1303-01-01,Finsta,1373-07-23,Rome,Suède,,,,,,,
FrancescoDomenicoBisagno,Francesco Domenico,Bisagno,D. Francesco Bisagno,,,,,,,,,,,,,,
JacquesBlanchard,Jacques,Blanchard,JACQUES BLANCHART; Mr. Blanchar; Blanchart; Blanchard,peintre et graveur français (1600-1638),Comment on works: Religious,1600-10-01,Paris,1638-11-10,Paris,royaume de France,,,,,,,
AbrahamBloemaert,Abraham,Bloemaert,IBRAHAM BLOMART; Bloëmart; Bloemart; Blomart,peintre et graveur néerlandais (1564–1651),,1564-12-25,Gorinchem,1651-01-27,Utrecht,Provinces-Unies,,,,,,,
CornelisIIBloemaert,Cornelis II,Bloemaert,Corneille Blomart,peintre et graveur néerlandais (1603–1692),,1603-01-01,Utrecht,1692-09-28,Roma,Provinces-Unies,,,,,,,
Bloemaert,famille,Bloemaert,les Bloemars,"families, artist","Dutch family of artists, flourished 16th-17th centuries.",,N/A,,N/A,,,,,,,,
LancelotBlondeel,Lancelot,Blondeel,Lancelot,peintre flamand,N/A,1498-00-00,Poperinge,1561-03-04,Brugge,Pays-Bas des Habsbourg,,,,,,,
FrancoisBlondel,François,Blondel,M. Blondel,architecte et géomètre français du Grand Siècle,,1618-06-15,Ribemont,1686-01-21,Paris,royaume de France,,,,,,,
BoccaccioBoccaccino,Boccaccio,Boccaccino,Boccacino,peintre italien,Painter of religious subjects.,1460-01-01,Ferrara,1525-01-01,Cremona,Italie,,,,,,,
CamilloBoccaccino,Camillo,Boccaccino,Camillo Boccaccino; Camillo Boccacino; Boccaccino,peintre italien,Comment on works: Religious,1505-01-01,Crémone,1546-01-01,Crémone,Italie,,,,,,,
BenoitXI,Nicolas,Boccasini,Benoit XI; Benoît XI,pape de l’Église catholique,"prêtre catholique, frère | Pape sous le nom de Benoît XI",1240-00-00,Trévise,1304-07-15,Pérouse,États pontificaux,,,,,,,
AchilleBocchi,Achille,Bocchi,Achille Bocchi; Bocchio,humaniste et écrivain italien,"humaniste, historien ou historienne, écrivain ou écrivaine",1488-00-00,Bologne,1562-11-06,Bologne,seigneurie de Bologne,,,,,,,
FrancescoBocchi,Francesco,Bocchi,Francesco Bocchi; M. Francesco Bocchi.; M. Francesco Bocchi,écrivain italien,"historien ou historienne de l'art, historien ou historienne, érudit",1548-00-00,Florence,1618-00-00,Florence,,,,,,,,
FerdinandBol,Ferdinand,Bol,Mr. Ferdinan du Reimbran,peintre et graveur néerlandais (1616-1680),"As a very young man, Bol moved to Amsterdam, where he worked under the direction of Rembrandt, with whom he formed a friendship. Comment on works: Religious; History; Portraits",1616-06-24,Dordrecht,1680-07-00,Amsterdam,Provinces-Unies,,,,,,,
HansBol,Hans,Bol,Jean Bol; JEAN BOL; Bol,"graveur, peintre et dessinateur flamand (1534-1593)",,1534-12-16,Mechelen,1593-11-20,Amsterdam,Pays-Bas des Habsbourg,,,,,,,
NicolasBollery,Nicolas,Bollery,Nicolas Bollery,peintre français,,1560-00-00,Paris,1630-04-18,Paris,France,,,,,,,
VitaleDaBologna,Vitale,Bologna,Vitale da Bologna,peintre italien,N/A | Vitale di Almo de' Cavalli ou Vitale degli Equi,1289-01-01,Bologne,1359-01-01,Bologne,États pontificaux,,,,,,,
Giambologna,Jean,Bologne,Giambologna / Jean Bologne; Giovan Bologna dei Devai; Jean de Bologne; Jean Bolongne; Jean Bologna; Jean Bologne; Giambologna; Gio Bologna,sculpteur flamand,"Born and trained in Flanders (Douai, his birthplace, is now in France but was once in Flanders), Giambologna traveled to Italy in 1550 to study Classical and Renaissance sculpture. There, he became court sculptor of the Medici Dukes. He was famed for compositional sophistication, sensuous, tactile treatment of human body, and sheer technical virtuosity. He was extremely influential because the Medici gave his works as diplomatic gifts and his style was thus known throughout Europe. His style also spread through his many students, who studied in Florence with him, and returned to Northern Europe. He died in Florence, Italy in 1608. | Jean Bologne en français",1529-00-00,Douai,1608-08-14,Firenze,royaume de France,,,,,,,
SchelteBolswert,Schelte Adams,Bolswert,Bolsvert,graveur néerlandais (1586-1659),Comment on works: History; Landscapes; Copies after other Flemish artists,1586-01-01,Bolsward,1659-12-12,Antwerpen,Pays-Bas des Habsbourg,,,,,,,
GiovanniAntonioBoltraffio,Giovanni Antonio,Boltraffio,Jean-Antoine Boltrafio; Antonio Boltraffio,peintre italien,"Italian painter considered to be the most talented of Leonardo da Vinci's followers; he was a painter of religious subjects and portraits. Comment on works: religious, Portraits",1467-01-01,Milan,1516-01-01,Milan,Italie,,,,,,,
ValentinumBoltzen,Valentinum,Boltzen Von Rufach,Valentino Bolgen da Rufach,,,,,,,,,,,,,,
PierioValeriano,Giovanni Pietro,Bolzani Dalle Fosse,"Pierio Valeriano, Il Valeriano, Il Pierio; Pierio Valeriano",humaniste et théologien italien,"égyptologue, écrivain ou écrivaine, poète ou poétesse | Plus connu sous son pseudonyme ""Pierio Valeriano"". On trouve aussi ""Il Valeriano"" et ""Il Pierio"".",1477-02-03,Belluno,1558-00-00,Padoue,,,,,,,,
GiulioBonasone,Giulio,Bonasone,Julles Buornasone,peintre et graveur italien (c. 1498-1576),Comment on works: History; Mythology,1510-00-00,Bologna,1574-01-01,Bologna,Italie,,,,,,,
GregoireXIII,Ugo,Boncompagni,Gregoire XIII; GREGORIUS PAPA XIII; Gregoire treziéme; Grégoire XIII; Grégoire XIII; Gregorio XIII,pape de l'Église catholique de 1572 à 1585,"prêtre catholique, diacre de transition | Pape sous le nom de Gregoire XIII",1502-01-01,Bologne,1585-04-10,Rome,États pontificaux,,,,,,,
GianpaoloBonconti,Gianpaolo,Bonconti,Baptiste Bonconti; Bonconti,"artist, draftsman, religious artist, painter",,1563-01-01,Bologna,1605-01-01,N/A,,,,,,,,
OnofrioBoni,Onofrio,Boni,Onofrio Boni; ONOFRIO BONI,n/a,architecte,1739-11-07,Cortone,1818-04-11,N/A,,,,,,,,
FrancoisDeBonneDeCrequi,François de,Bonne-de-Crequi,François de Bonne de Créqui; Monsieur de l'Esdiguieres,n/a,"militaire, gouverneur",1596-00-00,N/A,1677-01-01,N/A,,,,,,,,
FrancescoBonsignori,Francesco,Bonsignori,François Mosignori,peintre italien,Comment on works: Portraits | ou Francesco-Girolamo Monsignori,1460-00-00,Verona,1519-07-02,Caldiero,république de Venise,,,,,,,
AlessandroBonvicino,Alessandro,Bonvicino,Moretto da Brescia; Alexandre Moretto; Alexandre; Moretto,peintre italien,Comment on works: Religious | dit Il Moretto da Brescia ou Moretto Alexandre Moretto chez Monier,1498-00-00,Rovato,1554-00-00,Rovato,république de Venise,,,,,,,
AnselmusBoetiusDeBoodt,Anselmus Boetius,"Boodt, de",Anselme Boece de Boodt; Boot,"naturaliste, médecin gemmologue flamand","médecin, gemmologue, illustrateur ou illustratrice botanique, juriste, naturaliste",1550-01-01,Bruges,1632-06-21,Bruges,comté de Flandre,,,,,,,
ParisBordone,Paris,Bordone,Paris Bondone; Paris Bordone,peintre italien (1500–1570),"Noted for portraits of women, cabinet paintings, and for painting monumental architectural settings for religious and secular narrative scenes. Comment on works: Religious; Mythology",1500-07-05,Treviso,1570-01-19,Venezia,république de Venise,,,,,,,
GiovanniAlfonsoBorelli,Giovanni Alfonso,Borelli,Giovanni Alfonso Borelli; Bourelli; Bellori,physicien italien,"mathématicien ou mathématicienne, historien ou historienne des mathématiques, médecin, inventeur",1608-01-28,Naples,1679-12-31,Rome,royaume de Naples,,,,,,,
PaulV,Camillo,Borghese,Paul V; Pape Paul V,233e pape de l'Église catholique (1605-1621),"prêtre catholique de rite romain, évêque catholique | Pape sous le nom de Paul V de 1605 à 1621s",1552-09-17,Rome,1621-01-28,Rome,États pontificaux,,,,,,,
RafaelleBorghini,Rafaelle,Borghini,Raffaello Borghini; Borghini,,on trouve aussi Raffaello,,,,,,,,,,,,
AntigoneleBorgne,"Antigone, le",Borgne,Antigone le Borgne; Antigono,personnage d'opéra dans l'opéra Olympie de Gaspare Spontini; roi d'Asie,N/A | roi d'Asie de 306 à 301 av. J.-C.,,N/A,,N/A,,,,,,,,
GherardoBorgogni,Gherardo,Borgogni,Gherardo Borgogni,n/a,"poète ou poétesse, éditeur ou éditrice",1526-01-01,Alba,,N/A,,,,,,,,
BorisI,Boris,Boris I,Boris Ier de Bulgarie; Bogoris,khan puis knez de Bulgarie (852-889).,"monarque, moine ou moniale | Roi des Bulgares de852 à 889",0828-00-00,Pliska,0907-05-02,Véliki Preslav,Bulgarie,,,,,,,
AlexandreVI,"Roderic Llançol, i de",Borja,Alexandre VI; Alexandre sixieme,pape de l'Église catholique de 1492 à 1503,"prêtre catholique, diacre de transition | Pape sous le nom d'Alexandre VI",1431-01-01,Xàtiva,1503-08-18,Rome,Couronne d'Aragon,,,,,,,
GentileBorri,Gentile,Borri,Gentile Borri,,maître d'armes des Sforza,,,,,,,,,,,,
CarloBorromeo,Carlo,Borromeo,Charles Borromée; Carlo,"évêque italien du XVIe siècle, cardinal de l'Église, saint","prêtre catholique, diacre catholique, archevêque, diplomate, inquisiteur, prédicateur, prêtre",1538-10-02,Arona,1584-11-03,Milan,,,,,,,,
FedericoBorromeo,Federico,Borromeo,Federico Borromeo; FEDERICO CARDINALE BORROMEO; Cardinale Borromeo; Cardinal Borromeo,cardinal de l'Église catholique romaine,"prêtre catholique, bibliothécaire, inquisiteur, évêque catholique",1564-08-18,Milan,1631-09-21,Milan,,,,,,,,
Boree,Borée,Borée,Borée; Boreas,personnification du vent du nord dans la mythologie grecque,N/A,,N/A,,N/A,,,,,,,,
HieronimusBosch,Hieronymous,Bosch,Jerôme Hertoglion Bos,peintre et dessinateur néerlandais (c. 1450-1516),"Considered the most distinctive and idiosyncratic of 15th-century Netherlandish artists, he produced a body of work remarkable for its depiction of fantastic, often diabolic, creatures, generally moralizing representations of the consequences of sin and folly. He was the first European artist to give free rein to almost uncontrolled association, formal inventivity, and free choice of ideas. Comment on works: Allegory | dit Jérôme Bosch, ou Jheronimus Bosch",1450-00-00,Bois-le-Duc,1516-08-00,Bois-le-Duc,Pays-Bas méridionaux,,,,,,,
FrancescoBoschi,Francesco,Boschi,François Bochi,peintre italien,Comment on works: Religious,1619-01-01,Florence,1675-01-16,Florence,Italie,,,,,,,
AndreaBoscoli,Andrea,Boscoli,André Boscoli,peintre italien,Comment on works: History,1560-00-00,Florence,1607-01-01,Rome,Italie,,,,,,,
AntonioBosio,Antonio,Bosio,Bosius; Anthoine Boscio,archéologue et historien,"archéologue, érudit classique",1576-01-01,Birgu,1629-09-06,Rome,Malte,,,,,,,
AbrahamBosse,Abraham,Bosse,Abraham Bosse; Sr. Bosse; A. Bosse; Bosse,graveur français (1604-1676),Comment on works: Printmaker; Early dictionaries list as painter &amp; printmaker,1604-00-00,Tours,1676-02-16,Paris,France,,,,,,,
AntipaterDeBostra,Antipater,Bostra,Antipater de Bostra; Antipatre Bostrense,évêque de Bostra,prêtre,0401-00-00,Bosra,0450-00-00,N/A,Empire byzantin,,,,,,,
AndriesBoth,Andries,Both,HENRY BOTH; Henri Both; Henry Both,peintre néerlandais,,1612-01-01,Utrecht,1642-03-23,Venezia,Provinces-Unies,,,,,,,
JanBoth,Jan,Both,JEAN BOTH; Jean Bot,peintre et graveur néerlandais (1618-1652),,1618-01-01,Utrecht,1652-01-01,Utrecht,Provinces-Unies,,,,,,,
GiovanniBattistaBotti,Giovanni Battista,Botti,,,,,,,,,,,,,,,
MatteoBotti,Matteo,Botti,Matteo Botti,n/a,diplomate,1570-00-00,N/A,1621-00-00,N/A,grand-duché de Toscane,,,,,,,
SandroBotticelli,Sandro,Botticelli,Sandro di Boticello; Sandro Botticello; SANDRO BOTTICELLO; Sandro Boticello,peintre italien (1445–1510),"In his lifetime he was one of the most esteemed painters in Italy, enjoying the patronage of the leading families of Florence, in particular the Medici and their banking clients. He was summoned to take part in the decoration of the Sistine Chapel in Rome, was highly commended by diplomatic agents to Ludovico Sforza in Milan and Isabella d’Este in Mantua and also received enthusiastic praise from the famous mathematician Luca Pacioli and the humanist poet Ugolino Verino. Comment on works: Religious, History.",1445-03-01,Firenze,1510-01-01,Firenze,Italie,,,,,,,
LouisBoucherat,Louis,Boucherat,Louis Boucherat; Sr. Boucherat,chancelier de France,personnalité politique,1616-08-26,Paris,1699-09-02,Paris,France,,,,,,,
PierreBoucle,"Pierre, Pieter","Boucle, Boeckel",Van-Boucle,peintre flamand,,1610-00-00,Anvers,1673-01-01,Paris,Pays-Bas des Habsbourg,,,,,,,
HennequinDeBruges,Jan Hennequin de,Boudolf Bruges,Hennequin de Bruges; Giovanni da Bruggia; Jean de Bruges,peintre flamand,N/A | aussi connu sous les noms de Jean de Bruges ou Jean de Bondol,1338,Brugge,1411,N/A,France,,,,,,,
Valentin,"Valentin, de",Boulogne,Le Valentin; Valentins; Valentin,peintre français (1591-1632),"Little of this artist's early life is verified. His name is believed to be derived from Boulogne-sur-Mer, Pas de Calais. His father may have been a master glazier and painter in Coulommiers; there may have been other artists in the family. He probably studied in Paris or Fontainebleau. He went to Italy at a young age and was active at Rome. Noted for his use of tenebrism and a rather somber style. Members of the Barberini family were his patrons. Comment on works: History; Genre.",1591-01-03,Coulommiers,1632-08-19,Roma,royaume de France,,,,,,,
Boupalos,Boupalos,Boupalos,Boupalos; Bupalus,sculpteur antique,"sculpteur ou sculptrice, architecte",,Chíos,,N/A,,,,,,,,
CharlesIIIBourbon,"Charles III, de",Bourbon,Charles III de Bourbon-Monpensier; Charles de Bourbon; Duca di Borbone,"duc de Bourbon, connétable de France","militaire, chef militaire | Connétable de Bourbon Prince de Dombes, Duc de Bourbon et d'Auvergne, Comte de Montpensier, de Clermont, de Forez, de la Marche, Vicomte de Carlat",1490-02-17,Montpensier,1527-05-06,Rome,France,,,,,,,
FrancescoDelMonte,Francesco Maria,Bourbon del Monte Santa Maria,Francesco Maria del Monte; Francesco del Monte; del Monte,cardinal de l'Église catholique romaine,"collectionneur ou collectionneuse d'œuvres d'art, prêtre catholique, diplomate",1549-07-05,Venise,1627-08-27,Rome,république de Venise,,,,,,,
ArmandDeBourbonConti,Armand de,Bourbon-Conti,Armand de Bourbon-Conti; Monsieur le Grand Maistre,"prince français, dernier des trois enfants d'Henri II de Bourbon, prince de Condé (1629-1666)",militaire | Prince de Conti de 1629 à 1666 et Grand maître de France à partir de 1656,1629-10-11,Paris,1666-02-26,Pézenas,France,,,,,,,
SebastienBourdon,Sebastien,Bourdon,SEBASTIEN BOURDON; Mr. Bourdon; le Bourgeon; Bourdon,peintre et graveur français (1616-1671),Comment on works: History; Religious,1616-02-02,Montpellier,1671-05-08,Paris,France,,,,,,,
LouisIIBourdonConde,Louis II de,Bourdon-Condé,Grand Condé; M. le Prince de Condé,prince de sang royal français - personnalité politique (1621-1686),"personnalité politique, chef militaire",1621-09-08,Paris,1686-12-11,Fontainebleau,France,,,,,,,
Boutades,Boutadès,Boutades,Dibutades; Dibutade,potier antique,"inventeur, céramiste, potier ou potière | aussi connu sous le nom de Dibutades",0700-00-00,Sicyone,0600-00-00,Grèce antique,Sicyone,,,,,,,
ClaudeBoutet,Claude,Boutet,Claude Boutet,peintre français des XVIIe et XVIIIe siècles,"artiste peintre, écrivain ou écrivaine",1700-00-00,N/A,,N/A,royaume de France,,,,,,,
ClaudineBouzonnetStella,Claudine,Bouzonnet-Stella,Niece de Monsieur Stella; Claudine Stella; Claudine Bouzonnet Stella; Claudine Bouzonnet,graveuse française,,1636-07-07,Lyon,1697-10-01,Paris,France,,,,,,,
ReneBoyvin,René,Boyvin,René Boyvin,"artist, designers, engraver, etcher, printmaker",N/A,1515,Angers,1635,N/A,,,,,,,,
JeanIDeBragance,Jean Ier,Bragance,Jean Ier de Bragance; Dom Jean Duc de Bragance,n/a,aristocrate,1543-00-00,Vila Viçosa,1583-02-22,Vila Viçosa,royaume de Portugal,,,,,,,
FrancescoBrambillaIlGiovane,Francesco,Brambilla,Francesco Brambilla Le Jeune; Francesco Brambilla; il Brambilla; François Brambilati,sculpteur italien,"Dit ""Le Jeune"". Fils de Francesco Brambilla ""Le Vieux"".",1530-01-01,N/A,1599-00-00,Milano,,,,,,,,
GiovanniBattistaBranconioDellAquila,Giovanni Battista,Branconio dell'Aquila,Giovanni Battista Branconio dell'Aquila; Jean Baptiste de l’Aquila,n/a,orfèvre,1473-00-00,L'Aquila,1522-00-00,Rome,,,,,,,,
IsabellaBrandt,Isabella,Brandt,Isabella Brant; Catherine de Brentes; la fille de Jean de Brantes,première femme de Pierre Paul Rubens,modèle,1591-01-01,Anvers,1626-07-15,Anvers,comté de Flandre,,,,,,,
JanBrandt,Jan,Brandt,Jean Brandt; Jean de Brantes,n/a,"juriste, conseiller municipal",1559-09-30,Anvers,1639-08-28,Anvers,,,,,,,,
FriedrichIBrentel,Friedrich I,Brentel,FREDERIC BRENDEL; Brendel,graveur et peintre miniaturiste allemand,,1580-07-09,Lauingen,1651-05-17,Strasbourg,Allemagne,,,,,,,
PaulBril,Paul,Bril,PAUL BRIL; Paul Bril,peintre et graveur flamand (c. 1553-1626),"Paul was probably the son of the painter Matthijs Bril the Elder and brother of Matthijs Bril the Younger; close associate of the Carracci family. He was an influential painter, particularly in landscape painting. Comment on works: Landscapes with figures",1556-01-01,Antwerpen,1626-10-07,Roma,Pays-Bas des Habsbourg,,,,,,,
AgnoloBronzino,Agnolo,Bronzino,Francois Bronzin; Le Bronzin; Bronzino,peintre italien,Painter whose style dominated Florentine painting from 1530s-1560s. He was court artist to Cosimo I de’ Medici. Known for sophisticated style and extraordinary technical ability. Pontormo’s Mannerist style was the major formative influence on Bronzino’s art. Comment on works: History | dit le Bronzino Francois Bronzin chez Monier ?,1503-11-17,Monticelli,1572-11-23,Firenze,Italie,,,,,,,
SalomonDeBrosse,Salomon de,Brosse,de Brosse,architecte français,French architect.,1571-00-00,Verneuil-en-Halatte,1626-12-08,Paris,France,,,,,,,
JeanBaptisteDeBrouchoven,Jean-Baptiste de,Brouchoven,Jean-Baptiste de Brouchoven; Jean Baptiste de Brouch,politicien belge,"personnalité politique, diplomate",1621-00-00,Lierre,1691-11-13,Toulouse,,,,,,,,
AdriaenBrouwer,Adriaen,Brouwer,Adrien Braur; ADRIEN BRAUR,peintre flamand (1605-1638),Adrien Braur,1605-01-01,Oudenaarde,1638-01-01,Antwerpen,Pays-Bas méridionaux,,,,,,,
LiberalBruand,Libéral,Bruand,Bruand,architecte français,,1636-00-00,Paris,1697-11-22,Paris,France,,,,,,,
JanBrueghel,Jan,Brueghel,Joan Brughel; Breugle; Brugle,peintre flamand (1568–1625),"He was the son of Pieter Bruegel. He is famous for small-scale history paintings, flower still-lifes, allegorical and mythological scenes, and landscapes, including imaginary mountain landscapes, forest interiors, villages and country roads, ports, river views, seascapes, hunting scenes, battles and depictions of Hell and the underworld. Died suddenly in a cholera epidemic in Antwerp; his son, Jan the younger, took over the studio.",1568-01-01,Bruxelles,1625-01-13,Antwerpen,Pays-Bas des Habsbourg,,,,,,,
PieterBrueghelDeOude,Pieter I,Brueghel,Pierre Bruneghel; PIERRE BRUGLE; Breugle,peintre et graveur brabançon (1525-1569),"Possibly born in Breda and likely trained by Pieter Coecke van Aelst. Bruegel is considered one of the greatest artists in 16th-century northern Europe. His work, mainly landscapes, scenes of peasant life and allegory, is a blend of religion, folklore, and humanism. The influence of his work was widespread and long-lasting. Comment on works: Landscapes; Genre; Religious | Pieter Brueghel l'Ancien en français",1525-00-00,Breda,1569-09-09,Bruxelles,duché de Brabant,,,,,,,
Brunelleschi,Filippo,Brunelleschi,Filipe Bruneleschi; Filippo Brunelesco; Ser-bruneleschi; Ser Bruneleschi; Serbruneleschi; Bruneleschi,"peintre, sculpteur, ouvrier et architecte de l'école florentine (1377-1446)",Died 15 April 1446. Comment on works: sculptor,1377-00-00,Firenze,1446-04-15,Firenze,Italie,,,,,,,
DomenicoBrusasorzi,Domenico,Brusasorzi,Dominique Brusasorci,peintre italien,"The son of Agostino Riccio Brusasorci and a pupil of Giulio Romano, Domenico Brusasorci, the Elder, was influenced by Titian, Giorgione and Parmigiano. | ou Domenico Riccio",1516-01-01,Verona,1567-01-01,Verona,république de Venise,,,,,,,
Bryaxis,Bryaxis,Bryaxis,Bryaxis; Briaxis,sculpteur grec,sculpteur ou sculptrice,0400-00-00,Carie,0360-00-00,N/A,Athènes,,,,,,,
Bucephale,Bucéphale,Bucephale,Bucéphale; Bucephale; Bucefalo; Bucefale,cheval d'Alexandre le Grand,N/A,0354-01-01,N/A,0325-06-01,N/A,,,,,,,,
GuillaumeBude,Guillaume,Budé,Budée,auteur,,,,,,,,,,,,,
BuonamicoBuffalmacco,Buonamico,Buffalmacco,Buffalmacco; BONAMICO BUFALMACO; BUFFALMACCO; Buonamico; Bufalmaco,peintre italien,Comment on works: Religious,1290-00-00,Florence,1340-00-00,Florence,République florentine,,,,,,,
GiulianoBugiardini,Giuliano,Bugiardini,Grannaccio Bugiardino,peintre italien,,1475-01-29,Florence,1554-02-17,Florence,République florentine,,,,,,,
Bularque,,Bularque,Bularque; Bularco,,,,,,,,,,,,,,
JeanBullant,Jean,Bullant,Jean Bullant,architecte français,French architect.,1515-01-01,Amiens,1578-10-13,Écouen,France,,,,,,,
FrancoisBunel,François,Bunel,François Bunel,peintre français,,1552-00-00,Blois,1599-01-01,N/A,France,,,,,,,
JacobBunel,Jacob,Bunel,Jacob Bunel; Mr. Bunel; Jacob; Bunel; BUNEL,peintre,Comment on works: Painter; Religious,1558-10-06,Paris,1614-10-14,Paris,France,,,,,,,
PietroBuonaccorsi,Pietro,Buonaccorsi,Perin del Vaga; Pierino del Vago; Perrin del Vague; Perin del Vague; Perino del Vaga; PERRIN DEL VAGA; Perrin del Vaga; Perrin del Vago; PERIM DU VAGUE; Buonacorsi; Perin del Vago; del Vaga; Perrin; Perin; Vago; Vaga,peintre italien,Italian artist. Comment on works: Religious | dit Perino del Vaga ou Perin del Vaga,1501-07-03,Firenze,1547-10-29,Roma,Italie,,,,,,,
CorsinoBuonaiuti,Corsino,Buonaiuti,Corsino Buenaiuti,peintre,,,,,,,,,,,,,
LodovicoDiLeonardoBuonarrotiSimoni,Lodovico,Buonarotti Simoni,N/A; Loüis Bonarotti Simoni,n/a,fonctionnaire | Père de MichelAnge,1444-00-00,N/A,1534-00-00,N/A,,,,,,,,
MichelAnge,Michelangelo,Buonarroti,Michel Ange; Michaëlis Angeli Bonarrote; M. Michelagnolo Buonaroti; Michel Angelo Buonarroti; Michel Agnolo Buonaroti; MICHELANGELO BUONARROTI; Michelangelo Buonarroti; Michel Angelo Bonarroto; Michel-Ange Buonarotte; Michel-Ange Buonarotti; Michelagnolo Buonaroti; Michel Angel Bonarota; Michelange Buonarote; Michel-Ange Bonarote; Michelange Bonarote; MICHELANGE BONAROTT; Divin Bonarote; Michele Angelo; Michel’Angeli; Michel Angelo; Michel l'Ange; Michel’Angelo; Michel'Angelo; Michel-Angelo; Michel l’Ange; le Buonarote; Michelangelo; Michelagnolo; Michel Lange; Michel-Ange; Buonarrotto; Buonarroti; Buonarrote; Buonarroto; Michelange; MICHELANGE; Bonarroto; Buonanoti; Buonaroti; Bonarote,"peintre, sculpteur, poète et architecte italien du XVIe siècle","In his time, Michelangelo was famous as a sculptor, painter, architect, and poet. He is remembered today as one of the chief creators of the High Renaissance in Florence and Rome, particularly in the arenas of sculpture and fresco painting. His professional career lasted over 70 years and included many stylistic changes. He was enormously influential to other artists. Michelangelo's father was the administrator of the small Florentine dependent town, Caprese. In Florence at age 13 (which was relatively late), Michelangelo became an apprentice to the city's most prominent painter, Domenico Ghirlandaio. His patron was the leading citizen and ruler of Florence, Lorenzo de' Medici. Michelangelo was typical of his period in that he excelled at and regarded the three arts of painting, sculpture, and architecture as manifestations of the fundamental discipline of ""disegno"" (drawing), which was itself based on a profound knowledge of the male human form.",1475-03-06,Caprese Michelangelo,1564-02-18,Roma,République florentine,,,,,,,
GiovanniBuonconsiglio,Giovanni,Buonconsiglio,Giovanni Buonconsiglio; Jean Bonconseil,peintre italien,Comment on works: religious,1465-01-01,Montecchio Maggiore,1535-01-01,Venise,république de Venise,,,,,,,
Duccio,Duccio,Buoninsegna,Duccio di Buoninsegna; Duccio; DUCIO,peintre italien des XIIIe et XIVe siècles,Comment on works: religious,1255-00-00,Siena,1319-00-00,Siena,Italie,,,,,,,
CesarDeBus,César de,Bus,César de Bus; Cesar de Bus.; Cesar de Bus,prêtre et saint catholique français,prêtre,1544-02-03,Cavaillon,1607-04-15,Avignon,France,,,,,,,
GabrieleBusca,Gabriele,Busca,Gabrio Busca,n/a,"architecte, ingénieur militaire, ingénieur ou ingénieure, N/A",1540-01-01,Pavie,1605-01-01,Milan,,,,,,,,
Buschetto,Buschetto,Buschetto,Buschetto; Buchette; Bouchet,"architecte italien, XIe siècle - XIIe siècle","Macmillan notes that while Buschetto is credited with the design of the Pisa Cathedral, he may in fact have been the overseeing administrator. Bénézit lists a ""Buchetto"" as an 11th century sculptor.",1064,N/A,1110-01-01,N/A,,,,,,,,
AgostinoBusti,Agostino,Busti,Augustin Busto; Augustin; Bambaia,sculpteur italien,He was probably born in Busto Arsizio. Comment on works: sculptor,1483-00-00,Busto Arsizio,1548-06-11,Milano,Italie,,,,,,,
SuzanneButay,Suzanne,Butay,Suzanne Butay,,Femme de Charles Le Brun,,,,,,,,,,,,
BernardinoButinone,Bernardino,Butinone,Buttinone; Butinone,peintre italien,Comment on works: religious,1450-01-01,Treviglio,1510-01-01,N/A,Italie,,,,,,,
NicolasBeatrizet,Nicolas,Béatrizet,Nicolas Beatrix,graveur lorrain (1510-1565),Beatrizet's engravings were in the style of Raphael.,1515-01-01,Thionville,1565-01-01,Roma,duché de Lorraine,,,,,,,
Beseleel,Béséléel,Béséléel,Beseléel; Beésel,personnage du livre de l'Exode,"sculpteur ou sculptrice sur bois, artiste, architecte",,N/A,,N/A,,,,,,,,
Cacus,Cacus,Cacus,Cacus; Caco,"fils de Vulcain, Géant qui vomit des tourbillons de flamme et de fumée",N/A,,N/A,,N/A,,,,,,,,
Cadmos,Cadmos,Cadmos,Cadmos; Cadmus,personnage de la mythologie grecque,Sauroctones,,N/A,,N/A,,,,,,,,
AlessandroCaimo,Alessandro,Caimo,Alessandro Caimo; Signor Caimo,,,,,,,,,,,,,,
CaiusCestius,,Caius Cestius,C. Cestius,,,,,,,,,,,,,,
Calamis,Calamis,Calamis,Calamis; Calamide,sculpteur grec,sculpteur ou sculptrice,0500-01-01,N/A,0460-00-00,Athènes,,,,,,,,
Calare,,Calare,Calare,,,,,,,,,,,,,,
JanStevenVanCalcar,Jan Steven Van,Calcar,JEAN DE CALCAR; Jean de Calxer; Jean Calcar; CALKER,peintre néerlandais,,1500-01-01,Kalkar,1546-01-01,Napoli,Pays-Bas des Habsbourg,,,,,,,
Calchas,Calchas,Calchas,Calchas; Calcante,personnage de la mythologie grecque,voyante,,N/A,,N/A,,,,,,,,
CleodoroCalchi,Cleodoro,Calchi,Cleodoro Calchi,,,,,,,,,,,,,,
BenedettoCaliari,Benedetto,Caliari,Frére Bénédetto; BENOIST CALIARI,peintre italien,,1538-01-01,Vérone,1598-01-01,Venise,république de Venise,,,,,,,
CarloCaliari,Carlo,Caliari,CHARLES CALIARI,peintre italien,,1570-01-01,Venezia,1596-01-01,Venezia,république de Venise,,,,,,,
GabrieleCaliari,Gabriele,Caliari,Gabriel Caliari; GABRIEL CALIARI,peintre italien,,1568-09-07,Venezia,1630-01-01,Venezia,république de Venise,,,,,,,
Caligula,Caligula,Caligula,Caligula; Caie caligule; Caius Caligula; Califurnius; Caligule; Caius,"troisième empereur romain, de 37 à 41",personnalité politique | connu sous le nom de Caligula,0012-08-31,Antium,0041-01-24,mont Palatin,Rome antique,,,,,,,
CalixteI,Calixte,Calixte Ier,Calixte Ier; Caliste,"saint catholique, pape du IIIe siècle",prêtre catholique,,Rome,0222-00-00,Rome,,,,,,,,
Callicles,Calliclès,Callicles,Calliclès,penseur et sophiste grec antique,rhéteur ou rhétrice | Personnage des dialogues de Platon ?,0500-01-01,Athènes,,N/A,Athènes,,,,,,,
CalliclesPeintre,,Calliclès,N/A; Callicle,n/a,artiste peintre,,N/A,,N/A,,,,,,,,
Callicratidas,Callicratidas,Callicratidas,Callicratidas,militaire spartiate,militaire,0500-01-01,N/A,0406-00-00,îles Arginuses,Sparte,,,,,,,
Callicrates,Callicratès,Callicratès,Callicratès; Callistrate; Callicrate,un des deux architectes du Parthénon (Ve siècle av. J.-C.),architecte,0470-01-01,Athènes,0420-01-01,Athènes,Athènes,,,,,,,
Callimaque,Callimaque,Callimaque,Callimaque; Callimachus,"sculpteur, orfèvre et peintre actif à Athènes de 432 à 408 av. J.-C","sculpteur ou sculptrice, architecte, orfèvre",0500-01-01,Athènes,0460-00-00,N/A,Athènes,,,,,,,
Calliope,Calliope,Calliope,Calliope; Calioppe,muse de la poésie épique et de l'éloquence,N/A,,N/A,,N/A,,,,,,,,
Callon,Kallon,Callon,Kallon; Calon,sculpteur grec,sculpteur ou sculptrice,0600-01-01,Égine,,N/A,Égine,,,,,,,
JacquesCallot,Jacques,Callot,Jacques Callot; Callot; Calot,dessinateur et graveur lorrain (France),N/A,1592-01-01,Nancy,1635-03-25,Nancy,duché de Lorraine,,,,,,,
DenysCalvaert,Denys,Calvaert,"Denis le Flamand, Il Fiammingo, Dionigi; Dionigi Calvert d'Anversa; Denis Calvart Flamand; Denys Calvart; il Fiammingo; Dionigi",peintre flamand,Comment on works: Religious; Mythology | Aussi connu sous le nom de Denis le Flamand ou Il Fiammingo. On trouve aussi Dionigi et Dionigi Calvert d'Anversa chez Lomazzo.,1540-01-01,Antwerpen,1619-03-17,Bologna,Pays-Bas méridionaux,,,,,,,
LazzaroCalvi,Lazzaro,Calvi,Lazaro Calvi,peintre italien,,1512-01-01,Gênes,1603-01-01,N/A,,,,,,,,
Calypso,Calypso,Calypso,Calypso; Calipso,Océanide de la mythologie grecque,N/A,,N/A,,N/A,,,,,,,,
CalypsoPeintre,,Calypso,Calisso; Calisse,,Peintre grecque citée par Pline. On trouve Calisso chez Lomazzo.,,,,,,,,,,,,
AndreaCamassei,Andrea,Camassei,André Camassée,peintre italien,Italian painter. Comment on works: Religious,1602-01-01,Bevagna,1649-08-18,Roma,,,,,,,,
LucaCambiaso,Luca,Cambiaso,Lucas Cangiasio; Luca Cangiaso; Luc Cangiasi; il Cangiaso; Cangiasio; Cambassi,peintre italien,"Dominant figure in Genoese painting in the 16th century and the founder of the Genoese school. He is noted for his night scenes, simplified forms, and use of dry paint; two major influences on his work were Michelangelo, seen in his massive figures, and Correggio, for his soft modelling. Comment on works: Religious; Allegory; Mythology | dit Luca Cangiaso",1527-10-18,Moneglia,1585-09-06,Madrid,Italie,,,,,,,
GiulioCamillo,Giulio,Camillo,Delminio; Giulio Camillo,humaniste italien,"philosophe, pédagogue | Aussi connu sous le nom de Delminio.",1479-00-00,Portogruaro,1544-05-15,Milan,,,,,,,,
GirolamoCampagnola,Girolamo,Campagnola,Jerôme Campagnuola,peintre italien,N/A,1462,Padoue,1522-00-00,N/A,,,,,,,,
GiulioCampagnola,Giulio,Campagnola,Jules Campagnuola,peintre italien,Known mostly for his engravings of idyllic landscapes. Played an important part in spreading the style of Giorgione and Titian. Adoptive parent of Domenico Campagnola.,1482-01-01,Padova,1515-01-01,Madrid,république de Venise,,,,,,,
GiustoCampagnola,Giusto,Campagnola,Juste Campagnuola,peintre,,,,,,,,,,,,,
Campaspe,Campaspe,Campaspe,Campaspe; campaspe,maîtresse d'Alexandre le Grand,hétaïre,0400-01-01,Lárissa,0360-00-00,N/A,,,,,,,,
AntonioCampi,Antonio,Campi,Antoine Campo,"peintre italien, graveur et architecte","Italian painter, cartographer. Comment on works: religious",1524-01-01,Crémone,1587-01-01,Crémone,,,,,,,,
BernardinoCampi,Bernardino,Campi,Bernardino da Campo; Bernardino Campo; Bernardino Campi,peintre italien,Comment on works: Portraits,1520-01-01,Cremona,1591-01-01,Reggio nell'Emilia,Italie,,,,,,,
GaleazzoCampi,Galeazzo,Campi,Galcazzo Campo,peintre italien,N/A,1475-00-00,Crémone,1536-00-00,Cremona,,,,,,,,
GiulioCampi,Giulio,Campi,Giulio da Campo; Giulio Campi; Jules Campo,peintre italien,Italian artist.,1502-01-01,Cremona,1572-01-01,Cremona,,,,,,,,
VincenzoCampi,Vincenzo,Campi,Vincent,peintre italien,"Comment on works: market scenes, fruit, etc.",1536-01-01,Cremona,1591-10-03,Cremona,Italie,,,,,,,
Canaam,,Canaam,,,dieu mentionné par Lomazzo,,,,,,,,,,,,
Candaule,Candaule,Candaule,Candaule; Candule de Lidie; Roy de Lidie; Candaules; Candules,roi de Lydie,personnalité politique,0800-01-01,N/A,0760-00-00,N/A,,,,,,,,
PeterCandid,Peter,Candid,PIERRE CANDITO,peintre et graphiste flamand,,1548-01-01,Brugge,1628-03-00,München (Kreisfreie Stadt München),Pays-Bas des Habsbourg,,,,,,,
PietroMariaCanepario,Pietro Maria,Canepario,Pietro Maria Canepari; Pietro Maria Canepario da Crema,n/a,médecin,1550-00-00,Crema,1619-00-00,N/A,,,,,,,,
DomenicoCanigiani,Domenico,Canigiani,Domenico Canigiani; Dominique Covigiani,n/a,N/A,1486-01-13,N/A,1548-08-31,N/A,,,,,,,,
LorenzoCanozi,Lorenzo,Canozi,Lorenzo da Lendinara; Laurent Lendinara,imprimeur italien à Padoue dans les années 1471-1475,"N/A | aussi connu sous le nom de Lorenzo Canozi, Laurentius Canozius, Lorenzo da Lendinara, Lorenzo Genesini ou Zanesini",1425-01-01,Lendinara,1477-01-01,Padoue,,,,,,,,
CaterinaCantoni,Caterina,Cantoni,Catherina Cantona; Catarina Cantona; Cantona,brodeuse italienne (1530 - 1605),"artiste peintre, brodeur, dentellier ou dentellière, artiste à la cour, artiste textile",1530-01-01,N/A,1605-08-13,Milan,,,,,,,,
AntonioCapella,Antonio,Capella,Antoine Capelle,,Antoine Capelle en français,,,,,,,,,,,,
GirolamoCappello,Girolamo,Capello,Girolamo Capelli; GIROLAMO CAPELLI.,n/a,"diplomate, personnalité politique",1538-04-13,N/A,,N/A,,,,,,,,
JuliusCapitolinus,Julius,Capitolinus,Iulius Capitolinus; Jule Capitolin; Capitolin,historien fictif de l'Histoire Auguste,historien ou historienne,0250-00-00,N/A,0350-00-00,N/A,Rome antique,,,,,,,
FrancescoCapriani,Francesco,Capriani,"Francesco da Volterra, Il Volterra; Messer Francesco Volterra; Francesco Volterra",architecte italien,"Aussi connu sous le nom de ""Francesco da Volterra"" ou de ""Il Volterra"".",1535-00-00,Volterra,1594-01-01,Roma,,,,,,,,
Caracalla,Caracalla,Caracalla,Caracalla; Antonin Caracalle; Caracala,empereur romain de 211 à 217,"personnalité politique, monarque | Empereur romain de 211 à 217.",0188-04-04,Lugdunum,0217-04-08,N/A,Rome antique,,,,,,,
CarloCarafa,Carlo,Carafa,Carlo Caraffa; Cardinal Caraffe,n/a,"prêtre catholique, diplomate, diacre catholique, évêque catholique",1517-04-08,Naples,1561-03-14,Rome,royaume de Naples,,,,,,,
PaulIV,Gian Pietro,Carafa,Paul IV; Paolo IV,pape catholique,"prêtre catholique, diplomate, évêque catholique | Pape sous le nom de Paul IV",1476-06-28,Capriglia Irpina,1559-08-18,Rome,Vatican,,,,,,,
GiovanniJacopoCaraglio,Giovanni Jacopo,Caraglio,Gian Jacques de Caraglio; Jacques Caraglio; Caraglio,graveur italien (1500–1565),N/A,1500-01-01,Vérone,1565-08-26,Parme,république de Venise,,,,,,,
Caravage,Michelangelo Merisi da,Caravaggio,Caravage; Michel'Angelo da Caravaggio; Michelangelo da Caravaggio; Michelange de Carevagio; Michelange de Caravage.; MICHELANGE DE CARAVAGE; Michel-Ange; Carravage; Michelange de Caravage; Michel-Ange Carravage; Amerigi de Caravage; MICHELANGE MERIGI; le Caravage; Le Caravage; Caravaggio; Caravages,peintre italien (1571–1610),"An extremely original and influential artist, known for his decorum-defying naturalism, tenebrism, and method of painting 'alla prima.' His naturalism is dervied from Flemish art mediated through 16th-century Veneto-Lombard painting. This naturalism may have influenced his decision to paint in oil in a narrow range of earth colors. He is called 'Caravaggio' after his birthplace near Milan. After an apprenticeship with Simone Peterzano, he moved to Rome circa 1588. His early secular works typically consist of half-length, often androgynous, figures set in a shallow space, typically with prominent, illusionistic still-life elements (he worked in the workshop of the Roman artist Giuseppe Cesari as a fruit and flower specialist). These paintings are often considered homoerotic and may embody poetical, allegorical, or emblematic conceits. Caravaggio had a number of high-ranking ecclesiastical patrons including Cardinal del Monte, who gave him his first monumental commission for the Contarelli chapel in S. Luigi dei Francesi. These paintings (""Calling of St. Matthew,"" ""Martyrdom of St. Matthew,"" St. Matthew Writing his Gospel"" (1599-1600) contain Caravaggio's earliest use of the tenebrism for which he is very well-known. The strong contrasts in light and dark are in keeping with the actual restricted light of the chapel and emphasize the spiritual significance of the painted scenes. Another important commission was for the controversial monumental paintings ""Martyrdom of St. Peter"" and ""Conversion of St. Paul"" (1600-01) for the Cerasi chapel in Sta Maria del Popolo. After these commissions, which depicted traditional subject matter in completely new ways, he almost exclusively painted large-scale religious pictures, for which he received many commissions. His turbulent life often led to scandal and in 1606 he fled Rome after killing his opponent in a brawl over a wager on a game of tennis. Wounded, he fled to Naples where he resumed painting monumental devotional works. He went to Malta in 1608 where he joined the Order of St. John; this was short-lived, however, and he was imprisoned after quarreling with a superior. After escaping and spending time in Sicily and again in Naples, he died of malarial fever while returning to Rome in hope of a pardon. His late religious paintings are in a new style in which all inessential elements are removed and the crowded drama and energy of his earlier paintings are replaced by a sense of quiet and contemplation. He had no pupils but he had a plethora of followers (the 'Caravaggisti'). Comment on works: Genre; Religious | dit Caravaggio ou Le Caravage en français",1571-09-29,Caravaggio,1610-07-18,Port'Ercole,duché de Milan,,,,,,,
PolidoroDaCaravaggio,Polidoro da,Caravaggio,Polidoro da Caravaggio; Polidoro Caldara da Caravagio; Caldare de Carvage; POLIDORE de Caravaggio; Polidore de Caravagio; Polidore de Carravage; POLIDORE DE CARAVAGE; Polydore de Caravage; Polidore de Caravage; Polidor de Caravage; Polidore Caravage,peintre italien,Comment on works: Decorative | Polydore de Caravage en français,1499-01-01,Caravaggio,1543-01-01,Messina,Italie,,,,,,,
Carchedon,,Carchedon,Carchedon,,,,,,,,,,,,,,
GerolamoCardano,Gerolamo / Girolamo,Cardano,Jérôme Cardan; Girolamo Cardano; Hierosme Cardan; Cardano; Cardan,"médecin, mathématicien et philosophe italien","philosophe, mathématicien ou mathématicienne, astrologue, inventeur, ingénieur ou ingénieure, médecin | Jérôme Cardan en français",1501-09-24,Pavie,1576-09-21,Rome,duché de Milan,,,,,,,
BavieroDeCarocci,Baviero de,Carocci,il Baviera; Le Baviere; Baviere; Bavière,"artist, publishers, printers, painter, printmaker",N/A | dit Il Baviera assisantant de Raphaël,1450,N/A,1570,N/A,,,,,,,,
GiovanFrancescoCaroto,Giovanni Francesco,Caroto,Giovan Francesco Caroto; Jean François Caroto,peintre italien,Comment on works: Religious,1480-01-01,Vérone,1555-00-00,Vérone,république de Venise,,,,,,,
VittoreCarpaccio,Vittore,Carpaccio,Vittor Scarpaccio,peintre Italien de l'école vénitienne,Comment on works: religious,1465-00-00,Venezia,1526-01-01,Venezia,république de Venise,,,,,,,
UgoDaCarpi,Ugo da,Carpi,Ugo da Carpi; Hugues de Carpi; Hugo de Carpi; Ugo du Carpi; Ugo de Carpy; Ugo de Carpi,graveur et peintre italien,Comment on works: Painter; Woodcutter,1480-00-00,Carpi,1532-01-01,Rome,Italie,,,,,,,
AgostinoCarracci,Agostino,Carracci,Augustin Carrache; Augustin Carache; Augustin Carrace; Agostin Caraccio,peintre et graveur italien,"Agostino left his profession as a tailor to become an artist. His earliest works were engravings, which was an extremely profitable practice and he was famed for having attained new heights of perfection. He was also a skilled painter and collaborated with his famous relations on various commisions. Comment on works: Religious; Portraits.",1557-08-16,Bologna,1602-03-22,Parma,États pontificaux,,,,,,,
AnnibaleCarracci,Annibale,Carracci,Annibale Carracci Bolognesi; ANNIBALE CARRACCI.; Annibale Carracci; le Carache; Hannibal Carache; Annibale Carazzi; Annibal Carracci; Annibal Carrache; Annibale Caracci; Annibal Carache; le Carache; Annibale; Hannibal; Carracci; Annibal; ANNIBAL; Carache; Anibal,peintre italien,"Annibale was considered one of the greatest Italian painters of his age. His style is marked by naturalism combined with the formal language of Classicism in a grand and monumental style. Annibale was also instrumental in evolving the ideal, classical landscape and is generally credited with the invention of caricature. Italian painter. Comment on works: Mythology.",1560-11-03,Bologna,1609-07-15,Roma,États pontificaux,,,,,,,
AntonioCarracci,Antonio,Carracci,Antoine Carache,peintre français,,1583-01-01,Venise,1618-04-08,Roma,république de Venise,,,,,,,
Carrache,famille,Carracci,Carrache (les); ces illustres Caraches; Les Caraches; les Caraches; des Caraches; LES CARACHES; CarrachesCaraches; Carracci,"families, artist, painter","Italian family of artists. The family, originally from Cremona, had settled around the middle of the 15th century in Bologna, where its male members earned their living as tradesmen. The influence of the Carracci was felt at Bologna from ca. 1582 when Agostino and Annibale opened an academy of art in the studio of Ludovico. The Carracci’s artistic reform was rooted in a profound disaffection with current Mannerist practice and an equally deep commitment to north Italian naturalism and colore. In order to escape the sterility of maniera, they turned to the study of nature on the one hand and of the paintings of non-Mannerist artists such as Correggio, Titian, and Veronese on the other.",,N/A,,N/A,,,,,,,,
LodovicoCarracci,Lodovico,Carracci,Louis Carrache; Loüis Carache; Louis Carache; Louys Caraci,peintre italien,"Lodovico's style is charaterized by being less classical than that of his younger cousins, Agostino and Annibale, his figures have a sense of other-worldliness, and he is more influenced by Mannerist art than his cousins. Like his cousins, he espoused the direct study of nature, especially through figure drawing; he was influenced by the paintings of Correggio and the Venetians.",1555-04-21,Bologna,1619-11-13,Bologna,États pontificaux,,,,,,,
JacopoDiCasentino,Jacopo di,Casentino,Jacopo di Cassentino; Jacques Cassentino; JACOB CASSENTINO; Cassentini; Cassentino,peintre italien,"Giorgio Vasari, a 16th-century biographer of artists, incorrectly identified him as a fellow Aretine from Pratovecchio and as a member of the Landini family. He was probably trained in Florence. One of his important works is the St. Michael altarpiece (ca. 1322) for the Velluti chapel in Santa Croce, Florence. He is particularly known for his small-scale narrative scenes, and is identified with the 'Miniaturist Tendency.' Bernardo Daddi, Ugolino di Nerio, and, in particular, Giotto were important influences. Comment on works: religious",1297-00-00,Pratovecchio,1358-00-00,Pratovecchio,Italie,,,,,,,
AlessandroCasolani,Alessandro,Casolani,Alexandre Casolany,peintre italien,Comment on works: religious,1552-00-00,Mensano,1607-01-01,Siena,Italie,,,,,,,
Cassandre,Cassandre,Cassandre,Cassandre; Cassandro,militaire au service de Philippe V de Macédoine,militaire | général et puis roi de Macédonie,,N/A,,N/A,,,,,,,,
Cassiodore,,Cassiodore,Cassiodore,homme politique et écrivain latin,"personnalité politique, historien ou historienne, musicologue, écrivain ou écrivaine, théoricien ou théoricienne de la musique, philosophe",0487-00-00,Scolacium,0583-00-00,Scolacium,Empire byzantin,,,,,,,
DionCassius,Lucius Claudius,Cassius Dio,Dion Cassius,historien grec de la Rome antique,"historien ou historienne, personnalité politique, militaire",0150-00-00,Nicée,0229-00-00,Nicée,Rome antique,,,,,,,
AndreaDelCastagno,Andrea del,Castagno,Andrea de gl'impiccati; André del Castagno; ANDRE DEL CASTAGNO; Andre Del Castagno,peintre italien,Comment on works: religious,1420-00-00,San Godenzo,1457-08-19,Florence,,,,,,,,
GiambattistaCastaldo,Giambattista,Castaldo,Giovanni Battista Castaldo; Castaldo,n/a,condottiere,1493-01-01,Nucere des Payens,1563-01-06,Milan,,,,,,,,
BernardoCastello,Bernardo,Castello,Bernard Castello,peintre italien,He may have been born in Genoa. Comment on works: Landscapes,1557-01-01,Genova,1629-10-04,Genova,Italie,,,,,,,
GiovanniBattistaCastello,Giovanni Battista,Castello,Il Bergamasco; Giovanni Battista Bergamasco,"architect, artist, painter","Aussi connu sous le nom de ""Il Bergamasco"".",1509-01-01,Gandino,1569-01-01,Madrid,Italie,,,,,,,
BaldassareCastiglione,Baldassare,Castiglione,Baltazar Castiglione; Balthazar Castilioni; Castiglione,"écrivain, philosophe et poète italien","Author, soldier, and courtier, best known for his book ""Il libro del cortegiano"" (The Courtier), which was published in 1528. It is a courtesy manual in the the form of a dialogue set over several evenings in the court of Urbino, during which participants discuss the characteristics of the ideal courtier, introduce the concept of ""sprezzatura"" (studied nonchalance), the desirability of using Tuscan dialect, the merits of painting over sculpture, and other topics. His appearance and his bearing demonstrating ""sprezzatura"" are immortalized in a portrait of Castiglione by his friend Raphael, now in the Louvre.",1478-12-06,Casatico,1529-02-08,Toledo,duché de Milan,,,,,,,
GiovanniBenedettoCastiglione,Giovanni Benedetto,Castiglione,Il Grechetto / Le Benedette; Bénédétte,peintre et graveur italien,Versatile and eclectic artist open to foreign influence which was unusual for an Italian artist of his time. Some of his best-known works are somewhat fantastical. He was court painter at Mantua from 1648. Comment on works: Religious; Landscapes; Animals; Mythology.,1609-03-00,Genova,1665-01-01,Mantova,république de Gênes,,,,,,,
Castor,Dioscures,Castor,Dioscures; Castore; Castor,personnages de la mythologie grecque,N/A,,N/A,,N/A,,,,,,,,
PietroCataneo,Pietro,Cataneo,Cutaneo; Cataneo,architecte et mathématicien,N/A,1510-01-01,Sienne,1569-01-01,Siena,,,,,,,,
PierreLouisDeCatel,Pierre-Louis de,Catel,Mr. Catel,,,,,,,,,,,,,,
SainteCatherine,Catherine,Catherine d'Alexandrie,Catherine d'Alexandrie; Saincte Catherine; sainte Catherine; Sainte Catherine; Santa Caterina,"sainte chrétienne, mégalomartyre, patronne des écoles de filles et des élèves de philosophie",missionnaire,0287-01-01,Alexandrie,0305-01-01,Alexandrie,Rome antique,,,,,,,
MarcusPorciusCato,Marcus Porcius,Cato,Caton l'Ancien; Caton le Censeur,"homme politique et écrivain romain, consul en 195 av. J.-C.","écrivain ou écrivaine, historien romain de l'antiquité, économiste, poète ou poétesse, homme politique de la Rome antique, philosophe, orateur ou oratrice, historien ou historienne, soldat | Caton l'Ancien",0234-00-00,Tusculum,0149-01-01,Rome,Rome antique,,,,,,,
CatonUtique,Caton,Caton d'Utique,Caton le Jeune; Caton d’Utique; Catone; Caton,homme politique romain,"écrivain ou écrivaine, homme politique de la Rome antique, militaire romain, personnalité politique | dit aussi Caton le Jeune",0095-00-00,Rome antique,0046-00-00,Utique,Rome antique,,,,,,,
DaneseCattaneo,Danese,Cattaneo,Danese Catanee,sculpteur italien,"Comment on works: sculptor, architect",1512-01-01,Colonnata,1572-01-01,Padoue,,,,,,,,
EugenioCattaneo,Eugenio,Cattaneo,Eugenio Cattaneo,,,,,,,,,,,,,,
BaldoCattani,Baldo,Cattani,Cataneo/Catani/Cattani/Catanio; Signor Catanio; Baldo Catanio; Baldo Cataneo; Catanio,italian author,"Born in Arezzo, he went to Rome, when Pope Sixtus V asked him to be the recevier of the cardinal bishop Alessandro. (Alessandro Damasceni Peretti di Montalto ?) | aussi connu sous le nom de famille de Cataneo, Catanio et Catani.",,Arezzo,,,,,,,,,,
Catule,Catulle,Catulle,Catule; Q Catule; Catulle,poète lyrique latin de la République romaine,"poète ou poétesse, écrivain ou écrivaine",0084-00-00,Vérone,0054-00-00,Rome,Rome antique,,,,,,,
GiovanniBattistaDeCavalieri,Giovanni Battista de',Cavalieri,Jean Baptiste del Cavalliere; Cavaglier Giovanni Battista,"graveur, dessinateur et éditeur italien","Known for repertories of engravings that eflect the antiquarian interests of his patrons, who were the high clergy of the Counter-Reformation Church in Rome.",1525-00-00,Trento,1601-07-23,Roma,Italie,,,,,,,
PietroCavallini,Pietro,Cavallini,Piettro Cavallini; Pietro Cavallini; PIETRO CAVALLINI; Pierre Cavalini; Cavallini,peintre italien,N/A,1240-01-01,Roma,1330-01-01,Roma,Italie,,,,,,,
GiacomoCavedone,Giacomo,Cavedone,Cavedon; le Cavédon,peintre italien,,1577-04-14,Sassuolo,1660-01-01,Bologne,Italie,,,,,,,
PierreDeCazeneuve,Pierre de,Cazeneuve,Pierre de Cazeneuve; Mr. de Caseneufve,"grammairien, historien, littérateur français","prêtre catholique, conseiller juridique, historien ou historienne",1591-10-31,Toulouse,1652-10-31,N/A,France,,,,,,,
Cain,Caïn,Caïn,Caïn; Cain,personnage biblique,agriculteur ou agricultrice,3900-00-00,N/A,3200-00-00,N/A,,,,,,,,
Cecrops,Cécrops,Cecrops,Cécrops; CECROPS; Cecrops,personnage de la mythologie grecque,N/A,,N/A,,N/A,,,,,,,,
Celesti,,Celesti,Celesti,,"dieu (""africain""?) mentionné par Lomazzo (Idea)",,,,,,,,,,,,
BenvenutoCellini,Benvenuto,Cellini,Benvenuto Cellini,"dessinateur, sculpteur, orfèvre et médailleur italien (1500–1571)","Cellini was one of the best-known and influential Italian Mannerist artists of the 16th century. He worked in Rome for several popes, in France for Francis I, and in Florence for Cosimo I de'Medici. Among his most famous works are the elaborate gold figural salt made for Francis I (now in Vienna) and the bronze statue of Perseus (in Florence, Loggia dei Lanzi). His famous and colorful autobiography (written ca. 1558, but only published in 1728) is generally considered to be an important work of Italian literature, although not entirely factual. Italian Mannerist artist. Comment on works: Sculptor; Draughtsman; Medalist",1500-11-01,Firenze,1571-02-13,Firenze,France,,,,,,,
AulusCorneliusCelsus,Aulus Cornelius,Celsus,Celse,encyclopédiste et médecin romain,"médecin, écrivain ou écrivaine",0025-00-00,N/A,0050-00-00,N/A,Rome antique,,,,,,,
PasquinoCenni,Pasquino,Cenni,Pasquino Cenni,peintre,,,,,,,,,,,,,
Censorin,Censorin,Censorin,Censorin,"grammairien romain, auteur d'un ouvrage sur la naissance","théoricien ou théoricienne de la musique, écrivain ou écrivaine",0250-01-01,N/A,0250-00-00,N/A,Rome antique,,,,,,,
MarcelII,Marcello,Cervini degli Spannochi,Marcel II,pape catholique,"prêtre catholique, bibliothécaire, évêque catholique | Pape sous le nom de Marcel II",1501-05-06,Montefano,1555-05-01,Rome,,,,,,,,
JulesCesar,Jules,Cesar,Jules César; Cesar Dictateur; Giulio Cesare; Jules Cesar; Jule-Cesar; Jule Cesar; Cesar,général et homme d'État romain (100-44 av. J.-C.),"orateur ou oratrice, mémorialiste, dirigeant ou dirigeante, historien romain de l'antiquité, poète ou poétesse, prêtre romain, homme politique de la Rome antique, militaire romain, personnalité politique, chef militaire, écrivain ou écrivaine, historien ou historienne",0100-07-12,Rome,0044-03-15,théâtre de Pompée,Rome antique,,,,,,,
GiuseppeCesari,Giuseppe,Cesari,Cavalier d'Arpin; Joseph Cesari d'Arpino; Chevalier Iosepin; Chevalier Josepin; Giuseppe d’Arpino; Giuseppe Cesari; Joseph d’Arpin; Mario d'Arpino; Joseph Arpino; Joseph Pin; Josepin; JOSEPIN,peintre italien,"Artist specializing in decorative cycles (especially fresco painting) for high-ranking ecclesiastics and Roman princes. He was a favorite of Pope Clement VIII. In Rome his commissions include decoration for the Loggia Orsini, the vault of the Contarelli chapel (S. Luigi de'Francesi), the Capella Olgiati (S. Prassede), and the Palazzo dei Conservatori. He is also noted for designing the mosaics for the dome of St. Peter's. He is typically considered a Late Mannerist artist and his style is sober and clear. His early work is more vigorous and colorful than his later work which is more repetitious. | dit Cavalier d'Arpin dit aussi Chevalier Josepin",1568-02-00,Arpino,1640-07-03,Roma,Italie,,,,,,,
CesareCesariano,Cesare,Cesariano,Cesare Cesariani; Cesariane,artiste italien,Editor and translator of Vitruvius. | On trouve Cesare Cesariani chez Lomazzo.,1475-00-00,Milan,1543-00-00,Milano,,,,,,,,
AlonsoChacon,Alonso,Chacón,Alonso Ciaconius; Ciaconius,dominicain espagnol,,1530-12-15,Baeza,1599-02-14,Roma,couronne de Castille,,,,,,,
Chalcidius,Chalcidius,Chalcidius,"Calcidius, Calcidio; Calcidio",philosophe antique,"philosophe, écrivain ou écrivaine | On trouve aussi ""Calcidius"" et en italien ""Calcidio"".",0350-00-00,N/A,0350-00-00,N/A,Rome antique,,,,,,,
JeanChalette,Jean,Chalette,Monsieur Chalette; Charlette; Chalette; Chalete,peintre français,N/A,1581-00-00,Troyes,1643-01-01,Toulouse,France,,,,,,,
MargueriteChalette,Marguerite,Chalette,Marguerite Chalette,peintre,,,,,,,,,,,,,
JeanBaptisteDeChampaigne,Jean-Baptiste de,Champaigne,JEAN BAPTISTE DE CHAMPAGNE,peintre français du XVIIe siècle,,1631-12-10,Bruxelles,1681-10-27,Paris,Pays-Bas des Habsbourg,,,,,,,
PhilippeDeChampaigne,Philippe de,Champaigne,Philippe de Champaigne; PHILIPPE DE CHAMPAGNE; Mr. Champaigne; Champagne,peintre français (1602–1674),"He was known as one of the greatest portrait painters of 17th-century France. His art was based in an analytical study of appearances and on psychological truth. He was also one of the principal instigators of the Classical tendency and a founder-member of the Académie Royale de Peinture et de Sculpture. He developed an interest in Jansenist thinking, typified by a severe plainness of style. His career overall is marked by a successful integration of foreign elements into French culture and as the representative of the most intellectual current of French painting, having developed from late Mannerism and moving into powerful Baroque images, influenced as much by the Flemish Rubens as by Vouet, and ending with an aesthetic vision of the world and of humanity. Flemish painter. Comment on works: Religious; Portraits; History; Vanitas with skull; Landscapes with religious figures",1602-05-26,Bruxelles,1674-08-12,Paris,royaume de France,,,,,,,
NicolasChaperon,Nicolas,Chaperon,Mr. Chaperon; Chaperon,peintre français,Comment on works: Religious; Mythology,1612-10-19,Châteaudun,1656-01-01,Roma,France,,,,,,,
Charites,Charites,Charitès,Grâces (pour les Romains); Aglaia; Eufrosina; e Talia,divinités de la mythologie grecque,"N/A | ou Grâces pour les Romains. Il s'agit de Euphrosyne, Thalie et Aglaé",,N/A,,N/A,,,,,,,,
Charlemagne,Charlemagne,Charlemagne,Charlemagne; KAROLUS Francorum rex,empereur d'Occident et roi des Francs,"monarque, souverain | Roi des Francs de 768 à 814, Roi des Lombards de 774 à 814 et Empereur d'Occidnet de 800 à 814.",0748-04-02,royaume des Francs,0814-01-28,Aix-la-Chapelle,royaume des Francs,,,,,,,
Charmidas,,Charmidas,Charmas,,Charmas,,,,,,,,,,,,
MartinDeCharmois,Martin de,Charmois,Signor di Ciarmois; Mr. de Charmois,"patrons, courtiers, collector",N/A,1609,N/A,1661,N/A,,,,,,,,
Charon,,Charon,Caronte,,,,,,,,,,,,,,
Chersiphron,Chersiphron,Chersiphron,Ctésiphon; Ctesiphon,architecte antique,architecte,0550-00-00,Cnossos,0600-01-01,N/A,,,,,,,,
AgostinoChigi,Agostino,Chigi,Agostino Chigi; Augustin Chigi; Augustin Ghisi; Chygi,n/a,"entrepreneur ou entrepreneuse, armateur, banquier, mécène",1465-00-00,Sienne,1520-04-10,Rome,,,,,,,,
Childebert,Childebert,Childebert,Childebert Ier; Childebert,roi franc du VIe siècle,monarque | Roi des Francs de Paris de 511 à 558 et d'Orléans à partir de 524.,0497-01-01,Reims,0558-12-23,Paris,,,,,,,,
SaintChristophe,Christophe,Christophe de Lycie,Christophe de Lycie; Saint Cristofle,saint catholique,N/A,0300-01-01,Canaan,0251-00-00,Anatolie,,,,,,,,
Cicene,,Cicene,Cicene,,Peintre grecque mentionnée par Lomazzo (Idea).,,,,,,,,,,,,
Ciceron,Marcus Tullius,Cicero,Cicéron; Ciceronis; Cicerone; Ciceron; Tullio; Cicero,"orateur, homme politique et philosophe romain","philosophe, poète ou poétesse, théoricien ou théoricienne politique, juriste, écrivain ou écrivaine, prêtre romain, homme politique de la Rome antique, militaire romain, avocat ou avocate, orateur ou oratrice, personnalité politique",0106-01-03,Arpino,0043-12-07,Formia,Rome antique,,,,,,,
CimaDaConegliano,Giovanni Battista,Cima da Conegliano,Cima da Conegliano; Jean Batiste de Corrigliano,peintre vénitien de la Renaissance,Died in Conegliano or Venice (Italy). Comment on works: Religious; History | dit Cima da Conegliano Jean Batiste de Corrigliano chez Monier,1459-01-01,Conegliano,1517-01-01,Venezia,république de Venise,,,,,,,
Cimabue,Cimabue,Cimabue,Cimabue; Jean Cimaboüe; CIMABUE.; Cimaboüe; Cimabuë; Cimabué; Cimabüe; Cimabos,peintre italien de la pré-Renaissance,Italian artist.,1240-00-00,Firenze,1302-00-00,Pisa,République florentine,,,,,,,
BartolomeoCincani,Bartolomeo,Cincani,Montagna; Bartelemi Montagne de Vicenze; Maître Bartelemi,peintre italien,Comment on works: religious | dit Montagna Bartelemi Montagne de Vicenze chez Monier,1450-10-11,Orzinuovi,1523-10-11,Vicenza,république de Venise,,,,,,,
Cinegirus,,Cinegirus,Cinegirus,,,,,,,,,,,,,,
VanniCinuzzi,Vanni,Cinuzzi,Vanni Cinuzzi,peintre,,,,,,,,,,,,,
GirolamoCiocca,Girolamo,Ciocca,Hierosme Chiocca,n/a,artiste peintre,1569-00-00,Milan,1630-00-00,N/A,,,,,,,,
AntonioMariaCiocchiDelMonte,Antonio Maria,Ciocchi del Monte,Antonio Maria Ciocchi del Monte; Anthoine Cardinal del Monte,prélat catholique,"prêtre catholique, évêque catholique",1461-09-00,Monte San Savino,1533-09-20,Rome,,,,,,,,
JulesIII,Giovanni Maria,Ciocchi del Monte,Jules III; Jules troisiéme,pape de l'Église catholique romaine,"prêtre catholique, évêque catholique | Pape sous le nom de Jules III",1487-09-19,Rome,1555-04-02,Rome,États pontificaux,,,,,,,
ValerioDiSimoneCioli,Valerio di Simone,Cioli,Valerio Cioli,artiste italien,N/A,1529-01-01,Florence,1599-12-29,N/A,Italie,,,,,,,
Orcagna,"Andrea, di",Cione,Orcagna; André Orgagna di Cione; ANDRE ORGAGNA; André Organa,peintre italien,"Brother of Jacopo di Cione, Matteo di Cione (died ca. 1390), and Nardo di Cione (died 1365 or 1366). Orcagna was enrolled in the Florentine Stonemason's Guild in 1352, a decade after he matriculated in the Arte dei Medici e Speziali as a painter in 1343. Giorgio Vasari (in his Lives of Seventy Painters, Sculptors, and Architects, 1568) states that Orcagna was trained by Andrea Pisano, also active as both a sculptor and architect, but he was supported for membership in the Stonemason's Guild by Neri di Fioravanti. Comment on works: religious",1315-00-00,Firenze,1368-00-00,Firenze,Italie,,,,,,,
NiccoloCircignani,Niccolo,Circignani,"Le Pomarancio. Nom de famille : Cincignani, Cercignani, Cirgnani; Nicolò Circignani Pomarancio; Nicola dalle Pomerance; le Pomarancio",peintre italien,"His style was influenced by Florentine and Roman Mannerism. He is particularly noted for fresco cycles in S. Apollinare and S. Stefano Rotondo, Rome, following the didactic style influenced by post-Tridentine mandates, including emotional portayals of the tortures of Christian martyrs. His later works show a transition from Mannerism to a more monumental style. His last identified work is dated 1596. | dit Le Pomarancio",1517-01-01,Pomarance,1597-01-01,Città della Pieve,Italie,,,,,,,
VincenzoCiverchio,Vincenzo,Civerchio,Vincent Verochio; Civerchio,peintre italien,Comment on works: religious | dit Vincenzo Civerchio ou Il Civerchio Vincent Verochio chez Monier,1470-01-01,Crema,1544-01-01,Crema,,,,,,,,
MatteoDiGiovanniCivitali,Matteo di Giovanni,Civitali,Mattieu Luquois,"sculpteur, peintre et architecte italien de la seconde moitié du XVe siècle",Comment on works: Sculptor,1436-01-01,Lucca,1502-01-01,Lucca,Italie,,,,,,,
GiovanniBattistaClarici,Giovanni Battista,Clarici,il Clariccio,"cartographers, architect, artist, engineer, painter",,1542-00-00,Urbino,1602-12-01,Milano,,,,,,,,
JoosVanCleve,Joos van,Cleve,Jean de Cleves,peintre néerlandais,"Possibly born in Kleve. Joos van Cleve is considered one of the most important and influential artists working in Antwerp in the early 16th century. He was particularly known for his images of the Virgin and Child and the Holy Family although he painted a wide range of subjects reflecting the social, artistic and mercantile aspects of the city of Antwerp. Comment on works: History",1485-00-00,Kleve,1540-00-00,Antwerpen,Pays-Bas des Habsbourg,,,,,,,
GiulioClovio,Giulio,Clovio,Don Giulio Clovio; Dom Julio Clovio; Julles Clovio,peintre italien,Comment on works: Miniatures; Religious; History,1498-01-01,Hrvatska,1578-01-03,Roma,Italie,,,,,,,
Clovis,Clovis,Clovis,Clovis Ier; Clovis,roi des Francs de 481 à 511,monarque | Roi des Francs de 481 à 511.,0466-01-01,N/A,0511-11-27,Paris,royaume des Francs,,,,,,,
Cleanthe,Cléanthès,Cléanthe,Cléanthès; Cleante,médecin antique,médecin,,N/A,,N/A,,,,,,,,
Clelie,Clélie,Clélie,Clélie; Clelia,figure semi-légendaire des débuts de Rome,N/A,,N/A,,N/A,Rome antique,,,,,,,
CimonDeCleones,"Cimon, de",Cléones,Cimon de Cléones; Cimon et Cleonée; Cimone Cleoneo; Simon Cleonée,peintre antique,artiste peintre,0550-00-00,Corinthe,0500-00-00,N/A,,,,,,,,
SimonCleonee,"Simon, de",Cléonée,Simon Cleonée,,,,,,,,,,,,,,
Cleopatre,Cléopâtre,Cléopatre,Cléopâtre; Cleopatra; Cleopatre; Cléopatre,"reine d'Égypte, de 51 à 30 av. J.-C.","souverain, monarque",0069-01-13,Alexandrie,0030-08-12,Alexandrie,royaume ptolémaïque,,,,,,,
Anfione,Anfione,Cnossos,Anfione di Cnossos; Anfione,sculpteur de la Grèce antique,sculpteur ou sculptrice,0450-00-00,Cnossos,0500-00-00,N/A,,,,,,,,
HieronymusCock,Hieronymus,Cock,Jerosme Kouc; Jerôme Cock,graveur et imprimeur anversois (1518-1570),Comment on works: Landscapes with religious or mythological figures | Jérôme Cock chez Monier,1518-01-01,Antwerpen,1570-10-20,Antwerpen,Pays-Bas méridionaux,,,,,,,
MaertenDeCock,Maerten de,Cock,Martin Cook,"artist, engraver, draftsman, painter",Comment on works: drawings,1580,N/A,1690,N/A,,,,,,,,
HoratiusCocles,Horatius,Coclès,Lars Porsena; Horatius Cocles,héros légendaire romain,militaire romain,0600-00-00,N/A,,N/A,Rome antique,,,,,,,
BenedettoCoda,Benedetto,Coda,Benoist Coda de Ferrare,peintre italien,Comment on works: religious | Benoist Coda de Ferrare pour Monier ?,1492-01-01,Trévise,1535-01-01,Rimini,,,,,,,,
MaykenCoecke,Mayken,Coecke,N/A; Mayken Coecke,n/a,artiste peintre | Fille de Pieter Coecke. Femme de Pieter Bruegel le Vieux,1545-00-00,Bruxelles,1578-00-00,Bruxelles,,,,,,,,
PieterCoeckeVanAelst,Pieter,Coecke van Aelst,Pierre Cocuek; PIERRE KOUC; Pierre Kouc,peintre et architecte-scénographe flamand (1502–1550),"Diverse artist most famous for his publishing activity. The translation of Sebastiano Serlio that he issued from 1539 played a large role in spreading Renaissance ideas in the Netherlands. His artwork is heavily influenced by Italian art. Pieter Coecke's second wife, Mayken Verhulst and several of his sons from his first and second marriages, including Pieter II and Paul, continued his workshop in Brussels after his death. Van Mander stated that Coecke was the teacher of his son-in-law, Pieter Bruegel the Elder, but there is no influence of Coecke in Bruegel's work. Comment on works: Religious; Turkish scenes; Landscapes",1502-08-14,Aalst,1550-12-06,Bruxelles,Pays-Bas méridionaux,,,,,,,
EdouardColbertVillacerf,Edouard,Colbert,Édouard Colbert de Villacerf; MARQUIS DE VILACERF,n/a,personnalité politique | Marquis de Vilacref,1628-00-00,N/A,1699-10-17,Paris,France,,,,,,,
JeanJulesArmandColbert,Jean Jules Armand,Colbert,Jean Jules Armand Colbert; JULE ARMAND COLBERT,général français,militaire | Quatrième fils de Jean-Baptiste Colbert,1663-12-17,N/A,1704-08-13,Ulm,France,,,,,,,
JeanBaptisteColbert,Jean-Baptiste,Colbert,Jean-Baptiste Colbert; Monsieur Colbert; M. Colbert; Colbert,"homme d'État français, ministre de Louis XIV, contrôleur général des finances","économiste, personnalité politique, juriste, agent administratif | Surintendant des Bâtiments",1619-08-29,Reims,1683-09-06,Paris,France,,,,,,,
AdriaenCollaert,Adriaen,Collaert,Collært,graveur flamand,N/A,1560-01-01,Antwerpen,1618-06-29,Antwerpen,Pays-Bas méridionaux,,,,,,,
RaffaellinoDelColle,Raffaellino del,Colle,Rafaël Dal Colle Borghese,peintre italien,Comment on works: Religious,1490-01-01,Sansepolcro,1566-11-17,Sansepolcro,République florentine,,,,,,,
ChristopheColomb,Christophe,Colomb,Christophe Colomb; Cristofle Colomb,navigateur et explorateur italien,"explorateur ou exploratrice, marin, navigateur ou navigatrice, voyageur ou voyageuse, inventeur",1451-00-00,Gênes,1506-05-20,Valladolid,république de Gênes,,,,,,,
FrancoisColombeDuLys,François,Colombe du Lys,Colombe du Lys,peintre français actif à Toulouse,artiste peintre,1595-00-00,Domrémy-la-Pucelle,1661-01-01,Toulouse,,,,,,,,
ArnaudColomiez,Arnaud,Colomiez,ARNAUD COL0MIEZ,,,,,,,,,,,,,,
MartinV,Odo,Colonna,Martin V; Martin Cinquieme,pape de l'Église catholique romaine,"prêtre catholique, écrivain ou écrivaine, diacre de transition | Pape sous le nom de Martin V",1369-01-01,Genazzano,1431-02-20,Rome,États pontificaux,,,,,,,
PompeoColonna,Pompeo,Colonna,Pompeo Colonna; Cardinal Colonne,cardinal de l'Église catholique romaine,"poète ou poétesse, prêtre catholique, évêque catholique",1479-05-12,Rome,1532-06-28,Naples,États pontificaux,,,,,,,
VittoriaColonna,Vittoria,Colonna,Vittoria Colonna; Marquise de Pescara,n/a,"poète ou poétesse, écrivain ou écrivaine",1490-04-01,Marino,1547-02-25,Rome,,,,,,,,
DenysDeColophon,"Denys, de",Colophon,Dionysios de Colophon; Dionisio,peintre grec,artiste peintre | imitateur de Polygnote,0500-01-01,Colophon,0500-01-01,N/A,,,,,,,,
Colote,Colotès,Colotès,Colotès; Colloteico; Colote,philosophe antique,philosophe | Peut-être Colotès en français,0320-00-00,Lampsaque,,N/A,,,,,,,,
Columelle,Columelle,Columelle,Columelle,agronome romain,"écrivain ou écrivaine, poète ou poétesse",0004-01-01,Cadix,0070-01-01,Tarente,Rome antique,,,,,,,
GregorioComanini,Gregorio,Comanini,Gregorio Comanini; Don Gregorio Comanino,poète et historien italien,"poète ou poétesse, historien ou historienne",1550-00-00,Mantoue,1608-00-00,Mantoue,,,,,,,,
Commode,Commode,Commode,Commode; Empereur Commode,empereur romain de 180 à 192,dirigeant ou dirigeante,0161-08-31,Lanuvium,0192-12-31,Rome,Rome antique,,,,,,,
DomenicoCompagni,Domenico,Compagni,Dominique de Cameï,graveur italien,"orfèvre graveur ou graveuse, médailleur | graveur italien",1600-00-00,Rome,1586-00-00,,,,,,,,,
Concini,famille,Concini,,,famille d'Arezzo,,,,,,,,,,,,
AscanioCondivi,Ascanio,Condivi,Ascanio Condivi,peintre italien,"artiste peintre, sculpteur ou sculptrice, écrivain ou écrivaine, historien ou historienne de l'art, biographe",1525-00-00,Ripatransone,1574-12-10,Ripatransone,,,,,,,,
EugeneIV,Gabriele,Condulmer,Eugene IV; Eugene le quart; Pape Eugene quatriéme; Pape Eugene; Eugène IV.,"207e pape de l'Église catholique, de 1431 à 1447","philosophe, prêtre catholique, évêque catholique",1383-01-01,Venise,1447-02-23,Rome,république de Venise,,,,,,,
ConstanceII,Constance,Constance II,Constance II; Constantius; Constance,empereur romain de 337 à 361,personnalité politique,0317-08-07,Sirmium,0361-11-03,Cilicie,Rome antique,,,,,,,
Constant,Constant,Constant Ier,Constant Ier; Constant,empereur romain de 337 à 350,personnalité politique,0320-01-01,Italie,0350-01-18,Elne,Rome antique,,,,,,,
ConstantII,Constant,Constant II,Constant II,empereur byzantin de 641 à 668,empereur | Empereur byzantin de 641 à 668,0630-11-07,Constantinople,0668-09-15,Syracuse,Empire byzantin,,,,,,,
Constantin,Constantin,Constantin Ier,Constantin le Grand; Magno Constantino; Grand Constantin; Costantino; Constantin,empereur romain de 310 à 337,"personnalité politique, militaire, souverain",0272-02-27,Niš,0337-05-22,Nicomédie,Rome antique,,,,,,,
ConstantinV,Constantin,Constantin V,Constantin V; Constantin Copronime,empereur byzantin de 741 à 775,souverain | Empereur byzantin de 741 à 775,0718-00-00,Constantinople,0775-09-14,N/A,Empire byzantin,,,,,,,
ConstantinVI,Constantin,Constantin VI,Constantin VI,empereur byzantin de 780 à 797,personnalité politique | Empereur byzantin de 7980 à 797,0771-01-14,Constantinople,0798-00-00,Constantinople,Empire byzantin,,,,,,,
SainteConstance,Constance,Constantina,Constantina; Sainte Constance,fille de l'empereur romain Constantin le Grand,"garde malade | Impératrice, fille de l'empereur Constantin Ier ; considérée comme Sainte",0315-00-00,Rome,0354-01-01,Empire romain,Rome antique,,,,,,,
LazareDeConstantinople,Lazare de,Constantinople,Lazare de Constantinople; Moine Lazare,personne ecclésiastique arménienne,"moine ou moniale, iconographe",0810-00-00,Empire byzantin,0867-01-01,Galata,Empire byzantin,,,,,,,
NataleConti,Natale,Conti,Natalis Comes,historien milanais,"historien ou historienne, mythographe, poète ou poétesse | dit aussi Natalis Comes ou Noël Conti",1520-01-01,Milan,1582-01-01,Milan,république de Venise,,,,,,,
AntonioDaSangalloIlGiovane,Antonio,Cordiani,Antonio da Sangallo le Jeune; Antoine Sangalo; Antoine Sangal; du Sangal; le Sangal,architecte italien,"Son of Antonio Cordiani and Smeralda Giamberti, a sister of Giuliano da Sangallo and Antonio da Sangallo the Elder. Antonio da Sangallo the Younger dominated the architectural scene in Rome during the second quarter of the sixteenth century. Probably trained by his uncles, he was taken by Giuliano to Rome around 1503. By his mid-thirties, Antonio the Younger had acquired practical experience on a variety of building projects under the leading masters of the High Renaissance (including Bramante and Raphael). Around 1515, he became the personal architect of Cardinal Alessandro Farnese (later Pope Paul III), for whom he began the Palazzo Farnese in Rome (ca.1515 - 1546) and the fortress of Caprarola (ca. 1521 - ca. 1527), which was later transformed into a villa by Giacomo Barozzi da Vignola. Under Paul III, he became a leading expert and practitioner of military architecture. Italian architect, known as ""the Younger"". | dit Antonio da Sangallo le Jeune",1484-04-12,Firenze,1546-08-03,Terni,,,,,,,,
Aristeas,"Aristéas, de",Corinthe,,,,,,,,,,,,,,,
Cleophante,"Cléophante, de",Corinthe,Cléophantos; Cleophante Corintien; Cleofante Corinthio; Cleofantes; Cleophante; Cléophante; Cleofante,peintre antique,artiste peintre,1400-00-00,N/A,1400-00-00,N/A,,,,,,,,
DemarateDeCorinthe,Demarate de,Corinthe,Démarate de Corinthe; Demaratus; Demarate,noble corinthien,N/A,0700-00-00,Corinthe antique,0700-00-00,Tarquinia,Corinthe antique,,,,,,,
AlviseCornaro,Alvise Luigi,Cornaro,Cornaro,philosophe italien,N/A,1484-00-00,Venezia,1566-05-08,Padova,république de Venise,,,,,,,
MichelCorneille,"Michel, le vieux",Corneille,Michel Corneille,peintre et graveur français (1601-1664),,1601-01-01,Orléans,1664-06-13,Paris,France,,,,,,,
PierreCorneille,Pierre,Corneille,PIERRE CORNEILLE DERYK; Pierre Corneille; Corneille,dramaturge et poète français (1606-1684),N/A,1606-06-06,Rouen,1684-10-01,Paris,royaume de France,,,,,,,
CornelisVanHaarlem,Cornelius,Cornelii,CORNEILLE CORNEILLE; Cornélius Cornélii,peintre néerlandais,,1562-01-01,Haarlem,1638-11-11,Haarlem,Pays-Bas des Habsbourg,,,,,,,
LucasCornelisz,Lucas,Cornelii,Lucas Cornélii,peintre néerlandais,,1493-01-01,Leyde,1552-01-01,Leyde,Pays-Bas,,,,,,,
CornelisCort,Cornelis,Cort,Corneille Cort,artiste néerlandais,Comment on works: copper engraver; engraver; etcher,1533-01-01,Hoorn,1578-03-27,Roma,Provinces-Unies,,,,,,,
PierreDeCortone,Pietro da,Cortona,Pietro Berrettini; Pierre Beretin de Cortonne; Piettro de Cortona; Pierre de Cortone; Piétre de Cortone; Pietro de Cortone; PIETRE BERETIN; Pierre Beretin; Beretin,peintre et architecte italien,"Son of Giovanni Berretoni, decorative carver. Born 1 November 1596, died 16 May 1669.",1596-11-01,Cortona,1669-05-16,Roma,Italie,,,,,,,
HernanCortes,Hernán,Cortés,Hernán Cortés; Ferdinand Cortés; Cortés,conquistador espagnol (1485-1547),"explorateur ou exploratrice, gouverneur, conquistador",1485-00-00,Medellín,1547-12-02,Castilleja de la Cuesta,Espagne,,,,,,,
MatthiasCorvin,Matthias,Corvin,Matthias Corvin; Mathias Corvinus Roy de Hongrie,"roi de Hongrie, roi de Bohême, duc d'Autriche","personnalité politique, monarque | Matthias Ier de Hongrie de 1458 à 1490",1443-02-24,Cluj-Napoca,1490-04-06,Vienne,Hongrie,,,,,,,
PieroDiCosimo,Piero,Cosimo,Pierre de Cosimo; Cosimo Rosselli; Pietro Cosimo; PIETRO COSIMO; Pierre Cosimo,peintre italien,Comment on works: Religious | dit Piero Cosimo,1462-01-02,Firenze,1522-04-12,Firenze,,,,,,,,
SilvioCosini,Silvio,Cosini,Silvio Cosini,"stuccoists, artist, sculptor",N/A,1495-01-01,Poggibonsi,1549-01-01,Milano,,,,,,,,
LorenzoCosta,Lorenzo,Costa,Laurent Costa Ferrarois; LAURRENZO COSTA; Laurent Costa; Costa,peintre italien (1460–1535),"Worked for the ruling Bentivoglio family in Bologna and succeeded Mantegna as court painter at Mantua in 1507. Little of his large-scale work survives. His paintings are often noted for their delicate landscapes. He was older than his contemporary, Lorenzo Mantovano Costa, and is thus sometimes called ""Lorenzo Costa the elder,"" although they were not father and son (they may have been grandfather and grandson, although any familial relationship is uncertain). Comment on works: religious, history",1460-00-00,Ferrara,1535-05-03,Mantova,Italie,,,,,,,
JeanICotelle,Jean le Vieux,Cotelle,Cotelle,"architecte, graveur et peintre français (1607-1676)",,1607-12-24,N/A,1676-03-25,Paris,France,,,,,,,
FrancisCottington,Francis,Cottington,Baron / Chancelier Cottington; Chancelier Cottington,"homme politique et diplomate anglais, 1er baron Cottington","diplomate, personnalité politique | Baron ou Chancelier",1579-00-00,N/A,1652-00-00,N/A,,,,,,,,
JacquesCouplet,Jacques,Couplet,Mr. Couplet,sculptor,N/A,1610,N/A,1657,N/A,,,,,,,,
JeanCousin,Jean,Cousin,Jean Cousin; JEAN COUSIN; Cousin,"peintre, sculpteur et graveur français","Possibly born in Souci, near Sens. Very little documented work by this successful artist survives; exceptions are three tapestries from a series on the life of St. Mammès, the painting ""Eva Prima Pandora,"" and two windows in Sens Cathedral. In 1560 he published a treatise on perspective. He probably died in Paris. Comment on works: Portraits; History",1490-00-00,Sens,1560-00-00,Paris,France,,,,,,,
PierreCoustau,Pierre,Coustau,"Petrus Costalius, il Costa; Costa","jurisconsulte et humaniste, avocat au Parlement de Paris. vraisemblablement identifiable au traducteur de l'hébreu Petrus Costus","juriste, humaniste de la Renaissance, avocat ou avocate | Aussi connu sous son nom latin Petrus Costalius. On trouve aussi chez Lomazzo ""il Costa"" (Idea).",1550-01-01,Paris,1550-01-01,N/A,France,,,,,,,
MichelICoxie,Michel I,Coxie,Michel Cocxisien; Michel Coxis de Malines; MICHEL COXIS,peintre flamand,,1499-03-14,Mechelen,1585-00-00,Mechelen,Pays-Bas des Habsbourg,,,,,,,
SimoneDeiCrocifissi,Simone,Crocifissi,Simone dei Crocifissi; Simon du Crucifix,"artist, painter",Comment on works: religious | dit Simone dei Crocifissi,1330-00-00,Bologne,1399-00-00,Bologne,États pontificaux,,,,,,,
MilonDeCrotone,"Milon, de",Crotone,Milon de Crotone; Milone,lutteur du VIe siècle av. J. C.,lutteur | athlète grec du VIe siècle originaire de Crotone,0550-00-00,Crotone,0600-00-00,cap Colonna,,,,,,,,
Cresus,Crésus,Crésus,Crésus; Cressus; Cresus; Creso,roi de Lydie et dernier souverain de la dynastie des Mermnades (vers 596-Vers 546 av. J.-C.),homme d'État,0596-00-00,N/A,,Sardes,,,,,,,,
Cupidon,Cupidon,Cupidon,Cupidon; Cupido,dieu de l'amour dans la mythologie romaine,N/A,,N/A,,N/A,,,,,,,,
LuciusPapiriusCursor,Lucius,Cursor,Lucius Papirius Cursor; Papyrius,consul et dictateur romain,"homme politique de la Rome antique, militaire romain",0350-00-00,Rome antique,0350-01-01,N/A,Rome antique,,,,,,,
InnocentVIII,Giovanni Battista,Cybo,Innocent VIII; Innocentio ottavo; Innocent huitiéme; Innocent,pape de l’Église catholique romaine,prêtre catholique | Pape sous le nom d'Innocent VIII,1432-11-30,Gênes,1492-07-25,Rome,,,,,,,,
Cybele,Cybèle,Cybèle,Cybèle; Cybelle; Cibele,divinité d'origine phrygienne,N/A,,N/A,,N/A,,,,,,,,
Cyllare,Cyllare,Cyllare,Cyllare,n/a,N/A,,N/A,,N/A,,,,,,,,
Theodoret,"Theodoret, de",Cyrus,Théodoret de Cyr; Teodoret,"évêque, théologien et historiographe chrétien de langue grecque","prêtre, historien ou historienne de l'Église, historien ou historienne, écrivain ou écrivaine",0393-01-01,Antioche,0457-00-00,Cyrrhus,,,,,,,,
CyrusII,Cyrus,Cyrus II,Cyrus II; Cyrus; Cirus; Cyre,fondateur de l’Empire perse,"souverain, chef militaire, fondateur ou fondatrice, monarque",0600-00-00,Anshan,0530-00-00,Syr-Daria,Empire achéménide,,,,,,,
SainteCecile,Cécile,Cécile de Rome,Cécile de Rome; Saincte Cecile; Sainte Cécile; Santa Cecilia; sainte Cecile; Ste. Cecille,sainte chrétienne patronne des musiciens,musicien ou musicienne,0180-00-00,Rome,0230-11-22,Rome,Rome antique,,,,,,,
Simonide,Simonide,"Céos, de",Simonide,,,,,,,,,,,,,,
Ceres,Cérès,Cérès,Cérès; Ceres,"déesse romaine de l'agriculture, des moissons et de la fécondité",N/A,,N/A,,N/A,,,,,,,,
EusebeDeCesaree,Eusèbe de,Césarée,Eusèbe de Césarée; Eusebe de Cesarée; Eusebe Pamphile; Eusebe,évêque et auteur chrétien des IIIe-IVe siècles,"théologien ou théologienne, prêtre, écrivain ou écrivaine, historien ou historienne",0265-00-00,Césarée,0339-00-00,Césarée,Rome antique,,,,,,,
SaintFidele,Saint-Fidèle,Côme,Fidèle de Côme; San Fedele,n/a,N/A | Aussi connu sous le nom de Fidèle de Côme.,,N/A,0304-00-00,Sorico,,,,,,,,
BattistaDelMoro,Battista,d'Agnolo,Battista del Moro; Baptiste Delmoro; Batiste d’Angelo,peintre italien du XVIe siècle,"Comment on works: religious | ou Battista Angolo del Moro appelé aussi Angeli et, occasionnellement, Angelo ou Agnolo",1512-01-01,Verona,1573-00-00,Venise,république de Venise,,,,,,,
DemetriosAlopece,Démétrios,d'Alopèce,Démétrios d'Alopèce; Démetrius; Demetrio,sculpteur antique,sculpteur ou sculptrice,0500-00-00,Alopèce,0400-00-00,Athènes,Athènes,,,,,,,
CarloLuigiDAragonaTagliava,Carlo Luigi,d'Aragona Tagliava,Magnus Siculus; Duca di Terranova,général italien,"diplomate | Aussi surnommé ""Magnus Siculus"".",1520-00-00,Palerme,1599-01-01,Madrid,,,,,,,,
TigraneLeGrand,Tigrane II,d'Arménie,Tigrane d'Arménie; Tigranes; Tigrane,roi d'Arménie,souverain,0140-01-01,Artachat,0055-01-01,royaume d'Arménie,,,,,,,,
AlbertVII,Albert,d'Autriche,Albert VII; l'Archiduc Albert d'Autriche; l'Archiduc Albert; Archiduc Albert,cardinal de l'Église catholique romaine,"militaire, dirigeant ou dirigeante | Vice-roi du Portugal de 1580 à 1593, gouverneur des Pays-Bas de 1595 à 1598 puis archiduc souverain des Pays-Bas de 1598 à 1621",1559-11-15,Wiener Neustadt,1621-07-13,Bruxelles,archiduché d'Autriche,,,,,,,
AnneDAutriche,Anne,d'Autriche,Anne d'Autriche; Reyne Regente; Reine Regente,"infante d’Espagne, reine consort de France et de Navarre (1601-1666)",reine régnante | Reine (1615 à 1643) puis Régente (1643-1651) du royaume de France,1601-09-22,Valladolid,1666-01-20,Paris,Espagne,,,,,,,
MarieThereseDAutriche,Marie thérèse,d'Autriche,Infante d'Espagne; Infante d’Espagne,reine de France,régent ou régente,1638-09-10,Madrid,1683-07-30,Versailles,France,,,,,,,
CatherineDAutriche,Catherine,d'Autriche,Catherine d'Autriche,"princesse de la dynastie des Habsbourg, reine de Pologne et grande duchesse de Lituanie (1494-1557)","aristocrate | Par sa naissance, elle est archiduchesse d'Autriche et princesse de Hongrie et de Bohême, avant de devenir duchesse de Mantoue, reine de Pologne et grande-duchesse de Lituanie.",1533-09-15,Innsbruck,1572-02-28,Linz,,,,,,,,
CatherineMichelleDAutriche,Catherine-Michelle,d'Autriche,Catherine-Michelle d'Autriche; Donna Caterina d'Austria,femme politique espagnole,"personnalité politique | Fille de Philippe II d'Espagne et d'Elisabeth de France, elle devient duchesse de Savoie en 1585.",1567-10-10,Madrid,1597-11-06,Turin,Espagne,,,,,,,
ErnestDAutriche,Ernest,d'Autriche,Ernest d'Autriche; Arciduca Ernesto,archiduc autrichien (1553-1595),personnalité politique | Archiduc du Saint Empire de 1594 à 1595.,1553-06-15,Vienne,1595-02-12,région métropolitaine de Bruxelles,Saint-Empire romain germanique,,,,,,,
DonJuanDAutriche,Juan,d'Autriche,Don Juan d'Autriche; Don Giovan d'Austria,prince espagnol ayant vécu au XVIe siècle,"condottiere, diplomate, officier, militaire | Fils illégitime de Charles Quint.",1547-02-24,Ratisbonne,1578-10-01,Namur,Espagne,,,,,,,
MarieDAutriche,Marie,d'Autriche,Marie de Hongrie; Reine de Hongrie,gouvernante des Pays-Bas espagnols et reine consort de Hongrie et de Bohême (1505-1558),"régent ou régente | Archiduchesse d'Autriche, infante d'Espagne et, par son mariage, reine consort de Hongrie et de Bohême. Aussi connue sous le nom de ""Marie de Hongrie"".",1505-09-15,région métropolitaine de Bruxelles,1558-10-18,Cigales,couronne de Castille,,,,,,,
CharlesIIEspagne,Charles,d'Espagne,Charles II d'Espagne,roi d'Espagne,dirigeant ou dirigeante | Roi de 1665 à 1700,1661-11-06,Madrid,1700-11-01,Madrid,Espagne,,,,,,,
PhilippeIV,Philippe,d'Espagne,Philippe IV d'Espagne; Philippe IV,roi espagnol de la maison de Habsbourg (1605-1665),"monarque, dirigeant ou dirigeante, personnalité politique, collectionneur ou collectionneuse d'œuvres d'art",1605-04-08,palais royal de Valladolid,1665-09-17,N/A,Espagne,,,,,,,
HerculeIIEste,Hercule,d'Este,Hercule II; Hercule de Ferrare; Le Duc Hercules; Hercules II,"duc de Ferrare, de Modène et de Reggio d'Emilie",personnalité politique | Duc de Ferrare,1508-04-05,Ferrare,1559-10-03,Ferrare,,,,,,,,
BeatriceDEste,Beatrice,D'Este,Béatrice d'Este; duchessa Beatrice,"duchesse de Milan et de Bari, femme d'État","duc, homme d'État, modéliste, personnalité politique, mécène, ambassadeur ou ambassadrice, chasseur ou chasseresse, cavalier, luogotenente | épouse de Ludovico Sforza",1475-06-29,Ferrare,1497-01-03,Milan,duché de Ferrare,,,,,,,
GuillaumeInspruck,Guillaume,d'Inspruck,Guillaume d'Inspruck; Guillaûme Oltramontano,n/a,architecte,,N/A,,N/A,,,,,,,,
MarcoDOggiono,Marco,D'Oggiono,Marco Uggioni,peintre italien,ou Marco Uggioni,1470-00-00,Oggiono,1540-00-00,Milano,Italie,,,,,,,
MichelinoDaBesozzo,Michelino,da Besozzo,Michelino de' Molinari; Michelino da Besozzo,peintre italien,Aussi connu sous le nom de Michelino de' Molinari,1370-01-01,Besozzo,1455-01-01,N/A,,,,,,,,
PieroDaVinci,Piero,Da Vinci,Pierre de Vinci; Piero suo padre; Piero da Vinci,père de Léonard de Vinci,"N/A | Pierre de Vinci, père de Léonard de Vinci, notaire et procureur de la ville de Vinci",1426-00-00,N/A,1504-07-09,N/A,,,,,,,,
BernardoDaddi,Bernardo,Daddi,Bernardo Daddi,"fresco painter, painter",N/A,1290,N/A,1348,N/A,,,,,,,,
Dagobert,Dagobert,Dagobert,Dagobert Ier; Dagobert,roi des Francs de la dynastie mérovingienne,monarque | Roi des Francs de 629 à 639.,0611-00-00,N/A,0639-01-19,Saint-Denis,France,,,,,,,
Dagon,Dagon,Dagon,Dagon,dieu sémitique,N/A | dieu des populations sémitiques occidentales antiques,,N/A,,N/A,,,,,,,,
GaspardDeDaillonDuLude,Gaspard de,Daillon du Lude,Gaspard de Daillon; Monsieur du Lude,prélat français,"prélat, évêque catholique",1603-01-01,Paris,1676-07-25,N/A,France,,,,,,,
LippoDalmasio,Lippo,Dalmasio,Lippo Dalmasio,peintre italien,Comment on works: Religious,1352-01-01,Bologne,1410-01-01,Bologne,seigneurie de Bologne,,,,,,,
Danae,Danaé,Danaé,Danaé; Danae,"personnage de la mythologie grecque, fille d'Acrisios et d'Eurydice, mère de Persée",N/A,,N/A,,N/A,,,,,,,,
PellegrinoDaSanDaniele,Pellegrino,Daniele,Pellegrino da San Daniele; Jean Martin d’Udine,peintre italien,N/A | connu comme Pellegrino da San Daniele Jean Martin d’Udine chez Monier,1467-01-01,San Daniele del Friuli,1547-12-17,Udine,république de Venise,,,,,,,
IgnazioDanti,Ignazio,Danti,Ignazio Danti; Egnatio Danti; P. Danti,n/a,"astronome, cartographe, mathématicien ou mathématicienne, prêtre catholique, professeur, cosmographe, philosophe, évêque catholique",1536-04-30,Pérouse,1586-10-19,Alatri,Italie,,,,,,,
JeanDaret,Jean,Daret,Mr. Daret,peintre et graveur français (1613-1668),N/A,1613-01-01,Bruxelles,1668-01-01,Aix-en-Provence,Pays-Bas des Habsbourg,,,,,,,
PierreDaret,Pierre,Daret,P. DARET,graveur français (1604-1678),,1604-01-01,Paris,1678-03-29,Département des Landes,France,,,,,,,
DariusIII,Darius,Darius III,Darius III; Darius,roi de Perse de 336 à 330 av. J.-C.,monarque,0380-00-00,Perse,0330-01-01,Bactriane,Empire achéménide,,,,,,,
Dathan,Dathan,Dathan,Dathan,personnage biblique,N/A,,N/A,,N/A,,,,,,,,
CarloDati,Carlo Roberto,Dati,Carlo Dati,philologue et scientifique italien,"Professor of classics at the Studio Fiorentino from 1648. And a member of the Accademia della Crusca, founded for the study of the Tuscan language.",1619-10-12,Florence,1676-01-01,Florence,,,,,,,,
David,David,David,David; Davitte,"personnage de la Bible, deuxième roi d'Israël","gardien de troupeau, dirigeant ou dirigeante, poète ou poétesse, seigneur de guerre, instrumentiste, monarque",1040-00-00,Bethléem,0969-00-00,Jérusalem,Monarchie unifiée d'Israël et Juda,,,,,,,
CharlesIIBourbon,Charles II,de Bourbon,Cardinal de Vendôme; Cardinal di Baiosa,n/a,"prélat | Aussi connu sous le nom de ""Cardinal de Vendôme"".",1562-08-19,France,1594-07-30,Paris,France,,,,,,,
CleantheDeCorinthe,Cléanthe,de Corinthe,Cléanthès de Corinthe; Cleante Corinthio; Cleante,peintre antique,artiste peintre,0700-00-00,N/A,0700-00-00,N/A,,,,,,,,
Iaia,Iaia,de Cyzique,"Marzia, Marcia; Marzia; Martia",peintre grecque antique,"artiste peintre | En italien, on trouve aussi Marzia ou Marcia.",0100-00-00,Cyzique,,Rome antique,,,,,,,,
PhilippeDeFrance,Philippe,de France,Monsieur; DUCA D’ORLEANS,prince français,"collectionneur ou collectionneuse d'œuvres d'art, militaire | Duc d'Orléans et d'Anjou (1640-1701)",1640-09-21,Saint-Germain-en-Laye,1701-06-09,Saint-Cloud,France,,,,,,,
CharlesIIFrancois,Charles II François,de Habsbourg,Charles II d'Autriche-Styrie; Arciduca Carlo,aristocrate autrichien,aristocrate | Archiduc d'Autriche de 1564 à 1590.,1540-06-03,Vienne,1590-07-10,Graz,Monarchie de Habsbourg,,,,,,,
CornelisVanHeem,Cornelis,de Heem,CORNEILLE VAN HEEM,peintre hollandais,,1631-04-08,Leiden,1695-05-17,Antwerpen,Pays-Bas méridionaux,,,,,,,
JuanDeHerreraDeMaliano,Juan,de Herrera de Maliaño,Giovan d'Errera,architecte,"On trouve ""Giovan d'Errera"" chez Lomazzo (Idea).",1530-01-01,N/A,1597-01-15,Madrid,Espagne,,,,,,,
Idomenee,Idoménée,de Lampsaque,Idoménée de Lampsaque; Idomeneo,philosophe grec,"philosophe, historien ou historienne, biographe",0400-00-00,N/A,,N/A,,,,,,,,
ChristineDeLorraine,Christine,de Lorraine,Christine de Lorraine; gran Duchessa di Toscana,aristocrate française,aristocrate,1565-08-16,palais des ducs de Lorraine,1637-12-19,Florence,France,,,,,,,
DorotheeDeLorraine,Dorothée,de Lorraine,Dorothée de Lorraine; Dorotea di Bransvich,Duchesse de Brunswick-Lünebourg-Calenberg,aristocrate | Princesse de la maison de Lorraine par naissance et duchesse de Brunswick-Lünebourg-Calenberg par mariage.,1545-05-24,Deneuvre,1621-06-02,Nancy,,,,,,,,
SaintAmbroise,Ambroise,de Milan,Saint Ambroise; Sant' Ambrogio; S. Ambrogio,"évêque de Milan, docteur et père de l'Église catholique","écrivain ou écrivaine, philosophe, théologien ou théologienne, prêtre catholique, personnalité politique, évêque catholique | Connu sous le nom de ""Saint Ambroise"".",0339-00-00,Trèves,0397-04-04,Milan,Rome antique,,,,,,,
Nostradamus,Michel,de Nostredame,Nostradamus; Notradamo,"médecin, botaniste et astrologue français, auteur de célèbres prophéties","pharmacien ou pharmacienne, astrologue, médecin écrivain, mathématicien ou mathématicienne, médecin, astronome, écrivain ou écrivaine | Plus connu sous le nom de Nostradamus.",1503-12-14,Saint-Rémy-de-Provence,1566-07-02,Salon-de-Provence,royaume de France,,,,,,,
DemetriosDePhalere,Démétrios,de Phalère,Démétrios de Phalère; Demetrio Falereo; Demetrio,philosophe antique,"personnalité politique, philosophe, bibliothécaire | fils de Phanostratê",0350-01-01,Phalère,0283-00-00,Égypte,Athènes,,,,,,,
FredericArmandDeSchomberg,Frédéric-Armand,de Schomberg,Frédéric-Armand de Schomberg; Marescial di Schomberg,maréchal de France,militaire,1615-01-01,Heidelberg,1690-07-11,Boyne,Allemagne,,,,,,,
JanusDeTroie,Janus,de Troie,Giano,,,,,,,,,,,,,,
InnocentIII,Lotario,de' Conti di Segni,Innocent III,pape de l’Église catholique de 1198 à 1216,"prêtre catholique, écrivain ou écrivaine | Pape sous le nom d'Innocent III",1160-02-22,Gavignano,1216-07-16,Pérouse,,,,,,,,
AnselmedeCantorbery,Anselme,deCantorbery,Saint Anselme; Santo Anselmo,"abbé bénédictin, archevêque de Cantorbéry, saint et docteur de l'Église","philosophe, théologien ou théologienne, prêtre catholique de rite romain, archevêque, écrivain ou écrivaine | Saint Anselme",1033-00-00,Aoste,1109-04-21,Canterbury,royaume de France,,,,,,,
CamilloAlbizzi,Camillo,Degli Albizzi,Camillo de gli Albizi,,Patricien de Florence,,,,,,,,,,,,
FrancescoDelGiocondo,Francesco,Del Giocondo,Francesco del Giocondo,marchand florentin,marchand,1460-01-01,Florence,1542-00-00,Florence,,,,,,,,
GervaisDelabarre,Gervais,Delabarre,Mr. Gervais,sculpteur français,sculpteur ou sculptrice,1570-00-00,N/A,1644-00-00,N/A,France,,,,,,,
EtienneDelaune,Etienne,Delaune,Etienne Lanne,graveur et orfèvre français,Comment on works: Draftsman; Engraver; Medalist,1518-01-01,Paris,1583-00-00,Paris,France,,,,,,,
WillemJacobszDelff,Willem Jacobsz,Delff,Guillaume Jaq. Delft,peintre et graveur néerlandais (1580-1638),,1580-09-15,Delft,1638-04-14,Delft,Provinces-Unies,,,,,,,
GirolamoDelfinone,Girolamo,Delfinone,Girolamo Delfinone,tapissier,Père de Scipione Delfinone.,,,,,,,,,,,,
MarcoAntonioDelfinone,Marco Antonio,Delfinone,Marco Antonio Delfino,tapissier,Fils de Scipione Delfinone.,,,,,,,,,,,,
ScipioneDelfinone,Scipione,Delfinone,Scipione Delfinone,n/a,universitaire,,Milan,1590-08-31,Milan,,,,,,,,
StefanoDellaBella,Stefano,Della Bella,Stephano de la Bella,graveur italien (1610-1664),"He worked in Paris, France, under the name Etienne de la Belle from 1640 to 1649. In 1646, he worked briefly in the Netherlands. Comment on works: Landscapes; Marines",1610-05-18,Firenze,1664-07-12,Firenze,grand-duché de Toscane,,,,,,,
TomasoDellaPorta,Tomaso,Della Porta,Messer Tomaso della Porta,"artist, dealers, collector, sculptor",N/A | frère de Giovanni Giacomo della Porta,1540,Porlezza,1618,Roma,,,,,,,,
SixteIV,Francesco,della Rovere,Sixte IV; Sixte quatrieme; Sixte quatriéme,pape de l’Église catholique romaine,prêtre catholique | Pape sous le nom de Sixte IV,1414-07-21,Celle Ligure,1484-08-12,Rome,États pontificaux,,,,,,,
FrancoisMarieDellaRovere,François-Marie Ier,della Rovere,François Marie Ier della Rovere; Francesco Maria Duca di Urbino; Fançois Marie de la Rovere; Francesco Maria primo; Francesco Maria; François Marie; Francoys Marie,condottiere italien,condottiere,1490-03-22,Senigallia,1538-10-20,Pesaro,,,,,,,,
JulesII,Giuliano,della Rovere,Jules II; Jules deuxiesme; Papa Giulio II.; Giulio secondo; Jules second; Pape Jule II; Papa Giulio; Pape Jules; Julles II; Julii II; Jule II,"216e pape de l’Église catholique, de 1503 à 1513",prêtre catholique | Pape sous le nom de Jules II,1443-12-05,Albisola Superiore,1513-02-21,Rome,république de Gênes,,,,,,,
GuidobaldoIIDellaRovere,Guidobaldo II,della Rovere,Guidobaldo II della Rovere; Guidobaldo della Rovere,condottiere italien,condottiere | Duc d'Urbin de 1538 à 1574.,1514-04-02,Urbino,1574-09-28,Urbino,,,,,,,,
MicheleDellaTorre,Michele,Della Torre,Michele della Torre; Michele dalla Torre,prélat catholique,prêtre catholique,1511-00-00,Udine,1586-02-21,Vittorio Veneto,république de Venise,,,,,,,
GiovanniDelleCorniole,Giovanni,delle Corniole,Giovanni delle Corniole,graveur italien (1470 - 1516),orfèvre graveur ou graveuse | graveur italien (1470 - 1516),1470-01-01,,1516-01-01,,,,,,,,,
Demetrios,,Demetrios,Roi Demetrius; Roy Demétrius; re Demetrio; Demetrius; Demétrius; Demetrio,,,,,,,,,,,,,,
MarcoDente,Marco,Dente,"Marc de Ravenne, Marco da Ravenna; Marc de Ravenne; Marc Ravignano; Marc de Ravene",graveur italien (vers 1493 - 1527),N/A | dit aussi Marco da Ravenna,1493-00-00,Ravenna,1527-00-00,Roma,Italie,,,,,,,
ClaudeDeruet,Claude,Deruet,Mr. Derruet,peintre français,N/A,1588-01-01,Nancy,1660-10-20,Nancy,France,,,,,,,
GirardDesargues,Girard,Desargues,Monsieur Desargues; sieur Desargues; Desargues,architecte et mathématicien français du XVIIe siècle,French mathematician and architect.,1591-02-21,Lyon,1661-10-09,Lyon,royaume de France,,,,,,,
ReneDescartes,René,Descartes,René Descartes; Descartes,philosophe et mathématicien français,"philosophe, mathématicien ou mathématicienne, musicologue, physicien ou physicienne, astronome, théoricien ou théoricienne de la musique, épistolier, inventeur d'automates, militaire, écrivain ou écrivaine, polymathe",1596-03-31,Descartes,1650-02-11,municipalité de la ville de Stockholm,France,,,,,,,
Desuat,,Desuat,,,dieu mentionné par Lomazzo,,,,,,,,,,,,
Deucalion,Deucalion,Deucalion,Deucalion,"personnage de la mythologie grecque, fils de Prométhée",N/A,,N/A,,N/A,,,,,,,,
Bramante,Donato,di Angelo di Pascuccio,Bramante; Bramant d'Urbin; Bramants; Bramanti; Bramant,architecte et peintre italien,"One of the most famous architects of the Italian High Renaisance, he is most well-known for his design of Saint Peter's in Rome. Italian architect. | dit Bramante",1443-00-00,Urbino,1514-04-11,Roma,Italie,,,,,,,
ArnolfoDiLapo,Arnolfo,di Cambio di Lapo,Arnolfo di Cambio; Arnolfo Lapo; Arnolfe Lapo; Arnolpho,sculpteur et architect florentin,"Two phases of Arnolfo's career were formerly attributed to two different artists. Today it is held that Arnolfo is the sculptor who is documented as Nicola Pisano's pupil and who worked principally in Rome; he is also the architect Arnolfo, who worked in Florence. Giorgio Vasari, a 16th-century biographer of artists, incorrectly noted his birth date and father's name. Arnolfo is first mentioned in a document of 29 September 1265 as Nicola Pisano's assistant.",1240-01-01,Colle di Val d'Elsa,1302-03-08,Firenze,Italie,,,,,,,
RodrigoDiToledo,Rodrigo,Di Toledo,,,,,,,,,,,,,,,
BenedettoDiada,Benedetto,Diada,Benoît Diada,peintre vénitien de la Renaissance,Comment on works: religious | Benoît Diada chez Monier,1460-01-01,Venise,1525-01-01,Venezia,république de Venise,,,,,,,
Diane,Diane,Diane,Diane; Diana; DIANE,"déesse de la chasse et de la Lune dans la mythologie romaine, assimilée à la déesse grecque Artémis","chasseur ou chasseresse, archer ou archère",,N/A,,N/A,,,,,,,,
DidierDeLombardie,Didier,Didier de Lombardie,Didier de Lombardie,roi des Lombards,souverain | Roi des Lombards de 756 à 774.,0710-00-00,Brescia,0786-01-01,Liège,,,,,,,,
Didon,Didon,Didon,Didon; Reina Didone; Didone,"princesse phénicienne, fondatrice légendaire de Carthage et sa première reine",dirigeant ou dirigeante,,Tyr,,Carthage,Phénicie,,,,,,,
AbrahamJanszVanDiepenbeeck,Abraham Jansz van,Diepenbeeck,Abraham Diepembek; ABRAHAM DIPEMBEC; Diépembeck,peintre néerlandais,Comment on works: Religious; Mythology; Portraits,1596-05-09,s Hertogenbosch,1675-09-01,Antwerpen,Pays-Bas des Habsbourg,,,,,,,
Dieu,Dieu,Dieu,Dieu; Le Saint Esprit; Dieu le Pere; S. Esprit; Iddio; DEO.; dieu; DIEU; DIO; Dio,"entité divine, être suprême et objet principal de la foi monothéiste",N/A,,N/A,,N/A,,,,,,,,
Dinias,,Dinias,N/A; Dinias,n/a,artiste peintre,,N/A,,N/A,,,,,,,,
NelloDiDino,"Nello, di",Dino,Bruno (ami de Buffalmacco); Bruno,,"Bruno, compagnon de Buffalmacco",,,,,,,,,,,,
Dinocrate,Dinocrate,Dinocrate de Rhodes,Dinocrate de Rhodes; Stasicrates; Dinocrates; Dinocrate,architecte antique,"architecte, urbaniste",0400-01-01,Rhodes,0360-00-00,N/A,royaume de Macédoine,,,,,,,
Diocletien,,Diocletien,Dioclétien; Diocletien,empereur romain de 284 à 305,"personnalité politique, monarque | Empereur romain de 286 à 305.",0244-12-22,Doclea,0316-12-03,Salone,Rome antique,,,,,,,
DiodoreDeSicile,Diodore,Diodore de Sicile,Diodore de Sicile; Diodoro; Diodore Sicilien; Diodoro Siculo; Diodore; Diod,historien et chroniqueur grec du Ier siècle av. J.-C.,"historien ou historienne, géographe, mythographe",0090-01-01,N/A,0020-00-00,N/A,,,,,,,,
Dioscoride,Dioscoride,Dioscoride,Dioscoride,"médecin, pharmacologue et botaniste grec","médecin, botaniste, pharmacien ou pharmacienne, pharmacologue",0040-01-01,Anazarbe,0090-01-01,N/A,Rome antique,,,,,,,
Discordia,Discorde,Discordia,Eris (en grec); Discordia,n/a,N/A | aussi connue sous le nom d'Eris [en grec],,N/A,,N/A,,,,,,,,
AgostinoDisserolio,Agostino,Disserolio,Agostino Disserolio,,,,,,,,,,,,,,
LudovicoDolce,Ludovico,Dolce,Lodovico; Lodovico Dolce; Dolce,"auteur polygraphe, grammairien et théoricien de la peinture italien","linguiste, écrivain ou écrivaine, dramaturge, traducteur ou traductrice | Aussi connu sous le nom de Lodovico.",1508-01-01,Venise,1568-01-01,Venise,république de Venise,,,,,,,
Dominiquin,Le,Dominiquin,Dominiquin; Dominique Zampieri; DOMINIQUE ZAMPIERI; Dominiquain Bonon; le Dominiquain; le Dominiquin; LE DOMINIQUIN; Domenichino; Dominicain,peintre italien,"Domenichino was the son of a son of a successful shoemaker. He studied and worked with Ludovico Carracci's studio and under Annibale Carracci. From his frescoes and altarpieces, he was an influential exponent of the 17th-century classical style. Best known for landscapes and for sensitive depictions of facial expression and gestures.",1581-10-21,Bologna,1641-04-15,Napoli,États pontificaux,,,,,,,
Domitien,Domitien,Domitien,Domitien; Domitian Cesar; Domitian,empereur romain de 81 à 96,personnalité politique,0051-10-24,Rome,0096-09-18,Rome,Rome antique,,,,,,,
Donatello,Donatello,Donatello,Donatello; le Donatele; Donatelle; Donatele,sculpteur italien,"Important and very influential Florentine sculptor in the media of marble, bronze, and wood. Although he himself was not not a cultured intellectual (as was typical for artists of his generation and earlier), he associated with early Renaissance humanists in Florence, Rome, and Padua. In his art, he made new references to Antique forms, and to this added new expressive and technical virtuousity to sculpture of the period. Italian sculptor. Comment on works: sculptor | dit Donatello",1386-01-01,Firenze,1466-12-13,Florence,République florentine,,,,,,,
Mastelletta,Giovanni Andrea,Donducci,Mastelletta; le Mastelletta,peintre italien,,1575-02-14,Bologne,1655-04-25,Bologne,Italie,,,,,,,
IppolitoDonesmondi,Ippolito,Donesmondi,Donesmondi,historien italien,"He was a member of an ancient noble family from Mantua, Donesmondi",,Mantova,1630-00-00,Mantova,,,,,,,,
AgnoloDoni,Agnolo,Doni,N/A; Agnolo Doni,n/a,N/A,1474-00-00,N/A,1539-00-00,N/A,,,,,,,,
AntonFrancescoDoni,Anton Francesco,Doni,Anton Francesco Doni; Doni,homme de lettres italien,"éditeur ou éditrice, traducteur ou traductrice, écrivain ou écrivaine, poète ou poétesse, bibliographe, typographe",1513-05-16,Florence,1574-08-31,Monselice,,,,,,,,
MaddalenaDoni,Maddalena,Doni,Maddalena Doni,n/a,"N/A | Maddalena Strozzi, femme d'Agnolo Doni",,N/A,,N/A,,,,,,,,
AndreaDoria,Andrea,Doria,Il Principe Doria; principe Doria; Andrea Doria,Amiral génois,"condottiere, personnalité politique, soldat, amiral | Aussi connu sous le nom de ""Principe Doria"".",1466-11-30,Oneille,1560-11-25,Gênes,république de Gênes,,,,,,,
CharlesDorigny,Charles,Dorigny,Charles Dorigny,peintre français,,1500,La Rochelle,1551-00-00,N/A,France,,,,,,,
MichelDorigny,Michel,Dorigny,Michel Dorigni; MICHEL DORIGNY; Michel Dorigny; Dorigni; Dorigny,peintre et graveur français (1616-1665),French painter. Comment on works: Painter; History; Portrait; Engraver; Religious; Mythology; Draughtsman,1617-01-01,Saint-Quentin,1663-01-01,Paris,France,,,,,,,
BattistaDossi,Battista,Dossi,Baptiste Dossi,peintre italien,"Battista's work is often overshadowed by that of his older brother, Dosso, with whom he often collaborated. He spent nearly his entire career in service of the Ferrara court, generally working for his apparently much older brother. From 1517 he may have worked in Rome in Raphael's workshop. A ""Nativity"" in Modena is often regarded as a work illustrating Battista's own style, the classical references and clear style reflecting his early experience with Raphael. A number of works are also documented by Battista after Dosso's death in 1542, including the ""Justice"" and the ""Hour Leading forth the Horses of Apollo"" in Dresden. After his brother's death, Battista thrived as the head of a busy workshop involved in various court commissions. Comment on works: religious | ou Battista de Luteri",1490-01-01,San Giovanni del Dosso,1548-01-01,Ferrare,,,,,,,,
DossoDossi,Dosso,Dossi,vieux Dosso; le Dosse; Le Dosso; le Dosso,peintre italien,"Dosso's birth date has been controversial for centuries. Modern research uncovered documents indicating that he had reached the age of 25 by June 1512, so it may be deduced that he was born some time before June 1487. According to another recently discovered document, at the likely time of Dosso's birth his father was living in the small principality of Mirandola, on the borders of Mantua and Ferrara; the nickname 'Dosso', by which he was always known in his lifetime, refers to the place name of a small family property. Dosso was probably a pupil of Lorenzo Costa, court painter at Mantua, and he may have studied with Giorgione in Venice. He had settled in Ferrara by the summer of 1513, when he received payments, together with his collaborator Garofalo, for a huge polyptych commissioned by the ducal counselor Antonio Costabili. By the following year Dosso had entered the service of Duke Alfonso of Ferrara, for whom he worked all of his life. His art is characterized by its allegorical or mythological content, reflecting the cultural interests of the Ferrarese court. He was influenced by many artists, most notably Giorgione in Venice and Raphael in Rome. Although his style is often described as clumsy, he displayed great originality and experimented with the effects of light, glowing color, and the poetic quality of landscape. He was famous for his sense of humor, and his art may be interpreted in this light, reflecting heroic irony not unlike another person employed at the Ferrarese court, the great poet Lodovico Ariosto (1475-1533). He may have worked with Ariosto for the Este family devising entertainments, triumphs, tapestries, and other ephemeral art. | dit Dosso Dossi",1480-00-00,Mirandola,1542-08-00,Ferrara,,,,,,,,
Dossi,Famille,Dossi,LES DOSSES,"families, artist, painter",,,N/A,,N/A,,,,,,,,
GerritDou,Gerrit,Dou,Girard Dau; GIRARD DAU,peintre hollandais,,1613-04-07,Leiden,1675-02-09,Leiden,Provinces-Unies,,,,,,,
BernardoDoviziDaBibbiena,Bernardo,Dovizi da Bibbiena,Bernardo Dovizi da Bibbiena; Cardinal de Sainte Bibiane; Bernard de Bibiénne; Bernardo Divizio; Bernard Divicio,prélat catholique,"dramaturge, prêtre catholique, écrivain ou écrivaine, diplomate, poète ou poétesse, évêque catholique | Bernard Divicio chez Pader",1470-08-04,Bibbiena,1520-11-09,Rome,,,,,,,,
MarcusLiviusDrusus,Marcus Livius,Drusus,Marcus Livius Drusus; Live Druse,consul romain en 112 av. J.-C.,"homme politique de la Rome antique, militaire romain",0155-00-00,Rome antique,0109-00-00,Rome,Rome antique,,,,,,,
Claude,Tiberius Claudius,Drusus,Claude; Claude l'Empereur; Empereur Claude,quatrième empereur romain de 41 à 54,"personnalité politique, historien ou historienne, écrivain ou écrivaine | Tiberius Claudius Drusus",0010-08-01,Lugdunum,0054-10-13,Rome,Rome antique,,,,,,,
CharlesAlphonseDuFresnoy,Charles-Alphonse,Du Fresnoy,Charles Alphonse du Fresnoy; Charles Alfonce du Fresnoy; Charles Alfonse du Fresnoy; Charles Alphonse Dufresnoy; Charles-Alfonse du Fresnoy; CHARLES-ALFONSE DU FRESNOY; Alphonse du Fresnoy; Du Fresnoy; du Fresnoy; du Frenoi; Dufresnoy; Dufrenoy; Dufrénoy,"author, artist, writers, art theorist, fresco painter, draftsman, painter",Comment on works: History,1611,N/A,1675,N/A,,,,,,,,
FrancoisDuQuesnoy,François,Du Quesnoy,François du Quesnoy; François Flamant; François Flamand; François Flaman,sculpteur flamand,Leading figure in circles devoted to classical art; friend of Poussin; major works are the statues of Sta Susanna (Sta Maria di Loreto) and St Andrew (St Peter's); famous for his putti and small bronzes; assisted Bernini on the Baldacchino in St Peter's. Comment on works: Sculptor,1597-01-12,Bruxelles,1643-07-12,Livorno,Pays-Bas méridionaux,,,,,,,
AmbroiseDubois,Ambroise,Dubois,Ambroise du Bois,peintre français,,1542-00-00,Anvers,1614-01-29,Fontainebleau,France,,,,,,,
JeanDubreuil,Jean,Dubreuil,Jean du Breüil,auteur,,,,,,,,,,,,,
ToussaintDubreuil,Toussaint,Dubreuil,DU BREUIL; du Breuil,peintre français,Comment on works: Painter,1561-01-01,Paris,1602-11-22,Paris,France,,,,,,,
JacquesDubroeucq,Jacques,Dubroeucq,Jacques Brusca; Brusca,architecte et sculpteur,"Belgian sculptor and architect, Mons.",1505-00-00,Mons,1584-09-30,Mons,Pays-Bas méridionaux,,,,,,,
CamilloDucci,Camillo,Ducci,Camillo Ducci,,Camillo Ducci est un gentilhomme faisant partie de la Compagnie de Saint-Luc.,,,,,,,,,,,,
CharlotteDuchesne,Charlotte,Duchesne,Charlotte Duchesne; la fille de du Chesne,n/a,"N/A | Femme de Philippe Champaigne, fille de Nicolas Duchesne",1612-06-11,N/A,1638-08-00,N/A,royaume de France,,,,,,,
NicolasDuchesne,Nicolas,Duchesne,du Chesne,"decorative painter, artist, court painter, painter",,1528,N/A,1628-01-01,Paris,France,,,,,,,
AnneMarieDughet,Anne-Marie,Dughet,N/A; la Sœur du Gaspre,n/a,"N/A | Femme de Nicolas POussin, soeur du Guaspre",1612-00-00,Rome,1664-10-16,Rome,,,,,,,,
GaspardDughet,Gaspard,Dughet,Le Guaspre; Gaspre,peintre italien,,1613-00-00,Roma,1675-05-27,Roma,France,,,,,,,
HeleneDuglioli,Hélène,Duglioli,Elena Duglioli; Helene de l'Huile,n/a,N/A,1472-00-00,Bologne,1520-09-23,Bologne,seigneurie de Bologne,,,,,,,
ReneDuguay,René,Duguay-Trouin,sieur du Gué; Monsieurs du Guet,corsaire et vice-amiral français (1673-1736),"officier, corsaire",1673-06-10,Saint-Malo,1736-09-27,Paris,France,,,,,,,
KarelDujardin,Karel,Dujardin,Dujardin,peintre et graveur néerlandais (1626-1678),Comment on works: Landscapes; Genre; Portraits,1626-09-27,Amsterdam,1678-11-20,Venezia,Provinces-Unies,,,,,,,
GuillaumeDumee,Guillaume,Dumée,Guillaume du Mée,"artist, painter",,1571-01-01,Fontainebleau,1646-01-01,Paris,,,,,,,,
EtienneDuperac,Etienne,Duperac,Etienne du Perac; Du Pérac,"architecte, graveur et peintre français (vers 1535-1604)",Comment on works: architect; painter,1525-01-01,Paris,1604-01-01,Paris,France,,,,,,,
BernardDupuyDeGrez,Bernard,Dupuy du Grez,Maître Bernard Dupuy du Grez; Me. BERNARD DUPUY DU GREZ,"artist, teachers, art theorist, lawyers, draftsman",N/A,1600,N/A,1699,N/A,,,,,,,,
AntoineDurand,Antoine,Durand,Durand,peintre français,N/A,1611-01-01,Toulouse,1680-12-07,Toulouse,France,,,,,,,
VanDyck,Antoon van,Dyck,Van Dyck; Antoine Van Deik; ANTOINE VANDEIK; Le Vandech; Vandeick; Vandeik; Vendyck; Vandyk,peintre et graveur flamand,"Born the seventh of twelve children to a wealthy silk merchant in Belgium, Anthony van Dyck began to paint at an early age. By the age of nineteen, he had become a teacher in Antwerp. Soon afterward, he collaborated and trained with the famous Flemish painter Peter Paul Rubens. He studied and worked in Venice and Paris. Van Dyck was famed as a portrait painter in France and England, creating portraits for Charles I and Louis XIV. Comment on works: Portraits; Religious; History. | Antoine van Dyck en français",1599-03-22,Antwerpen,1641-12-09,London,Pays-Bas espagnols,,,,,,,
Dedale,Dédale,Dédale,Dédale; Dedalus; Dædala; Dedalo; Dædale; Dedale,personnage de la mythologie grecque qui a donné son nom à un labyrinthe complexe,architecte,,N/A,,N/A,,,,,,,,
Dejanire,Déjanire,Déjanire,Déjanire; Deianira,"personnage de la mythologie grecque, épouse d'Héraclès","N/A | fille d'Œnée (roi de Calydon) et d'Althée, est la dernière épouse mortelle d'Héraclès",,N/A,,N/A,,,,,,,,
Deioces,"Deioces, Déjocès, Deiokes, Daiukku, Dahyuka, Diyako ou Diako",Déjocès,Déjocès; Deioce,roi des Mèdes,dirigeant ou dirigeante | Premier roi de Mèdes,0705-00-00,N/A,0675-00-00,N/A,,,,,,,,
Democrite,Démocrite,Démocrite,Démocrite; Democrite,philosophe antique,"philosophe, mathématicien ou mathématicienne, historien ou historienne de l'art",0460-01-01,Abdère,0360-01-01,Grèce,,,,,,,,
AlbrechtDurer,Albrecht,Dürer,Alberto Durero; Albert Duret; Albert Dürer; Albert Durer; Alberto Duro; Albert Dure; ALBERT DURE; Durero; Duret,"peintre, graveur et mathématicien allemand (1471–1528)","The son of a Nuremburg goldsmith of the same name, Albrecht Dürer was a prolific, popular, and widely influential artist. He studied in Venice and brought Italianate painting styles and forms to Germany. He is perhaps best known for having made great advancements in the techniques and art of printmaking. | Francisé en Albert Duret ou Durer Italianisé en Alberto Durer. On trouve aussi Alberto Durero chez Lomazzo.",1471-05-21,Nürnberg,1528-04-06,Nürnberg,duché de Bavière,,,,,,,
AlbrechtDurerElder,Albrecht der ältere,Dürer,Albert Dure,artiste allemand,,1427-01-01,Ajtós,1502-01-01,Nuremberg,Saint-Empire romain germanique,,,,,,,
Echion,Échion,Echion,Échion; Aëtion; Aetion; Ætion,peintre grec de l’Antiquité,"artiste peintre, sculpteur ou sculptrice | aussi connu sous le nom d'Aetion",,N/A,,N/A,,,,,,,,
AndrinoEdesia,Andrino,Edesia,Adriano d’Edesia,peintre,,,,,,,,,,,,,
JustusVanEgmont,Justus van,Egmont,Juste d'Egmond; Juste d'Egmont,peintre flamand,Comment on works: History; Genre; Portraits,1601-09-22,Leyde,1674-01-08,Anvers,Pays-Bas méridionaux,,,,,,,
Eleazar,Éléazar,Eleazar,Eleazar,personnage de l'Ancien Testament,N/A,1192-00-00,N/A,1100-00-00,Terre d'Israël,,,,,,,,
Eleusis,roi,Eleusis,roi d'Éleusis; Eleusis,roi d'Éleusis dans la mythologie grecque,N/A,,N/A,,N/A,,,,,,,,
Elie,Élie,Elie,Élie; Profete; Elie,prophète,"thaumaturge, prophète ou prophétesse",0904-00-00,Tishbé,0850-00-00,Jéricho,royaume d'Israël,,,,,,,
Elisee,Élisée,Elisée,Élisée; Elisée,"Prophète de la Bible, disciple d'Élie","thaumaturge, prédicateur",0885-00-00,Abel-Méhula,0790-01-01,Samarie,royaume d'Israël,,,,,,,
FerdinandElle,Ferdinand,Elle,Ferdinand Elle; FERDINAND ELLE; Ferdinand,peintre français,,1570-01-01,Malines,1637-01-01,Paris,France,,,,,,,
AdamElsheimer,Adam,Elsheimer,Adam Elseimer; ADAM ELSEIMER,peintre allemand,,1578-03-18,Frankfurt am Main,1610-12-11,Roma,Allemagne,,,,,,,
PaulEmile,Paul,Emile,Lucius Aemilius Paullus; Paul Emile,consul romain en 219 et en 216 av. J.-C.,"homme politique de la Rome antique, militaire romain, prêtre romain",,Rome antique,0216-08-02,Canne,Rome antique,,,,,,,
RodolpheII,Rodolphe,Empire),Rodolphe II (empereur du Saint Empire); Ridolfo secondo imperatore; Ridolfo II imperatore; Empereur Rodolphe,"empereur du Saint-Empire, de 1576 à 1612","personnalité politique, collectionneur ou collectionneuse d'œuvres d'art, monarque | Empereur du Saint Empire de 1576 à 1612",1552-07-18,Vienne,1612-01-20,Prague,Saint-Empire romain germanique,,,,,,,
Empedocle,,Empédocle,Empédocle; Empedocle,"philosophe, ingénieur et médecin grec","médecin, philosophe, écrivain ou écrivaine, poète ou poétesse, personnalité politique",0490-00-00,Agrigente,0430-00-00,Etna,Agrigente,,,,,,,
QuintusEnnius,Quintus,Ennius,Ennius; Ennio,poète et dramaturge romain,"poète ou poétesse, dramaturge, écrivain ou écrivaine, historien romain de l'antiquité, annaliste",0239-07-16,Rudiae,0169-10-08,Rome,Rome antique,,,,,,,
Enee,Énée,Enée,Énée; Enée; Enea,personnage de la mythologie grecque,chef militaire,,N/A,,N/A,,,,,,,,
Epicarme,Épicharme,Epicarme,Épicharme; Epicarme,poète comique et philosophe grec de l'Antiquité,"dramaturge, philosophe, auteur comique, mathématicien ou mathématicienne, écrivain ou écrivaine",0524-00-00,Sicile,0435-00-00,Syracuse,,,,,,,,
Epicure,Épicure,Epicure,Épicure; Epicuro,"philosophe grec, fondateur de l'épicurisme","philosophe, écrivain ou écrivaine",0342-00-00,Sámos,0270-00-00,Athènes,Athènes,,,,,,,
AntiochosIV,Antiochos IV,Epiphane,Antiochos IV; Antiochus Epiphanes; Antiochus,souverain du royaume séleucide,aristocrate | roi séleucide de 175 av. J.-C. à 164 av. J.-C.,0215-01-01,N/A,0164-01-01,N/A,royaume séleucide,,,,,,,
MarioEquicola,Mario,Equicola,Mario Equicola,humaniste italien,élève de Marsile Ficin,1470-00-00,Alvito (Lazio),1525-07-26,Mantova,,,,,,,,
Erostrate,Érostrate,Erostrate,Érostrate; Herostrate,incendiaire du temple d'Artémis à Éphèse en 356 av. J.-C.,vacher,0301-01-01,Éphèse,0356-01-01,Éphèse,,,,,,,,
CharlesErrard,Charles,Errard,CARLO ERRARD; Mr. Errard; Errard,"peintre, graveur et architecte français (1606-1689)",Comment on works: history,1606-01-01,Nantes,1689-05-25,Roma,France,,,,,,,
JeanErrard,Jean,Errard,Jean Erard,"architecte et ingénieur militaire, ingénieur ordinaire du roi de France",,1554-01-01,Bar-le-Duc,1610-07-01,Sedan,France,,,,,,,
Eschyle,,Eschyle,Eschyle; Eschile,tragique grec,"auteur tragique, guerrier ou guerrière, dramaturge, écrivain ou écrivaine",0525-00-00,Éleusis,0456-00-00,Gela,Athènes,,,,,,,
CharlesDEscoubleau,Charles d',Escoubleau,"Charles d'Escoubleau, marquis de Sourdis; Marchese di Sourdis; Monsieur le Marquis de Sourdis",n/a,N/A,1588-01-01,N/A,1666-01-01,N/A,,,,,,,,
Esope,Ésope,Esope,Ésope; Esopo; Esope,fabuliste grec de l'Antiquité,"fabuliste, mythographe, philosophe, écrivain ou écrivaine",0620-00-00,Messembrie,0564-00-00,Delphes,,,,,,,,
AlphonseIEste,Alphonse,Este,Alphonse I; Alphonse Duc de Ferrare; Alfonce de Ferrare; Duc Alphonse; Duc Alfonse,"duc de Ferrare, Modène et de Reggio","condottiere, homme d'État, chef militaire | Duc de Ferrare",1476-07-21,Ferrare,1534-10-31,Ferrare,duché de Milan,,,,,,,
HippolyteIIEste,Hyppolyte II d',Este,Hippolyte d'Este; Cardinal; Cardinal d'Este; Cardinal d'Est,"cardinal, abbé commendataire","prêtre catholique, évêque catholique, archevêque | dit aussi le cardinal de Ferrare",1509-08-25,Ferrare,1572-12-02,Rome,France,,,,,,,
LioneldEste,"Lionel, d'",Este,Lionel d'Este; Leonellum Ferrariensem,"marquis de Ferrare, Modène et Reggio de 1441 à 1450","dirigeant ou dirigeante, mécène, enseignant ou enseignante",1407-09-21,Ferrare,1450-10-01,Voghiera,,,,,,,,
Euchir,,Euchir,Euchir,,,,,,,,,,,,,,
Euclide,,Euclide d'Alexandrie,Euclide; Euclides; Euclidi,mathématicien de la Grèce antique,"mathématicien ou mathématicienne, écrivain ou écrivaine",0333-00-00,N/A,,Alexandrie,Athènes,,,,,,,
Eudoxie,,Eudoxie,N/A; Eudoxie,n/a,N/A,1201-00-00,N/A,1228-01-01,Constantinople,,,,,,,,
Eumarus,,Eumarus,N/A; Eumaro Ateniese; Eumarus,n/a,"artiste peintre | En italien, on trouve ""Eumaro Anteniese"".",,N/A,,N/A,Athènes,,,,,,,
Euphorbe,Euphorbe,Euphorbe,Euphorbe,"personnage de la mythologie grecque, fils de Panthoos",N/A,,N/A,,N/A,,,,,,,,
Euphranor,Euphranor,Euphranor,Euphranor; Eufranore Istmio; d'Euphranor; Eufranore; Eufranor,peintre et sculpteur antique,"artiste peintre, sculpteur ou sculptrice | En italien, on trouve ""Eufranore Istmio"".",0301-00-00,Isthme de Corinthe,0400-00-00,Athènes,Athènes,,,,,,,
Eupompe,Eupompe,Eupompe,Eupompe; Eupompo,n/a,artiste peintre,0450-00-00,Sicyone,0400-01-01,N/A,,,,,,,,
Euripide,,Euripide,Euripide,auteur grec classique,"auteur tragique, dramaturge, écrivain ou écrivaine, poète ou poétesse, philosophe",0480-00-00,Athènes,0406-00-00,royaume de Macédoine,Athènes,,,,,,,
PrincesseEurope,Europe,Europe,Europe,"personnage de la mythologie grecque, fille d'Agénor",N/A,,Tyr,,N/A,,,,,,,,
Euryale,Euryale,Euryale,Euryale; Eurialo,une des trois Gorgones de la mythologie grecque,"N/A | avec Nisus, ils sont deux personnages de la mythologie romaine qui apparaissent principalement dans l’Énéide de Virgile",,N/A,,N/A,,,,,,,,
Eurydice,Eurydice,Eurydice,Eurydice; Euridice,"nymphe, épouse d'Orphée",N/A,,N/A,,N/A,,,,,,,,
Eve,Ève,Eve,Ève; Eva; Eve,"première femme, selon la Bible",assistant,3760-00-00,Éden,,N/A,,,,,,,,
Evenor,Événor,Evenor,Événor; Evénor,peintre grec,artiste peintre | Père de Parrhasius,0500-01-01,Éphèse,0460-00-00,N/A,,,,,,,,
VanEyck,Jan van,Eyck,Van Eyck; Jean de Bruges; Jean Van-Eick; JEAN VAN-EYK; Jean Van-Eik; Jean Vaneik; Jean Eick; Vandeik; Vaneik,peintre flamand (vers 1390–1441),"He was among the most influential Netherlandish painters of the northern Renaissance. He served as court painter to two powerful patrons, first John of Bavaria, Count of Holland, and then Philip the Good, Duke of Burgundy. He perfected the new technique of painting on panel with an oil-based medium. He appears also to have produced illuminations for manuscripts. His works portray precise illusions of reality on the levels of space, atmosphere, texture, and the effects of light. Netherlandish painter; NAF gives his dates as 1390-1440. Comment on works: Religious; Portraits",1390-01-01,Maaseik,1441-07-09,Brugge,Pays-Bas méridionaux,,,,,,,
Ezechiel,Ézéchiel,Ezéchiel,Ézéchiel; Prophète Ezechiel; Ezechiel,personnage biblique,"prédicateur, thaumaturge, auteur",0621-00-00,Jérusalem,0571-00-00,babylonien,royaume de Juda,,,,,,,
QuintusFabiusMaximusVerrucosus,Quintus,Fabius Maximus Verrucosus,Quintus Fabius Maximus Verrucosus; Fabius Maximus; F.Maximus; Fabius,consul romain à cinq reprises,"homme politique de la Rome antique, militaire romain",,Rome antique,0203-00-00,Rome,Rome antique,,,,,,,
GentileDaFabriano,Gentile,Fabriano,Gentile da Fabriano; Maître Gentilé d’a Fabriano; GENTILE D'A FABRIANO; Gentil de Fabriano,peintre italien,"His technical innovations and naturalistic painting style influenced many painters, including Fra Angelico and Piero della Francesca, and were pivotal to the art of the Renaissance. He began his career working in Venice, but later moved to Brescia where he worked for Pope Martin V, whom he later followed to Florence. In Florence he completed some of his most famous works, including the 'Adoration of the Magi' and the Quaratesi polyptych for S Nicolo sopr'Arno. In 1425, he moved to Siena, and then later to Rome in 1427, where he continued to work for Pope Martin V at Saint John Lateran. The work he completed there before his death was said to have influenced the wall paintings for the Sistine Chapel. Italian painter. Comment on works: religious | dit Gentile da Fabriano",1370-00-00,Fabriano,1427-09-01,Roma,,,,,,,,
PietroFacchetti,Pietro,Facchetti,"variants du nom de famille : Facchetti, Fachetti, Fachetto; Pietro Facchetti",peintre italien,Facchetti/Fachetti/Fachetto.,1539-01-01,Mantova,1613-02-27,Roma,Italie,,,,,,,
Filarete,Giovanni Maria,Falconnetto,Filarete; Antoine Filarete,architecte et bronzier,Italian architect.,1400-01-01,Florence,1469-01-01,Rome,,,,,,,,
Medicis,,Famille de Médicis,les Medicis,,,,,,,,,,,,,,
GiacomoFantoni,Giacomo,Fantoni,Jaque Colonne,artiste italien,N/A | ou Jacopo Colonna,1504-00-00,Bologne,1540-00-00,Bologne,république de Venise,,,,,,,
PaoloFarinati,Paolo,Farinati,Paule Farinati,"peintre, graveur et architecte italien (1524-1606)",Italian painter and engraver. Comment on works: Religious,1524-01-01,Verona,1606-01-01,Verona,république de Venise,,,,,,,
PaulIII,Alessandro,Farnese,Paul III; Paul troisiéme; Paolo terzo,220e pape de l’Église catholique,prêtre catholique | Pape sous le nom de Paul III,1468-02-29,Latium,1549-11-10,Quirinal,États pontificaux,,,,,,,
AlessandroFarneseIlGiovane,Alessandro,Farnese,Il Giovane; Cardinal Farnése; Cardinal Farnése; Alessandro Farnese,"cardinal, humaniste et mécène italien, fils de Pier Luigi","Aussi appelé Alessandro Farnese il Giovane. A ne confondre ni avec son grand-père Paul III, ni avec son neveu (Duc de Parme et gouverneur des Pays-Bas) qui portaient tous deux le nom d'Alessandro Farnese.",1520-10-07,,1589-03-02,,France,,,,,,,
AlexandreFarnese,Alexandre,Farnese,Alexandre Farnèse; Duc de Parme,"duc de Parme et Plaisance, duc de Castro, homme de gouvernement et militaire au service de l'Espagne","militaire, diplomate, activiste | Duc de Parme et gouverneur des Pays-Bas",1545-08-27,Rome,1592-12-03,Arras,Espagne,,,,,,,
EdouardFarnese,Édouard,Farnese,Édouard Farnèse; Signor Cardinale Odoardo Farnese; Cardinal Odoard Farnése; Le Cardinal Farnése; Cardinal Farnése,cardinal italien,prêtre catholique | mécène des Carrache entre autres.,1573-12-08,Parme,1626-02-21,Parme,,,,,,,,
OttavioFarnese,Octave,Farnèse,Ottavio Farnese / Octave de Médicis; Octavien de Médicis,duc de Parme,"personnalité politique | Duc de Castro, Octave de Médicis",1524-10-09,Valentano,1586-09-18,Parme,États pontificaux,,,,,,,
RanuccioIFarnese,Ranuce Ier,Farnèse,Ranuce Ier Farnèse; Duc Ranuccio,Prince souverain italien,"régent ou régente, personnalité politique, homme d'État",1569-03-28,Parme,1622-03-05,Parme,,,,,,,,
CharlesFauconDeRis,Charles,Faucon de Ris,Monsieur le Marquis du Ris,auteur,,,,,,,,,,,,,
JeanBaptisteDeFaudran,Jean-Baptiste de,Faudran,Mr. Fodran,peintre français,N/A,1611-00-00,Lambesc,1669-00-00,Marseille,France,,,,,,,
Fauna,Fauna,Fauna,Fauna,déesse rustique et champêtre dans la religion romaine,N/A,,N/A,,N/A,,,,,,,,
Fauno,faune,Fauno,faune; Fauno,créature légendaire de la mythologie romaine,N/A | nom italien de Faune. Descendant de Faunus. Créature mythologique,,N/A,,N/A,,,,,,,,
Faunus,Faunus,Faunus,Faunus; Faune,divinité romaine,"N/A | nom latin, fils de Picus frère et mari de Fauna",,N/A,,N/A,,,,,,,,
AndreaFeltrini,Andrea,Feltrini,Andrea Di Cosimo; ANDREA COSIMO,peintre italien,,1478-01-01,Firenze,1548-05-12,Florence,,,,,,,,
FerdinandAutriche,Ferdinand,Ferdinand d'Autriche,Cardinal Infant,cardinal de l'Église catholique romaine,"personnalité politique, officier, prêtre catholique | dit aussi cardinal-infant",1609-05-16,monastère royal de San Lorenzo de El Escorial,1641-11-09,région métropolitaine de Bruxelles,Espagne,,,,,,,
FerdinandII,Ferdinand,Ferdinand II,Ferdinand II d'Aragon; Arciduca Ferdinando; Ferdinando II; Ferdinand II; Re Catolico,monarque,dirigeant ou dirigeante,1452-03-10,N/A,1516-01-23,Casa de Santa María,Couronne d'Aragon,,,,,,,
BernardinoFerrari,Bernardo,Ferrari,Bernardino Ferrari; Bernardo Ferrari,"artist, painter",Plus connu sous le nom de Bernardino Ferrari,1424,Vigevano,1524,N/A,,,,,,,,
CherubinoFerrari,Cherubino,Ferrari,Ferrari l’Etereo Academico; SIG. FERRARI L'ETEREO; SIG. FERRARI L’ETEREO; Cherubino Ferrari; CHERUBINO FERRARI,,,,,,,,,,,,,,
FabrizioFerrari,Fabrizio,Ferrari,Fabrizio Ferrari; Signor Fabrizio Ferrari,n/a,N/A,,N/A,1573-02-17,N/A,,,,,,,,
FilippoFerrari,Filippo,Ferrari,Filippo Ferrari; P. Ferrarius,religieux servite italien,"astronome, lexicographe, linguiste, hagiographe, géographe, mathématicien ou mathématicienne",1551-00-00,Oviglio,1626-09-03,Milan,,,,,,,,
Gaudenzio,Gaudenzio,Ferrari,Gaudens Ferrare de Valdusie; Gaudens Ferrari de Valducis; Gaudentio di Ferrari; Gaudenzio Ferrari; Gaudentio; Gaudenzio; Gaudence; Ferrari; Gaudens,peintre italien,Italian painter. Comment on works: Religious,1475-01-01,Valduggia,1546-01-31,Milan,,,,,,,,
FrancescoFerrucci,Francesco,Ferrucci,Francesco del Tadda; Francesco Tadda,sculpteur italien,dit Francesco del Tadda,1497-01-01,Fiesole,1585-04-30,N/A,,,,,,,,
MarsileFicin,Marsile,Ficin,Marsile Ficin; Marsilio Ficino; Ficino,philosophe néo-platonicien et traducteur italien,"philosophe, traducteur ou traductrice, clerc, astrologue, poète ou poétesse, écrivain ou écrivaine, médecin",1433-10-19,Figline Valdarno,1499-10-01,villa Medicea di Careggi,République florentine,,,,,,,
MinoDaFiesole,Mino,Fiesole,Mino da Fiesole; Mino,sculpteur italien,Comment on works: sculptor | dit Mino da Fiesole,1429-01-01,Poppi,1484-07-11,Firenze,États-Unis,,,,,,,
GaspardDeFieubet,Gaspard de,Fieubet,Gaspard de Fieubet; Fieubet,n/a,magistrat ou magistrate,1622-12-03,Toulouse,1686-01-01,Yerres,France,,,,,,,
AmbrosioFiggini,Ambrosio,Figgini,,,,,,,,,,,,,,,
AmbrogioFigino,Ambrogio,Figino,Ambroise Sigin; Figini,peintre italien,,1553-00-00,1548,1608-10-11,1608,Suisse,,,,,,,
FrancoisFilhol,François,Filhol,Mr. Filhol,,,,,,,,,,,,,,
MasoFiniguerra,Maso,Finiguerra,Masso Finiguerra; Maso Finiguerra,graveur italien (1426-1494),"Famous for his niello work and copper engraving. Although Vasari's assertion that Finiguerra invented copper engraving has been disproved, he was definitely one of the first artists to use this medium (Giorgio Vasari was a 16th-century biographer of artists).",1426-01-01,Florence,1464-08-23,Florence,duché de Florence,,,,,,,
DoraliceFioravanti,Doralice,Fioravanti,Doralice Fioravanti,,Deuxiéme femme de l'Albane,,,,,,,,,,,,
JacobelloDelFiore,Jacobello,Fiore,Jacobello del Fiore; Jacobello de Flore,peintre italien,Comment on works: religious,1370-00-00,Venise,1439-01-01,Venise,république de Venise,,,,,,,
StefanoFiorentino,Stefano,Fiorentino,Stefano Fiorentino; STEFANO DE FLORENCE; Etienne Florentin,peintre italien,N/A,1301-01-01,Florence,1350-01-01,Florence,,,,,,,,
MaturinoFiorentino,Maturino,Fiorentino,Maturino da Firenze; Mathurin de Florence; Mathurin; Maturino; Maturin,peintre italien,Comment on works: History; Decorative,1490-01-01,Florence,1528-01-01,Rome,,,,,,,,
Giottino,Tommaso,Fiorentino,Giottino; THOMAS GIOTTINO,"artist, painter",Comment on works: religious,1330,N/A,1400,N/A,,,,,,,,
Baroccio,Federico,Fiori,Barroccio; Frederico Baroccio; Federic Baroccius; Frederic Baroccio; Frederic Baroche; Federico Barozzi; Federico Barocci; Federic Baroche; FREDERIC BAROCH; Campagnuolo; le Baroche; Le Baroche; Barozzi; Baroche,peintre et graveur italien maniériste (1535-1612),"Italian miniaturist and painter who specialized in alterpieces. He worked in the Vatican for Pope Pius IV, where an attempt was made to murder him by poison. In injured health as a result, he returned to Urbino and died there. Comment on works: Religious | dit Fiori da Urbino ou Baroccio (le Baroche en français). On trouve aussi Federico Barozzi chez Lomazzo.",1535-00-00,Urbino,1612-09-30,Urbino,Italie,,,,,,,
NicolasFlamel,Nicolas,Flamel,Nicolas Flamel,écrivain public du XIVe/XVe siècle,"scribe, copiste, donateur, libraire, alchimiste, écrivain public",1330-00-00,Pontoise,1418-03-22,Paris,France,,,,,,,
FlaminioVacca,Vacca,Flaminio,Messer Flaminio Vacca; Messer Flaminio; Flaminio Vacca,sculpteur italien,,1538-00-00,Roma,1605-10-26,Roma,,,,,,,,
Flore,Flore,Flore,Flore; Ninfa Flora,déesse de la prospérité dans la mythologie romaine,N/A,,N/A,,N/A,,,,,,,,
FransFlorisI,Frans I,Floris,Franc-Flore,peintre flamand,"He was a leading exponet of Romanism in Antwerp, and he is largely responsible for introducing the Italian system of studios organized with multiple assistants to the Netherlands. Michelangelo's 'Last Judgment,' which he saw being unveiled, made an indelible impression on him and his religious and his mythological works are typically crowded with Mannerist nudes. Comment on works: History; Portraits | dit Frans Floris",1519-00-00,Antwerpen,1570-10-01,Antwerpen,Pays-Bas des Habsbourg,,,,,,,
FransFlorisII,Frans II,Floris,FRANC FLORE; Franc Flore,artist,N/A | dit Frans Floris II,1535,N/A,1630,N/A,,,,,,,,
RobertFludd,Robert,Fludd,Robert Fludd; Robert Flud,"médecin, théosophe et compositeur anglais","médecin, astrologue, musicologue, théoricien ou théoricienne de la musique, mathématicien ou mathématicienne, physicien ou physicienne, philosophe, mystique chrétien, alchimiste, occultiste",1574-01-17,N/A,1637-09-08,Londres,royaume d'Angleterre,,,,,,,
EspritFlechier,Esprit,Fléchier,Esprit Fléchier,"évêque catholique français, prédicateur et écrivain","prélat, écrivain ou écrivaine, mémorialiste, évêque catholique | Evêque de Nîmes de 1689 à 1710",1632-06-10,Pernes-les-Fontaines,1710-02-16,Montpellier,France,,,,,,,
LouisDeFoix,Louis de,Foix,Louys de Foix,"architect, engineer",French architect.,1520,N/A,1606,N/A,France,,,,,,,
NicolasFontaine,Nicolas,Fontaine,Sieur de Royaumont,auteur,,,,,,,,,,,,,
AnnibaleFontana,Annibale,Fontana,Annibal Fontana,sculpteur et médailleur italien,,1540-01-01,Milano,1587-01-01,Milano,Italie,,,,,,,
DomenicoFontana,Domenico,Fontana,Domenico; Domenico Fontana; Dominico da Melì; Fontana,architecte italien,"Appointed Royal Architect by the Viceroy of Naples. Engineer for the transportation of the Vatican Obelisk (1585-1586); Architect of the ""Palazzo reale (Naples, Italy)"" (1600-1602). Italian architect. Comment on works: architect; stucco worker | On trouve aussi ""Domenico da Melì"" chez Lomazzo (Idea).",1543-00-00,Melide,1607-00-00,Napoli,,,,,,,,
LaviniaFontana,Lavinia,Fontana,Lavinia Fontana,peintre italienne (1552–1614),Comment on works: Portraits,1552-08-24,Bologna,1614-08-11,Roma,,,,,,,,
NiccoloTartaglia,Niccolò,Fontana,"Niccolò Tartaglia, Il Tartaglia; Tartaglia",mathématicien italien,"mathématicien ou mathématicienne, ingénieur ou ingénieure | Plus connu sous le nom de Niccolò Tartaglia.",1499-00-00,Brescia,1557-12-13,Venise,république de Venise,,,,,,,
ProsperoFontana,Prospero,Fontana,Prospero Fontana; Prosper Fontaine; Prosper Fontana; Prospero; Fontana,peintre italien,"A pupil of Innocenzio da Imola, Prospero Fontana travelled to Rome, where he was employed by Pope Julius III, and was later engaged by Francesco Primaticcio, who was working at Fontainebleau at the time. From Fontainebleau he went to Genoa, where he worked for the Doria gallery. On returning to his native city he became the master of Lodovico, Annibale and Agostino Carracci, Dionysius Calvaert, Tiarini and Achille Calici, and was several times director of the guild of painters. Comment on works: Religious",1512-01-01,Bologna,1597-01-01,Bologna,Italie,,,,,,,
Caradosso,Cristoforo,Foppa,Caradosso; Caradosso Foppa,"sculpteur, graveur et orfèvre italien (1452-1527)","Son of Maffeo Foppa, goldsmith, and Fiora de Carminalibus de Brambilla. Place of birth based on Caradosso's signatures ""Caradosso del Mundo"" and ""Caradosso de Mondo"". According to Giorgio Vasari, a 16th-century biographer of artists, Caradosso designed the medal which was placed under one of the crossing piers of Saint Peter's during a ceremony on 18 April 1506. The medal is one of the few sources for the design of Bramante's St. Peter's project. | dit il Caradosso",1452-00-00,Italia,1527-01-01,Rome,,,,,,,,
VincenzoFoppa,Vincenzo,Foppa,Vincent de Bresse; Vincenzo Foppa; Vicenzo Foppa; Vincens Fopa; Foppa,peintre italien,Comment on works: religious | Vincent de Bresse chez Monier,1427-00-00,Bagnolo Mella,1515-00-00,Brescia,,,,,,,,
PierreFormont,Pierre,Formont,sieur de Formont,,,,,,,,,,,,,,
Fortuna,Fortuna,Fortuna,Fortuna; Fortune,déesse de la mythologie romaine,N/A,,N/A,,N/A,,,,,,,,
PierFrancescoFoschi,Pier Francesco,Foschi,Solosmeo P Francisco di Sandro,"artist, painter, fresco painter, sculptor, designer",N/A,1502,N/A,1567,N/A,,,,,,,,
BasileFouquet,Basile,Fouquet,Basile Fouquet; Monsieur l'Abbé Fouquet,n/a,N/A,1622-00-00,N/A,1680-01-00,N/A,France,,,,,,,
MarieMadeleineFouquet,Marie-Madeleine,Fouquet,Mademoiselle Fouquet,,"Fille de Nicolas Fouquet et Marie-Madeleine de Castille, épouse du marquis Emmanuel de Crussol d’Uzès.",,,,,,,,,,,,
NicolasFouquet,Nicolas,Fouquet,Nicolas Fouquet; M. Foucquet,"homme d'État français, surintendant des finances","personnalité politique, économiste, magistrat ou magistrate | Surintendant des Finances de 1653 à 1661",1615-01-27,Paris,1680-03-23,Pignerol,France,,,,,,,
AntoineFouquier,Antoine Quentin,Fouquier de Tinville,Fouquier,,,,,,,,,,,,,,
JacquesFouquieres,Jacques,Fouquieres,JACQUES FOUQUIER; Foucquieres; Fouquiére; Fouquier,peintre flamand,Comment on works: Landscapes,1590-00-00,Anvers,1655-00-00,Paris,Pays-Bas méridionaux,,,,,,,
HeleneFourment,Hélène,Fourment,Hélène Fourment; Heleine Forment; Héléne Forman,seconde femme de Pierre Paul Rubens,"modèle, socialite",1614-04-11,Anvers,1673-07-15,Bruxelles,Pays-Bas espagnols,,,,,,,
CharlesV,Charles,France,Charles V; Empereur Charles V; Carlo quinto,roi de France de 1364 à 1380,"monarque, personnalité politique | Roi de France de 1364 à 1380.",1338-01-21,Vincennes,1380-09-16,Paris,France,,,,,,,
CharlesVI,Charles,France,Charles VI,roi de France de 1380 à 1422,monarque | Roi de France de 1380 à 1422.,1368-12-03,Paris,1422-10-21,Paris,France,,,,,,,
CharlesVII,Charles,France,Charles VII; Roi Charles VII,roi de France de 1422 à 1461,"souverain, monarque | Roi de France de 1422 à 1461.",1403-02-22,Paris,1461-07-22,Mehun-sur-Yèvre,France,,,,,,,
ChristineDeFrance,Christine,France,Christine de France; Madame Royalle de Savoye,duchesse de Savoie,personnalité politique | Duchesse de Savoie (1630-1637) puis Régente du duché de Savoie (1637-1648),1606-02-10,palais du Louvre,1663-12-27,Turin,France,,,,,,,
FrancoisIer,François,France,François Ier; Francesco Valesio primo; ce Grand Roy François; Roy François Prémier; Roy Francois Premier; re Francesco primo; Francesco Valesio; Francois premier; Francois Premier; François Prémier; François premier; François Premier; Francesco primo; Francesco Primo; Roi François; re Francesco; Francesco I; François I; Francois I; François 1,roi de France de 1515 à 1547 (1494-1547),"artiste peintre, personnalité politique, collectionneur ou collectionneuse d'œuvres d'art, mécène, monarque, homme ou femme de lettres | Roi de France",1494-09-12,Cognac,1547-03-31,Rambouillet,royaume de France,,,,,,,
HenrietteMarieDeFrance,Henriette,France,Henriette-Marie de France; Henriette Marie de France,"reine consort d'Angleterre, d'Écosse et d'Irlande en tant qu'épouse du roi Charles Ier","personnalité politique, collectionneur ou collectionneuse d'œuvres d'art | Reine d'Angleterre de 1625 à 1649",1609-11-25,Paris,1669-09-10,Colombes,royaume de France,,,,,,,
ElisabethDeFrance,"Elisabeth, de",France,Élisabeth de France; Elisabeth de France,reine d'Espagne,"aristocrate | Reine consort d'Espagne, de Naples et de Sicile de 1559 à 1568",1545-04-02,Fontainebleau,1568-10-03,Aranjuez,France,,,,,,,
LouisDeFrance,Louis,"France, de",Grand Dauphin; Monseigneur le Dauphin,"dauphin français (1661–1711), fils aîné légitime et héritier apparent (décédé avant la succession) de Louis XIV, roi de France, et de Marie-Thérèse d'Autriche, reine consort de France",prélat,1661-11-01,Fontainebleau,1711-04-14,Meudon,France,,,,,,,
PieroDellaFrancesca,"Piero, della",Francesca,PIETRO DELLA FRANCESCA; Piétro della Francesca,artiste peintre et mathématicien italien,"One of the most important artists of the early Italian Renaissance. Piero's work is characterized by a rational, calm, monumental painting style, that was important in the Italian early Renaissance, an age in which art and science were linked through the writings of Leon Battista Alberti and others. He used the rules of perspective and ideal figures composed of geometric forms to create narrative and devotional paintings, especially in fresco. Italian painter. Comment on works: religious",1415-01-01,Sansepolcro,1492-10-12,Sansepolcro,Italie,,,,,,,
FrancescoFrancia,Francesco,Francia,FRANCESCA FRANCIA; FRANCESCO FRANCIA; François Francia,"peintre, orfèvre et médailleur italien","Influential Bolognese painter of his period, noted for sweet, softly rounded Madonnas and portraits. Influenced by Costa, his partner, and by Perugino. Comment on works: Religious | dit Francesco Francia",1450-01-01,Bologna,1517-01-15,Bologna,seigneurie de Bologne,,,,,,,
BattistaFranco,Battista,Franco,Baptiste Franco; Batiste Franco,peintre et graveur italien (c. 1510 - 1561),Comment on works: History; Religious | Battista Franco ou Battista Franco Veneziano dit il Semolei,1510-00-00,Venezia,1561-00-00,Venezia,république de Venise,,,,,,,
Frangipane,famille,Frangipane,Frangipani,,"aussi connu sous le nom de ""Frangipani"". C'est une noble famille romaine aux origines datant du Moyen Age. Le dernier descendant de cette famille est mort au XVIIe siècle.",,,,,,,,,,,,
ClaudeFrancois,Claude,François,Claude Francois; Frere Luc,peintre français,Comment on works: Painter; Religious',1614-05-01,Amiens,1685-05-17,Paris,France,,,,,,,
FrancoisDerand,Derand,François,P. Derrand; P. Derand,architecte français,,1588-00-00,Vic-sur-Seille,1644-10-29,Agde,France,,,,,,,
SimonFrancois,Simon,François,SIMON FRANCOIS,peintre français,,1606-12-03,Tours,1671-05-22,Paris,France,,,,,,,
JeanFredeau,Jean,Fredeau,du Fredeau,"sculpteur, architecte",,,,,,,,,,,,,
MartinFreminet,Martin,Freminet,Mr. de Freminet; MARTIN FRIMINET; Friminet; Freminet,peintre français,French architect. Comment on works: History,1567-09-24,Paris,1619-06-18,Paris,France,,,,,,,
MedericFreminet,Médéric,Freminet,,peintre français,artiste peintre,,N/A,,N/A,France,,,,,,,
RolandFreartDeChambray,Roland,Fréart de Chambray,signor di Ciambre; M. de Chambray; ROLANDO FREART; DE CHAMBRAY; Chambray; Monsieur de Chambray,écrivain français et traducteur de l'italien,N/A,1606-07-13,Le Mans,1676-12-11,Le Mans,France,,,,,,,
PaulFreartDeChantelou,Paul,Fréart de Chantelou,signor di Ciantelou; Chantelou; Ciantelou; monsieur de Chantelou,"collectionneur d'art, frère de Roland Fréart",N/A,1609-03-25,Le Mans,1694-03-10,Paris,France,,,,,,,
AmbroiseFredeau,Ambroise,Frédeau,Frere Fredeau,peintre français actif à Toulouse au XVIIe,"Fredeau had a studio at the Augustinian monastery in Tolouse, producing paintings and sculptures for the clergy and for private patrons.",1589-01-01,Paris,1673-01-01,Toulouse,France,,,,,,,
MartinFumee,Martin,Fumée,Martin Fumée,traducteur français,traducteur ou traductrice,1540-00-00,N/A,1590-00-00,N/A,France,,,,,,,
MarcusFuriusCamillus,Marcus,Furius Camillus,Camille; Fur. Camilus,homme politique romain,"homme politique de la Rome antique, militaire romain",0446-01-01,Rome antique,0365-01-01,N/A,Rome antique,,,,,,,
AndreFelibien,André,Félibien,M. Felibien; Félibien; Felibien; FELIBIEN,architecte et historiographe français,N/A,1619-05-01,Chartres,1695-06-11,Paris,France,,,,,,,
Feronie,Féronie,Féronie,Féronie; Feronie,"divinité antique dont le culte, originaire d'Étrurie, présidait aux travaux de l'agriculture et aux limites des champs",N/A,,N/A,,N/A,,,,,,,,
Gabiro,,Gabiro,Gabiro,,Divinité (macédonienne ?) mentionnée par Lomazzo (Idea).,,,,,,,,,,,,
GiovanniGabrielli   ,Giovanni,Gabrielli,Il Sivello,n/a,,,1520,,1680,,,,,,,,
AgnoloGaddi,Agnolo,Gaddi,ANGELO GADDI; Angelo Gaddi; AGNOLO GADDI,peintre italien,"Agnolo is first mentioned as a painter in 1369, when he assisted his brother Giovanni and Giovanni da Milano in decorations for Urban V (reigned 1362-1370) in the Vatican. He was apparently accepting his own commissions by the 1370s and later took over his brother's shop. The extent of Agnolo's autograph production remain a matter of scholarly debate: There is an undisputed core of monumental works and a large group of paintings varying widely in style and quality that may be better attributed to other artists in his workshop. Comment on works: religious",1350-01-01,Florence,1396-10-15,Florence,Italie,,,,,,,
Gaddi,Famille,Gaddi,des Gaddi; Gaddi,"families, artist, painter",Refers to three generations of a family of Italian painters active in Florence. Gaddo Gaddi established a thriving workshop and was a contemporary and probably a friend of Giotto.,,N/A,,N/A,,,,,,,,
GaddoGaddi,Gaddo,Gaddi,GADDO GADDI.; Gaddo Gaddi; Gaddi,peintre et mosaïste italien,"He is recorded in the rolls of the Arte dei Medici e Speziali and written about by Giorgio Vasari, a 16th-century biographer of artists, but his oeuvre is largely conjectural. Vasari said that he was associated with Cimabue and Giotto.",1240-01-01,Florence,1312-01-01,Florence,République florentine,,,,,,,
NiccoloGaddi,Niccolò,Gaddi,banquier; Cavaglier Gaddi,n/a,collectionneur ou collectionneuse d'œuvres d'art,1537-01-01,N/A,1591-01-01,N/A,,,,,,,,
TaddeoGaddi,Taddeo,Gaddi,Tadée Gaddi; Tadeo Gaddi,peintre italien,"He was a well-known, inventive, and influential painter who worked with Giotto but also had his own flourishing career. The first documentary evidence of Taddeo is around 1330, when he matriculated into the Arte dei Medici e Speziali. Italian painter. Comment on works: religious",1300-00-00,Firenze,1366-01-01,Firenze,Italie,,,,,,,
GaiusFabiusPictor,Caius,Gaius Fabius Pictor,Caius Fabius Pictor; Fabius Pictor; Caius Fabius; Fabius,commanditaire de peintures,artiste peintre,0400-00-00,Rome antique,,N/A,Rome antique,,,,,,,
Galatee,Galatée,Galatée,Galatée; Galathée,Néréide,N/A,,N/A,,N/A,,,,,,,,
ClaudeGalien,Claude,Galien,Galien; Galeno,médecin antique,"médecin écrivain, chirurgien ou chirurgienne, biologiste, neurobiologiste, médecin, philosophe | Médecin, philosophe, chirurgien, pharmacien, biologiste grec",0200-00-00,Pergame,0300-00-00,Rome,Rome antique,,,,,,,
FedeGalizia,Fede,Galizia,Fede de Galitij,peintre italienne,N/A,1578-01-01,Milan,1630-00-00,Milan,duché de Milan,,,,,,,
NunzioGalizia,Nunzio,Galizia,Annuncio Galizii da Trento,peintre italien,"artiste peintre | Père de Fede Galizia. On trouve chez Lomazzo (Idea) ""Annuncio Galizii da Trento"".",1539-01-01,Trente,1621-00-00,Milan,,,,,,,,
CornelisGalleI,Cornelis I,Galle,Corneille Gall,graveur flamand (1576-1650),Comment on works: Engraver; Draughtsman Comment on works: Engraver; Draughtsman,1576-01-01,Antwerpen,1650-03-29,Antwerpen,Pays-Bas méridionaux,,,,,,,
PhilipGalle,Philip,Galle,Filipe Gall,"dessinateur, graveur et éditeur flamand (1537-1612)",Dutch artist. Comment on works: Engraver; Draughtsman; Printmaker; History; Portrait; Genre,1537-01-01,Haarlem,1612-03-12,Antwerpen,Pays-Bas espagnols,,,,,,,
VulcatiusGallicanus,Vulcatius,Gallicanus,Vulcatius Gallicanus,historien fictif de l'Histoire Auguste,historien ou historienne,0250-00-00,N/A,0350-00-00,N/A,Rome antique,,,,,,,
Gallien,Publicus Licinius Egnatius,Gallienus,Gallien; l'Empereur Galien,empereur romain de 253 à 268,"homme politique de la Rome antique, poète ou poétesse, militaire romain, personnalité politique",0218-01-01,N/A,0268-01-01,Mediolanum,Rome antique,,,,,,,
GiovanniPaoloGallucciSalodiano,Giovanni Paolo,Gallucci Salodiano,M. Giovanni Paolo Gallucci Salodiano,,traducteur vers l'italien,,,,,,,,,,,,
QuintusRoscius,Quintus Roscius,Gallus,Quintus Roscius Gallus; Roscius,acteur romain,"acteur ou actrice, acteur ou actrice de théâtre",0126-00-00,Rome antique,0062-01-01,N/A,Rome antique,,,,,,,
Ganymede,Ganymède,Ganymède,Ganymède; Ganimede,personnage de la mythologie grecque,échanson,,N/A,,N/A,Troie,,,,,,,
Garofalo,Benvenuto Tisi da,Garofalo,Garofalo; Benvenuto Garofola,peintre italien (1481–1559),Italian painter active mainly in Ferrara and the district around the Po Delta; he was one of the most outstanding figures in Emilian classicism during the first half of the 16th century. | dit il Garofalo,1481-00-00,Ferrara,1559-09-06,Ferrara,duché de Ferrare,,,,,,,
LucasGassel,Lucas,Gassel,Lucas Gassel,"artist, draftsman, painter, printmaker",,1500-00-00,Helmond,1568-00-00,Bruxelles,Pays-Bas méridionaux,,,,,,,
GastonDeFrance,Gaston,Gaston de France Duc d'orléans,Gaston de France; Gaston de France Duc d'Orléans,"prince français, troisième fils d'Henri IV (1608-1660)","aristocrate, personnalité politique",1608-04-25,Fontainebleau,1660-02-02,château de Blois,France,,,,,,,
BernardinoGatti,Bernardino,Gatti,Bernard de Gatti; Bernardo Soiaro,peintre italien (1495-1576),Pavia is possible birth place. Italian painter. | dit Bernardino Gatti ou Bernardo Soiaro,1495-01-01,Pavia,1576-02-22,Cremona,,,,,,,,
PomponioGaurico,Pomponio,Gaurico,Pomponius Gauricues; Pomponius Gauricus; Pomponii Gaurici; Pomponio Gaurico; Pomponius; Gauricus,sculpteur italien,N/A,1481-01-01,Guaro,1530-00-00,Castellammare di Stabia,,,,,,,,
LelioGavardo,Lelio,Gavardo,Lelio Gavardi d'Asola; Lelio Gavardi d’Asola; il Gavardi,n/a,N/A | Prévôt ; on trouve aussi Lelio Gavardi d'Asola,,Asola,,N/A,,,,,,,,
GeorgGeldorp,Georg,Geldorp,GELDORP,"art agents, conservators, art dealers, artist, dealers, copyists, portraitists, painter",,1595-01-01,Köln,1658-00-00,London,Pays-Bas espagnols,,,,,,,
ClaudeLorrain,Claude,Gellée,Claude le Lorrain; Claude de Lorraine; CLAUDE GELEE; Le Lorrain; le Lorrain; LE LORRAIN,peintre et graveur lorrain (1600-1682),"Claude was a very prolific painter, and was considered the greatest of ideal landscape painters. He was born of peasants Jean and Anne (or Idatte) Gellée in the village of Champagne, then in the independent duchy of Lorraine. Due to an inaccurate inscription, his birth date was long believed to be 1600, but it is now believed to be 1604. His early training is uncertain, but it seems as if he went to Rome at age 13 or so, perhaps as a pastry cook, and then probably went to Naples, where he studied painting. He was highly regarded as an artist. His landscapes depict an image of nature more beautiful and better ordered than nature itself, often including pastoral scenes with shepherds guarding their flocks. He refined the theme, first seen in Venetian painting around 1510, by using light as the principal means both of unifying the composition and of lending beauty to the landscape. His popular works embodied the courtly values of 'high finish' and decorum; among his most important patrons were members of the European nobility and higher clergy. French landscape painter. Comment on works: Landscapes; Marine; Painter.",1600-01-01,Champagne,1682-11-23,Roma,duché de Lorraine,,,,,,,
Geminos,Geminos,Geminus de Rhodes,Geminos; Gemino,astronome et mathématicien grec de l'Antiquité,"mathématicien ou mathématicienne, astronome, géographe | Aussi connu sous le nom de Geminos.",,Rhodes,0100-01-01,N/A,,,,,,,,
BartolomeoGenga,Bartolomeo,Genga,Bartolomée Ginga,architecte italien,N/A,1518-00-00,Cesena,1558-00-00,Malta,Italie,,,,,,,
GirolamoGenga,Girolamo,Genga,Hierosme Genga; GIROLAMO GENGA; Girolamo Genga; Jerôme Ginga; Ginga; Genga,peintre italien,"Italian painter and architect, worked in Urbino. Comment on works: Religious",1476-00-00,Urbino,1551-07-11,Marche,Italie,,,,,,,
Genseric,Genséric,Genseric,Genséric; Genseric,roi des Vandales et des Alains (428-477),souverain,0389-01-01,lac Balaton,0477-01-01,Carthage,Royaume vandale,,,,,,,
ArtemisiaGentileschi,Artemisia,Gentileschi,Le Gentilesco; Gentileschi,peintre italienne,"Artemesia Gentileschi was the most ambitious and influential female painter of her time. She spread the Caravaggesque style throughout Italy and expanded the narrow possibilities for female artists. Artemesia was taught to paint by her father, Orazio Gentileschi, who painted directly on the canvas and used live models. Her paint-handling in her early works reflects her father's influence, yet she also departed from him by choosing to paint tense, dramatic narratives starring female heroines. In 1612, Artemesia left Rome for Florence, after taking part in a trial against her art teacher, Agostino Tassi, who allegedly raped her. Shortly after, she painted her interpretation of Caravaggio's ""Judith Beheading Holofernes,"" taking a more arresting and gruesome approach to the subject than was common at the time. In the 1620s, Artemesia was living again in Rome, making brief trips to Genoa and Venice and continuing to paint narrative paintings as well as female nudes, a subject shyed away from by other female artists of the period. In 1630, Artemesia had moved to Naples where her style became less Caravaggesque and her themes turned to more conventional religious subjects. In 1638 Artemesia moved to London to care for ailing father. From then on, her work was less frequent and poorly documented. Her last commission was in January of 1654. Comment on works: Portraits; History; Religious",1593-07-08,Roma,1653-01-01,Napoli,États pontificaux,,,,,,,
AntonioDaFaenza,Antonio,Gentili,Antonio da Faenza/Antonio Gentile; Antonio da Faenza,italian goldsmith,"aussi connu sous le nom de ""Antonio da Faenza"" (sa ville natale).",1519-00-00,Faenza (Emilia-Romagna),1609-10-29,Roma,,,,,,,,
BalthazarGerbier,Balthazar,Gerbier D'Ouvilly,BALTAZAR GERBIER.,"author, miniature painter, architect, art agents, calligraphers, artist, writers, courtiers, court artist, diplomat, poets, draftsman, copyists, miniaturists, painter",,1592-02-23,Middelburg,1663-01-01,Berkshire,Provinces-Unies,,,,,,,
Germanicus,,Germanicus,Germanicus,homme politique et général romain,"personnalité politique, militaire, écrivain ou écrivaine, poète ou poétesse | dit Germanicus",0015-05-24,Rome,0019-10-10,Antioche,Rome antique,,,,,,,
ConradGessner,Conrad,Gessner,Gesnero,peintre suisse,"naturaliste suisse, connu pour son oeuvre de polygraphe humaniste",1764-01-01,,1826-01-01,,Suisse,,,,,,,
ConsiglioGherardi,Consiglio,Gherardi,Consiglio Gherardi,peintre italien,N/A,1508-11-25,Sansepolcro,1556-00-00,Sansepolcro,Italie,,,,,,,
MonaLisa,Mona Lisa,Gherardini,"Lisa Gherardini, Lisa del Giocondo; signora Lisa; Mona Lisa",membre de la famille Gherardini de Florence (1479-1542),N/A | ou Lisa Gherardini,1479-06-15,Florence,1542-07-14,Florence,Florence,,,,,,,
GiovanniFilippoGherardini,Giovanni Filippo,Gherardini,Giovanni Filippo Gherardini; Gio. Filippo Gherardini; Gherardino,auteur,,,,,,,,,,,,,
LorenzoGhiberti,Lorenzo,Ghiberti,Laurent Ghiberto; Ghiberto,"architecte, orfèvre et sculpteur italien","Italian artist, author. Comment on works: Sculptor; Goldsmith; Architect; Painter; Master draughtsman",1378-01-01,Firenze,1455-12-01,Firenze,République florentine,,,,,,,
GirolamoGhilini,Girolamo,Ghilini,Girolamo Ghilini; HIEROSME GHILINI; Hierome Ghilini; l’Abbé Ghilini,n/a,historien ou historienne,1589-05-19,Monza,1668-12-12,Alexandrie,duché de Milan,,,,,,,
BenedettoGhirlandaio,Benedetto,Ghirlandaio,Benoît Ghirlandaie,peintre italien,Comment on works: Portraits,1458-01-01,Firenze,1497-07-17,Firenze,Italie,,,,,,,
DavideGhirlandaio,Davide,Ghirlandaio,David Ghirlandaie,peintre italien,N/A | dit Davide Ghirlandaio,1452-01-01,Firenze,1525-08-10,Firenze,Italie,,,,,,,
DomenicoGhirlandaio,Domenico,Ghirlandaio,Dominique de Ghirlandaio; Dominique Ghirlandaie; Domenique Ghirlandaie; DOMINIQUE GHIRLANDAI; Dominique Ghirlandai; Domimico Ghirlandai; Le Ghirlandaio; Dominique de Ghirlandaie; Ghirlandaie; Ghirlandai,peintre italien,Comment on works: Portraits; Religious,1448-06-02,Firenze,1494-01-11,Firenze,République florentine,,,,,,,
RidolfoDelGhirlandaio,Ridolfo del,Ghirlandaio,Rodolphe Delghirlandaio,peintre italien,Comment on works: Portraits,1483-02-14,Firenze,1561-06-06,Florence,Italie,,,,,,,
GiorgioGhisi,Giorgio,Ghisi,Giorgio Mantuano; George Mantouan,dessinateur et graveur italien (1520-1582),N/A,1520-01-01,Mantova,1582-12-15,Mantoue,Italie,,,,,,,
PieV,Antonio,Ghislieri,Pie V,pape (saint catholique),"prêtre catholique, évêque catholique | Pape sous le nom de Pie V",1504-01-17,Bosco Marengo,1572-05-01,Rome,États pontificaux,,,,,,,
FermoGhisoniDaCaravaggio,Fermo,Ghisoni,Fermo Guisoni,"decorative painter, artist, painter",N/A,1495,N/A,1575,N/A,,,,,,,,
GianelloTorriani,Torriani,Gianello,Gianello Torrian; Torriano,horloger,,1500-01-01,,1585-06-13,,Espagne,,,,,,,
GiovanniAndreaGiliodaFabriano,Giovanni Andrea,Gilio da Fabriano,N/A; Messer Giovanni Andrea Gilio,n/a,prêtre chrétien,,Fabriano,1584-01-01,N/A,,,,,,,,
GiovanniGiocondo,Giovanni,Giocondo,Frà Jean Joconde; Le Joconde; le Joconde; Joconde,architecte italien,"Appointed Royal Architect by the Viceroy of Naples. Engineer for the transportation of the Vatican Obelisk (1585-1586); Architect of the ""Palazzo reale (Naples, Italy)"" (1600-1602). Italian architect. Comment on works: architect; stucco worker",1543-00-00,Melide,1607-00-00,Napoli,,,,,,,,
GiovanniGiorgi,Giovanni,Giorgi,Giovanni Giorgi,,,,,,,,,,,,,,
Giorgione,Giorgio Barbarelli,Giorgione,Giorgione; Georgeon de Castel Franco; Giorgione da Castelfranco; Georgeon de CastelFranco; George de Castel Franco; George de Castelfranc; du Georgeon; le Georgeon; le Giorgion; LE GIORGION; Georgien; Georgeon; Giorgion; Georgion,peintre du Cinquecento italien (1478–1510),"Son of a Viselago peasant farmer who settled in Castelfranco in 1469. His date of birth is inferred from that of his death, probably in 1510 when, according to Vasari, he was 33. Vasari reported that Giorgione was self-taught and influenced by Leonardo da Vinci's art. Often considered the founder of Venetian painting of the 16th century, Giorgione had a brief career of 15 years but his innovative style influenced Titian and others. | dit Giorgione",1478-01-01,Castelfranco Veneto,1510-01-01,Venezia,république de Venise,,,,,,,
Giotto,Giotto,Giotto,Giotto; Nave del Giotto; le Giotto; Ghiotto; GIOTTO,"peintre, sculpteur et architecte italien (c. 1267–1337)","Giotto designed the campanile or bell tower adjacent to the cathedral in Florence. He died long before the tower was complete, and his plan was not followed in the two successive campaigns led by Andrea Pisano and Francesco Talenti that finally brought construction to an end. Italian painter. Comment on works: Religious",1267-01-01,Vicchio,1337-01-08,Florence,Italie,,,,,,,
AgostinoDiGiovanni,Agostino,Giovanni,Agostino di Giovanni; Agostino Sanesi,architecte et un sculpteur italien gothique,N/A,1250,Sienne,1347,N/A,Italie,,,,,,,
BertoldoDiGiovanni,Bertoldo,Giovanni,Bertoldo di Giovanni; Bertolde,sculpteur et médailleur florentine,Comment on works: sculptor; medalist,1435-01-01,Florence,1491-00-00,Poggio a Caiano,Italie,,,,,,,
DarioDiGiovanni,Dario,Giovanni,Dario di Giovanni; Darioda Trevisa,peintre italien (1420-1495),"Comment on works: religious | aussi connu sous le nom de Dario da Pordenone, da Udine ou da Treviso",1420-00-00,Pordenone,1495-00-00,Conegliano,,,,,,,,
GiovanniMariaFalconetto,Falconetto,Giovanni Maria,Jean Maria Falconnetti; Falconnetti; Jean Maria Falconnetti,architecte italien,,1468-01-01,Verona,1535-01-01,Padova,république de Venise,,,,,,,
PaoloGiovio,Paolo,Giovio,Paul Jove; Paolo Giovio; Paolo Jovio; Giovio,"médecin, historien, écrivain et prélat catholique italien","historien ou historienne, biographe, médecin, muséologue, humaniste, évêque catholique",1483-04-21,Côme,1552-01-01,Florence,duché de Milan,,,,,,,
GirolamoMacchietti,Macchietti,Girolamo,Girolamo Macchietti del Crocefissaio; Girolamo Machietti,peintre italien,"Aussi connu sous le nom de ""Girolamo Macchietti del Crocefissaio"".",1535-02-21,Florence,1592-01-03,Florence,Italie,,,,,,,
DanielGittard,Daniel,Gittard,Gitart,architecte français,,1625-03-14,Blandy,1686-12-15,Paris,France,,,,,,,
FrancescoGiuntini,Francesco,Giuntini,Francesco Giuntini; Giuntino,"astronome XVIe siècle, auteur de Speculum astrologiae..."", 1581","théologien ou théologienne, astronome, astrologue",1523-03-07,Florence,1590-00-00,Lyon,,,,,,,,
VincenzoGiustiniani,Vincenzo,Giustiniani,Vincenzo Giustiniani; Marquis Justiniani; Justiniani,"marquis italien d'origine génoise, banquier, collectionneur d'art et intellectuel, connu pour son importante collection de peintures du Caravage","collectionneur ou collectionneuse d'œuvres d'art, intellectuel ou intellectuelle, banquier",1564-09-13,Chíos,1637-12-27,Rome,république de Gênes,,,,,,,
Glaucon,,Glaucon,Glaucon,,,,,,,,,,,,,,
GiovanniPietroGnocchi,Giovanni Pietro,Gnocchi,Pietro Gnocco,"artist, painter","On trouve ""Pietro Gnocco"" chez Lomazzo (Idea).",1549,N/A,1649,N/A,,,,,,,,
AntoineGodeau,Antoine,Godeau,Antoine Godeau; Monsieur Godeau,homme de lettres et évêque français (1605-1672),"écrivain ou écrivaine, poète ou poétesse, prêtre catholique, évêque catholique",1605-09-24,Dreux,1672-04-21,Vence,France,,,,,,,
Goliath,Goliath,Goliath,Goliath; Goliât,personnage biblique du Tanakh et de l'Ancien Testament,N/A,1100-00-00,Gath,1023-00-00,Gath,Philistie,,,,,,,
HendrickGoltzius,Hendrick,Goltzius,Henrigo  Goleio; HENRI GOLTIUS; le Goltius; Goltius,peintre et graveur néerlandais (1558–1617),"Artist who successfully disseminated his prints and drawings throughout Europe, famous for his power of imitation. Goltzius transferred control of his print workshop to his stepson Jacob Matham by 1598. Comment on works: Portraits; Religious; Mythology.",1558-01-11,Bracht,1617-01-01,Haarlem,Provinces-Unies,,,,,,,
HubertusGoltzius,Hubertus,Goltzius,Hubert Goltius; HUBERT GOLTIUS,peintre et graveur néerlandais,N/A,1526-10-30,Venlo,1583-03-24,Brugge,Pays-Bas des Habsbourg,,,,,,,
JeanGoltzius,Jean,Goltzius,Jean Goltius,,"Graveur sur verre, père de Hendrick Goltzius",,,,,,,,,,,,
GiovanniGonnelli,Giovanni,Gonnelli,l'Aveugle de Cambassi; l’Aveugle de Cambassi,artist,Comment on works: sculptor,1603,N/A,1656,N/A,,,,,,,,
EleonoreGonzague,Eleonore de,Gonzague,Éléonore de Gonzague; Eleanore Gonzague,Reine consort de Hongrie et de Bohême et impératrice du Saint Empire romain germanique,"reine régnante | ou Eleonore de Mantoue Impératrice du Saint-Empire, reine de Germanie, de Bohême et de Hongrie, archiduchesse d'Autriche de 1622 à 1637, par son mariage avec Ferdinand II de Habsbourg",1598-09-23,Mantoue,1655-06-27,Vienne,,,,,,,,
Gonzague,famille,Gonzague,,,,,,,,,,,,,,,
FrancoisIIGonzague,François II,Gonzague,François II de Mantoue; François Gonzague,noble italien,condottiere | Marquis de Mantoue,1466-08-10,Mantoue,1519-03-29,Mantoue,duché de Milan,,,,,,,
HerculeGonzague,Hercule,Gonzague,Hercule Gonzague,prélat catholique,"prêtre catholique de rite romain, diacre de transition, diacre catholique, évêque catholique, évêque catholique romain | Fils de François II de Mantoue et d'Isabelle d'Este",1505-11-23,Mantoue,1563-03-02,Trente,,,,,,,,
LouisIIIMantoue,Louis III de,Gonzague,Louis III de Mantoue; Lodovico GonzagaLodovico Gonzaga,deuxième marquis de Mantoue,"condottiere, commissaire | Marquis de Mantoue de 1444 à 1478",1412-06-05,Mantoue,1478-06-12,Goito,,,,,,,,
LouisGonzague,Louis IV de,Gonzague-Nevers,Louis IV; Louis Gonzague,diplomate français,diplomate | Prince de Mantoue,1539-09-18,Mantoue,1595-10-23,Nesle,France,,,,,,,
Gordien,Gordien,Gordien,Gordien Ier; Gordien,empereur romain en 238,militaire | Empereur romain en 238.,0159-00-00,Phrygie,0238-04-12,Carthage,Rome antique,,,,,,,
JanGossaert,Jan,Gossaert,JEAN DE MABUSE; Mabuse,"peintre, dessinateur et graveur originaire de l'ancien comté de Hainaut (Pays-Bas bourguignons) (1478–1532)",,1478-00-00,Maubeuge,1532-10-01,Antwerpen,Saint-Empire romain germanique,,,,,,,
ClementV,"Bertrand, de",Got,Clément V; Clement cinquiéme,195e pape de l’Église catholique,"prêtre catholique, évêque catholique | Pape sous le nom de Clément V",1264-00-00,Uzeste,1314-04-20,Roquemaure,France,,,,,,,
HendrickGoudt,Hendrick,Goudt,Comte Goudt; HENRI GAUD COMTE PALATIN,peintre hollandais,,1583-01-01,s-Gravenhage,1648-12-18,Utrecht,Provinces-Unies,,,,,,,
JeanGoujon,Jean,Goujon,Jean Gougeon; Jean Goujon,architecte français,French architect. Comment on works: Sculptor; Miniaturist; Architect; Draughtsman,1510-00-00,Rouen,1567-00-00,Bologne,France,,,,,,,
CaiusGracchus,Caïus Sempronius,Gracchus,Caius Gracchus; Gracque,tribun de la plèbe romain en 123 av. J.-C.,"homme politique de la Rome antique, militaire romain",0154-00-00,N/A,0122-00-00,Rome,Rome antique,,,,,,,
CamilloGraffico,Camillo,Graffico,Camille Graffico,graveur,,,,,,,,,,,,,
AntivedutoGramatica,Antiveduto,Gramatica,Lantivedout,peintre italien,Comment on works: religious | Lantivedout chez Pader,1571-01-01,Rome,1626-04-13,Roma,Italie,,,,,,,
FestusGrammaticus,Festus,Grammaticus,Festus Grammaticus; Festus,lexicographe latin du IIe siècle ap. J.-C,"lexicographe, philologue classique, écrivain ou écrivaine, poète ou poétesse | dit Festus Grammaticus",0350-00-00,Narbonne,0350-00-00,N/A,Rome antique,,,,,,,
SaintAntoine,Antoine,Grand,Saint Antoine; saint Antoine; Sant'Antonio,moine considéré comme le père du monachisme chrétien,"moine chrétien ou moniale chrétienne, anachorète, écrivain ou écrivaine",0251-00-00,Coma,0357-00-00,Thèbes,Rome antique,,,,,,,
GregoireII,Grégoire,Gregoire II,Grégoire II; Saint Gregoire Patriarche; Saint Gregoire II; S. Gregoire II; Saint Gregoire,89e pape de l’Église catholique,"bibliothécaire, prêtre catholique, écrivain ou écrivaine | Pape de 715 à 731",0669-00-00,Rome,0731-02-11,Rome,Empire byzantin,,,,,,,
MatthausGreuter,Matthäus,Greuter,le Greuter,peintre et un graveur allemand,Comment on works: Italian scenes,1564-01-01,Strasbourg,1638-08-22,Roma,Allemagne,,,,,,,
LodovicoGrignani,Lodovico,Grignani,Lodovico Grignani; Lodovico Grignani.,n/a,"imprimeur ou imprimeuse, éditeur ou éditrice, libraire",1586-01-01,Rome,1651-01-09,Rome,,,,,,,,
JeanHenriGrimaldi,Jean-Henri,Grimaldi,Marquis de Corbons,,marquis de Courbons,,,,,,,,,,,,
GerolamoGrimani,Gerolamo,Grimani,Jérôme Grimani,,,,,,,,,,,,,,
GiovanniGrimani,Giovanni,Grimani,Giovanni Grimani; Patriarca Grimani,patriarche catholique,"prêtre catholique, évêque catholique | patriarche d'Aquilée",1506-07-08,Venise,1593-10-03,Venise,république de Venise,,,,,,,
MarinoGrimani,Marino,Grimani,Marino Grimani; Marin Grimani,doge de Venise,personnalité politique,1532-07-01,Venise,1605-12-25,Venise,république de Venise,,,,,,,
AndreaGritti,Andrea,Gritti,Doge Gritti; Andrea Gritti,77e doge de Venise,"personnalité politique, militaire",1455-04-17,Bardolino,1538-12-28,Venise,république de Venise,,,,,,,
GerardDeGroesbeek,Gérard de,Groesbeek,Gérard de Groesbeek; Cardinal Groosbek; Evêque de Liége,cardinal de l'Église catholique romaine,"prêtre catholique, évêque catholique",1517-00-00,Hasselt,1580-12-23,Liège,,,,,,,,
GregoireLeGrand,Grégoire,Grégoire Ier,Grégoire le Grand; saint Gregoire Pape,pape et docteur de l’Église,"diplomate, prêtre catholique de rite romain, écrivain ou écrivaine | dit Grégoire le Grand, pape de 590 à 604 et considéré comme saint.",0540-11-30,Rome,0604-03-12,Rome,,,,,,,,
GregoireX,Grégoire,Grégoire X,Gregoire X,pape de l’Église catholique romaine,"prêtre catholique, écrivain ou écrivaine | Pape sous le nom de Gregoire X",1210-00-00,Plaisance,1276-01-10,Arezzo,États pontificaux,,,,,,,
MatthiasGrunewald,Matthias,Grünewald,Mathieu Grunewalt,peintre et ingénieur allemand,,1480-00-00,Wurtzbourg,1528-08-31,Halle-sur-Saale,Allemagne,,,,,,,
LouisIDuGuernier,Louis,Guernier,Louis du Guernier,peintre miniaturiste français (1614-1659),"artiste peintre, émailleur, dessinateur ou dessinatrice | peintre miniaturiste français (1614-1659)",1614-04-14,Paris,1659-01-16,Paris,France,,,,,,,
RaffaelloGuidi,Raffaello,Guidi,Raphael Guidi,"artist, engraver, draftsman, painter",N/A,1540-01-01,Firenze,1615-01-01,N/A,Italie,,,,,,,
LelioGuidiccioni,Lelio,Guidiccioni,Signor Lelio Guidiccioni; il Guidiccioni,n/a,"poète ou poétesse, écrivain ou écrivaine",1570-00-00,Lucques,1643-07-07,Rome,,,,,,,,
Guide,Reni,Guido,Guide; le Guide Reni; GUIDE RENI; Guide Reni; GUIDO RENI; Guido Reni; le Guide; Le Guide; Guido; GUIDE,peintre italien (1575–1642),"Reni created easel paintings and large decorations in Rome, Naples, Mantua, and Bologna, for patrons including Pope Paul V and Italy's top royalty. His graceful, classical style featured refined colors, delicate and varied flesh tones, soft modeling, and gentle emotion that owes a debt to Raphael's work.",1575-11-04,Bologna,1642-08-18,Bologna,États pontificaux,,,,,,,
PaoloGuidotti,Paolo,Guidotti,Cavalier Borghese; Paolo Guidotti; Guidoti,peintre italien,"Italian artist, Milan. Comment on works: Religious | aussi connu comme ""Cavalier Borghese""",1560-01-01,Lucca,1629-03-07,Roma,,,,,,,,
EtienneGuillery,Étienne,Guilery,Guillery Stefano (italianisation); Stephanum Guileretum,imprimeur français,"imprimeur ou imprimeuse-libraire, libraire, éditeur ou éditrice, typographe | imprimeur-libraire",1490-00-00,Lunéville,1530-00-00,N/A,,,,,,,,
SimonGuillainII,Simon II,Guillain,SIMONE GUILINO PARIGINO; Simone Guilino Francese,n/a,italianisé en Simone Guilino Parigino,,1618,,1658,,,,,,,,
MarieDeGuise,Marie de,Guise,Marie de Lorraine; Mademoiselle de Guise,duchesse de Guise,aristocrate,1615-08-15,hôtel de Soubise,1688-03-03,hôtel de Soubise,,,,,,,,
FrancoisGuy,François,Guy,Guide François,"peintre français et auvergnat de la première moitié du XVIIe siècle, du Puy-en-Velay",N/A,1580-11-20,Le Puy-en-Velay,1650-10-05,Le Puy-en-Velay,royaume de France,,,,,,,
DiegoMaxiaFelipezDeGuzman,Diego Mexia Felipez; de,Guzman,Diego Mexía Felípez de Guzmán; Marquis de Leganez,homme politique et militaire espagnol,"personnalité politique, militaire, soldat",1580-01-01,N/A,1655-02-16,Milan,Espagne,,,,,,,
GasparDeGuzman,Gaspar de,Guzman,Duc d'Olivares; Duc d'Olivarez,"politicien espagnol, comte d'Olivares","personnalité politique, militaire",1587-01-06,Rome,1645-07-22,Toro,Espagne,,,,,,,
Gyges,Gygès,Gygès,Gygès; Gide de Lidie; Gyges; Gige,roi de Lydie,"dirigeant ou dirigeante | Gige chez Pader Roi de Lydie : son avènement se situe entre 708 av. J.-C. et 687, sa mort entre 680 et 648",,N/A,0652-00-00,Sardes,,,,,,,,
NicomaqueGerase,"Nicomaque, de",Gérase,Nicomaque de Gérase; Nicomaque,mathématicien grec de l'Antiquité,"mathématicien ou mathématicienne, musicologue, théoricien ou théoricienne de la musique, philosophe",0060-00-00,Jerash,0120-00-00,N/A,Rome antique,,,,,,,
MaximilienI,Maximilien,Habsbourg,Maximilien I; L’Empereur Maximilien; Empereur Maximilien; Massimigliano; Massimiliano; Maximilian; Maximilien,"empereur du Saint-Empire, archiduc d'Autriche",dirigeant ou dirigeante | Empereur du saint-Empire de 1508 à 1519,1459-03-22,Wiener Neustadt,1519-01-12,Wels,Saint-Empire romain germanique,,,,,,,
AlbertDAutriche,Albert,Habsbourg,Archiduc d'autriche; Archiduc Albert,cardinal de l'Église catholique romaine,"militaire, dirigeant ou dirigeante | Gouverneur des Paysbas espagnols puis archiduc souverin des Pays Bas. Fils de Maximilien II",1559-11-15,Wiener Neustadt,1621-07-13,Bruxelles,archiduché d'Autriche,,,,,,,
LeopoldGuillaumeDeHabsbourg,"Léopold-Guillaume, de",Habsbourg,Léopold-Guillaume de Habsbourg; Archiduc Leopolde; Archiduc Leopold; Archiduc Léopol,"archiduc d'Autriche, gouverneur des Pays-Bas espagnols","personnalité politique, prêtre catholique, collectionneur ou collectionneuse d'œuvres d'art",1614-01-05,Wiener Neustadt,1662-11-20,Vienne,Saint-Empire romain germanique,,,,,,,
PhilippeIer,Philippe de,Habsbourg,Philippe le Beau; Philippe Prémier Roy d’Espagne,premier membre de la maison de Habsbourg à être roi de Castille,dirigeant ou dirigeante | Roi d'Espagne en 1506,1478-06-22,Bruges,1506-09-25,Burgos,royaume de Castille,,,,,,,
Hadrien,Hadrien,Hadrien,Hadrien; Empereur Hadrien; Adrien I,empereur romain de la dynastie des Antonins de 117 à 138 (76-138),"souverain, personnalité politique, militaire, poète ou poétesse",0076-01-24,Italica,0138-07-10,Baïes,Rome antique,,,,,,,
DenysHalicarnasse,Denys d’,Halicarnasse,Denys d'Halicarnasse; Denys de Halicarnasse,historien grec,"historien ou historienne, écrivain ou écrivaine, orateur ou oratrice, grammairien, rhéteur ou rhétrice",0060-01-01,Halicarnasse,0007-01-01,Rome,,,,,,,,
AdriaenHanneman,Adriaen,Hanneman,Hanneman; HANNEMAN,peintre néerlandais,,1603-01-01,La Haye,1671-07-11,La Haye,Provinces-Unies,,,,,,,
JulesHardouinMansart,Jules,Hardouin-Mansart,M. Mansard,architecte français,"Student and great-nephew of François Mansart (1598-1666), architect. He directed the construction and design of Versailles from 1678 and designed the Dôme des Invalides from 1679 to 1691, which was added to the existing church begun in 1670, Paris. Ennobled in 1683, and became the Baron de Jouy, and then the Comte de Sagonne in 1693. Attained the post of ""Superintendant des bâtiments du roi"" in 1699.",1646-04-16,Paris,1708-05-11,Marly,France,,,,,,,
AchilleDeHarlayDeSancy,Achille de,Harlay de Sancy,Achille de Harlay de Sancy; M. de Sancy,prélat catholique,"linguiste, prêtre catholique, diplomate, évêque catholique",1581-00-00,Paris,1646-11-26,Saint-Malo,France,,,,,,,
Hasdrubal,Hasdrubal,Hasdrubal,Hasdrubal Barca; Asdrubale; Asdrubal,"militaire carthaginois, 2e fils de Hamilcar Barca et frère de Hannibal et Magon Barca",chef militaire,0245-00-00,Carthage,0207-00-00,Métaure,civilisation carthaginoise,,,,,,,
MaertenVanHeemskerck,Maerten van,Heemskerck,MARTIN HEMSKERC; Emskerque; Hemskerc,peintre néerlandais (1498–1574),Dutch artist. Comment on works: Painter; history,1498-01-01,Heemskerk,1574-10-01,Haarlem,Pays-Bas des Habsbourg,,,,,,,
LucasDeHeer,Lucas de,Heer,Lucas de Heer,"author, artist, court artist, poets, tapestry designers, watercolorists, draftsman, painter, sculptor",,1534,N/A,1584,N/A,,,,,,,,
DanielHeinsius,Daniel,Heinsius,Daniel Heinsius; Heinsius,professeur d'université,"poète ou poétesse, bibliothécaire, professeur ou professeure d'université, érudit classique, philologue, dramaturge, traducteur ou traductrice, éditeur ou éditrice, artiste visuel ou artiste visuelle",1580-06-09,Gand,1655-02-25,La Haye,Provinces-Unies,,,,,,,
JosephHeintz,Joseph,Heintz,JOSEPH HAINS,peintre suisse (1564-1609),,1564-06-11,Basel,1609-10-15,Praha,Suisse,,,,,,,
Helene,Hélène,Helene,Hélène; Héléne; Helene; Elena,"personnage de la mythologie grecque, épouse de Ménélas, le roi de Sparte",N/A,,N/A,,N/A,,,,,,,,
SainteHelene,Hélène,Helene,Hélène de Constantinople; saincte Heleine; Sainte Heleine; Reine Héléne,"impératrice romaine, mère de Constantin Ier","personnalité politique | Impératrice, mère de l'empereur Constantin Ier ; considérée comme Sainte",0250-00-00,Hélénopolis,0330-08-18,Constantinople,Rome antique,,,,,,,
JanSandersVanHemessen,Jan Sanders van,Hemessen,Jean d’Hemeissein,peintre flamand,"Comment on works: History; Religious; formerly identified with the Bruswick Monogrammist, but there is now a general consensus that Hemessen and the Brunswick Monogrammist were different artists; the Monogrammist is now most often identified with Jan van Amstel. Hemessen signed his name ""de Hemessen"" rather than ""van Hemessen""",1500-01-01,Hemiksem,1566-01-01,Anvers,duché de Brabant,,,,,,,
HenriIV,Henri,Henri IV,dit le Grand; Henri quatriéme; Henri Quatriéme; Henry Quatriéme; Henry le Grand; Henri le Grand; Roy Henry IV; Henri IV; Henry IV,roi de France et de Navarre,"personnalité politique, monarque, commandant | Roi de France et de Navarre",1553-12-13,château de Pau,1610-05-14,Paris,royaume de France,,,,,,,
HenriVIII,Henri,Henri VIII,Henri VIII; Roy Henry; VIII; Roy Henry VIII; Enrico,"roi d'Angleterre et d'Irlande, de 1509 à 1547","monarque, compositeur ou compositrice | Roi d'Angleterre de 1491 à 1547",1491-06-28,palais de Placentia,1547-01-28,palais de Whitehall,royaume d'Angleterre,,,,,,,
Hercule,Héraclès,Hercule,Héraclès; Hercules; Hercule; Hercole; Alcide; Ercole,"héros de la mythologie grecque, fils de Zeus et d’Alcmène",personnage mythologique,,Thèbes,,N/A,Thèbes,,,,,,,
Hermogene,Hermogène,Hermogène,Hermogène; Hermogenes,architecte antique,architecte,0240-00-00,Priène,0200-01-01,N/A,,,,,,,,
HerodeI,Hérode,Herode,Hérode Ier le Grand; Herode,roi de Judée,"souverain, personnalité politique, monarque",0074-00-00,Édom,0004-00-00,Jéricho,,,,,,,,
Herse,Hersé,Hersé,Hersé; Herse,"personnage de la mythologie grecque, fille de Cécrops",N/A,,N/A,,N/A,,,,,,,,
LouisHesselin,Louis,Hesselin,Louis Hesselin; Monsieur de Heinselin; Monsieur Hesselin; M. Hesselin,collectionneur d'art français,collectionneur ou collectionneuse d'œuvres d'art,1602-01-01,N/A,1662-08-08,N/A,France,,,,,,,
Hierocles,,Hieroclès,Hierocle,,,,,,,,,,,,,,
Hippomene,Hippomène,Hippomène,Hippomène; Hippomene,"personnage de la mythologie grecque, concurrent d'Atalante",N/A,,N/A,,N/A,,,,,,,,
SaintAugustin,Augustin d',Hippone,Augustin d’Hippone; Saint Augustin; saint Augustin; Sant'Agostino.; Sant’Agostino; S. Augustin,"théologien, philosophe chrétien et évêque d’Afrique du Nord, saint et docteur de l’Église catholique","philosophe, théologien ou théologienne, autobiographe, théoricien ou théoricienne de la musique, prédicateur, historien ou historienne, poète ou poétesse, écrivain ou écrivaine, prêtre catholique, évêque titulaire, évêque catholique",0354-11-13,Thagaste,0430-08-28,Hippone,Rome antique,,,,,,,
Hiram,,Hiram,Hiram,,,,,,,,,,,,,,
HieronII,Hiéron,Hiéron II,Hiéron II; Hiéron de Siracuse; Hieron l’ancien; Hieron,roi de Syracuse,"personnalité politique, chef militaire",0308-01-01,Syracuse,0215-01-01,Syracuse,,,,,,,,
JanVanDenHoecke,Jan van den,Hoecke,JEAN VAN-HOUC; Jean Van Hœc; Van-Houk; Van-Houc,peintre flamand,Comment on works: Portraits; Religious; History,1611-08-04,Anvers,1651-01-01,Antwerpen,Pays-Bas méridionaux,,,,,,,
JacobHoefnagel,Jacob,Hoefnagel,Hufnagle,"miniature painter, art dealers, artist, court painter, engraver, diplomat, politicians, draftsman, merchants, painter, printmaker",,1575-00-00,Anvers,1633-00-00,Hambourg,Pays-Bas des Habsbourg,,,,,,,
HansHolbeinDeElder,Hans,Holbein,Jean Holbein,peintre allemand (c. 1465–1524),,1465-01-01,Augsbourg,1524-01-01,Bâle,Saint-Empire romain germanique,,,,,,,
HansHolbeinDeJonge,Hans,Holbein,Holbens; JEAN HOL BEIN; Jean Holben; Holbein; Holben,peintre et graveur allemand (1497–1543),"Hans was regarded as the most important portrait painter in England during the Reformation. He began his career in Basel, where he worked mainly as a painter of altarpieces and designer of woodcuts. He visited England in 1526 to 1528 and through Erasmus, he met Sir Thomas More and his circle. Returning to Basel he received commissions from city authorities and produced designs for stained glass and goldsmiths' work. In 1532 he returned to England, where he worked almost exclusively as a portrait painter, mainly under the patronage of King Henry VIII and his courtiers. Netherlandish painter.",1497-01-01,Augsburg,1543-11-29,London,Saint-Empire romain germanique,,,,,,,
Homere,,Homère,Homère; Homére; Homere; Homero,"poète épique de la Grèce antique, auteur de l’Illiade et de l’Odyssée","poète ou poétesse, auteur, écrivain ou écrivaine",0900-00-00,Chíos,0800-00-00,Ios,Confédération ionienne,,,,,,,
GabrielHonnet,Gabriel,Honnet,Gabriel Honnoit,peintre français du XVIIe siècle,,1500,Paris,1614-00-00,Paris,royaume de France,,,,,,,
HonoreI,Honorius,Honoré I,Honoré I; Honoré,pape de l'Église catholique romaine,"prêtre catholique, écrivain ou écrivaine | Pape sous le nom d'Honoré I de 625 à 638.",0585-00-00,Campanie,0638-10-12,Rome,Empire byzantin,,,,,,,
Hora,Hora,Hora,Hora,déesse romaine,N/A,,N/A,,N/A,,,,,,,,
Horace,,Horace,Horace; Horatius Flaccus; d'Horace; Hhorace; Oratio; Orazio,poète lyrique latin,"poète ou poétesse, écrivain ou écrivaine, philosophe",0065-12-08,Venosa,0008-11-27,Rome,Rome antique,,,,,,,
Horapollon,Horapollon,Horapollon,"Horapollon le Jeune, Horapollon du Nil, Horapollon l'Egyptien, Oro Apolline; Oro Apolline",philosophe antique,"écrivain ou écrivaine, prêtre, grammaticus | Aussi connu sous le nom d'""Horapollon Le Jeune"", ""Horapollon l'Egyptien"" et ""Horapollon du Nil"". On trouve aussi ""Oro Apolline"" chez Lomazzo (Idea).",0500-00-00,N/A,0500-00-00,N/A,,,,,,,,
GerritVanHonthorst,Gerrit van,Hunthorst,GERARD HONTORST; Gérard Honorst; Huntorst; Homtorst; Hontorst,peintre,,1592-11-04,Utrecht,1656-04-27,Utrecht,Provinces-Unies,,,,,,,
Hyacinthe,Hyacinthe,Hyacinthe,Hyacinthe; Iacinthe,"personnage de la mythologie grecque, aimé d'Apollon qui le tua accidentellement",N/A,,N/A,,N/A,,,,,,,,
CaiusJuliusHyginus,Caius Julius,Hyginus,Caius Julius Hyginus; Higinus,auteur et grammairien romain,"écrivain ou écrivaine, mythographe, poète ou poétesse, astronome, grammaticus",0064-01-01,Hispanie,0017-01-01,Rome,Rome antique,,,,,,,
Hecube,Hécube,Hécube,Ecuba,personnage de la mythologie grecque,,,,,,Troie,,,,,,,
Hegesias,Hegias,Hégésias d'Athènes,Hegias d’Athènes; Egesias,sculpteur antique,sculpteur ou sculptrice,1000-00-00,Athènes,0500-00-00,N/A,,,,,,,,
Heliodore,Héliodore,Héliodore,Héliodore; Heliodore,officier séleucide,personnalité politique,0250-00-00,Antioche,0175-00-00,N/A,royaume séleucide,,,,,,,
Heliogabale,Héliogabale,Héliogabale,Bassien; Heliogapale; Heliogabale,empereur romain de 218 à 222,personnalité politique,0203-03-20,Rome,0222-03-11,Rome,Rome antique,,,,,,,
Henoch,Hénoch,Hénoch,Hénoch; Enoch,"personnage biblique, ancêtre de Noé",N/A,,N/A,,N/A,,,,,,,,
Herodote,,Hérodote,Hérodote; Herodote,historien et géographe grec de l'Antiquité (vers 484-vers 425 av. J.-C.),"historien ou historienne, écrivain ou écrivaine, géographe, personnalité politique",0484-01-01,Halicarnasse,0425-01-01,Thourioï,Halicarnasse,,,,,,,
Hesiode,Hésiode,Hésiode,Esiodo (it); Hesiode; Esiodo,poète grec des VIII-VIIe s. av. J.-C.,"poète ou poétesse, écrivain ou écrivaine, rhapsode, mythographe",0776-00-00,Cymé,,Ascra,Cymé,,,,,,,
Icare,Icare,Icare,Icare; Icaro,personnage de la mythologie grecque,N/A,,N/A,,N/A,,,,,,,,
Ictinos,Ictinos,Ictinos,Ictinos; Ictinus,architecte grec du Ve siècle av. J.-C.,architecte,0500-01-01,Athènes,,Athènes,Athènes,,,,,,,
DariusI,Darius le Grand,Ier,Darius Ier; Darius,grand roi de l'Empire perse,"homme d'État, chef militaire, monarque | Darius le Grand",0550-01-01,N/A,0486-01-01,N/A,Empire achéménide,,,,,,,
FerdinandI,Ferdinand,Ier,Ferdinand Ier; Ferdinando I; Ferdinand I,empereur du Saint Empire et roi de Hongrie,"aristocrate, monarque, personnalité politique | Empereur du Saint-Empire de 1556 à 1564",1503-03-10,Alcalá de Henares,1564-07-25,Vienne,Saint-Empire romain germanique,,,,,,,
PyrrhusI,Pyrrhus,Ier,Pyrrhus Ier; Pyrrhus; Pirro; Pyrus,roi d'Épire,"homme d'État, monarque, personnalité politique, militaire | Roi d'Epire entre 306 et 302 av. J.-C.",0318-01-01,Épire,0272-01-01,Argos,Épire,,,,,,,
SeleucosI,Séleucos Ier,Ier,Séleucos Ier; Seleuque,souverain du royaume séleucide,souverain,0358-00-00,N/A,0281-00-00,Lysimacheia,royaume de Macédoine,,,,,,,
XerxesI,Xerxès,Ier,Xerxès Ier; Roi Xerces; Xerxes; Xerces; Xerxe,roi de la Perse achéménide entre 485 et 465 avant J.-C.,homme d'État,0519-01-01,Iran,0465-00-00,Perse,Empire achéménide,,,,,,,
FredericIPrusse,Frédéric,III de Brandebourg,Frederic Ier de Prusse; Son Altesse Monsieur le Marquis de Brandebourg,"premier roi en Prusse de 1701 à 1713, et prince-électeur de Brandebourg",personnalité politique | Frédéric III de Brandebourg,1657-07-11,Königsberg,1713-02-25,Berlin,Allemagne,,,,,,,
InnocenzoFrancucci,Innocenzo,Imola,Innocenzo Francucci; Innocent d’Imole,peintre italien,Comment on works: Religious,1494-00-00,Imola,1548-00-00,Bologna,Italie,,,,,,,
LuciusManliusCapitolinusImperiosus,Lucius Manlius Capitolinus Imperiosus,Imperiosus,Lucius Manlius Capitolinus Imperiosus; Lucio Manilio,dictateur romain en 363 av. J.-C.,homme politique de la Rome antique | dictateur de la République romaine,0400-00-00,Rome antique,0400-01-01,N/A,Rome antique,,,,,,,
Inachos,Inachos,Inachos,connu aussi sous le nom de Inachus; Inaco,"personnage de la mythologie grecque, fils d'Océan et de Téthys","N/A | dans la mythologie grecque, il est le dieu fleuve de l'Inachos d'Argolide et un roi d'Argos",,N/A,,N/A,,,,,,,,
Io,Io,Io,Io; figliuola di Inaco,divinité de la mythologie grecque,N/A | fille du dieu fleuve Inachos.,,N/A,,N/A,,,,,,,,
Iphigenie,Iphigénie,Iphigénie,Iphigénie; Iphigenie; Ifigenia,personnage de la mythologie grecque,N/A,,N/A,,Aulis,,,,,,,,
Irene,Eiréné,Irene,Eirene; Irene,peintre grecque antique,artiste peintre | On trouve aussi Eirene.,0200-00-00,N/A,,N/A,,,,,,,,
IreneAthenienne,Irène,Irène,Irène l'Athénienne; Irenée,impératrice byzantine de 797 à 802,personnalité politique | Impératrice byzantine de 797 à 802,0752-01-01,Athènes,0803-08-09,Lesbos,Empire byzantin,,,,,,,
Isaac,Isaac,Isaac,Isaac,"personnage de la Bible et du Coran, fils d'Abraham et de Sarah",gardien de troupeau,1851-00-00,N/A,1533-00-00,Canaan,,,,,,,,
Isaie,Isaïe,Isaïe,Isaïe; Isaie; Isaia,personnage biblique,"écrivain ou écrivaine, prophète ou prophétesse, oracle",0766-00-00,royaume de Juda,0686-00-00,N/A,royaume de Juda,,,,,,,
Judas,Judas,Iscariote,Judas Iscariote; Judas; Giuda,apôtre traître de Jésus de Nazareth selon le Nouveau Testament,trésorier,,Judée,0030-00-00,Jérusalem,Judée,,,,,,,
Isis,Isis,Isis,Isis; Iside,déesse protectrice et salvatrice de la mythologie égyptienne,N/A,,N/A,,N/A,,,,,,,,
Iuba,,Iuba,Iuba,,Divinité mentionnée par Lomazzo (Idea).,,,,,,,,,,,,
EverhardJabach,Everhard,Jabach,Everhard Jabach; Jabac,banquier français d'origine allemande,"banquier, collectionneur ou collectionneuse d'œuvres d'art",1618-07-10,Cologne,1695-03-06,Paris,Allemagne,,,,,,,
Jacob,Jacob,Jacob,Jacob,personnage de la Bible et du Coran,berger ou bergère,1791-00-00,Canaan,1644-00-00,Égypte antique,,,,,,,,
JacquesIer,,Jacques Ier,Jacques Ier d'Angleterre,roi d'Écosse (1566-1625) et roi d'Angleterre et d'Irlande de 1603 à 1625 (1566-1625),"poète ou poétesse, écrivain ou écrivaine, monarque, aristocrate | Roi d'Angleterre de 1603 à 1625",1566-06-19,Édimbourg,1625-03-27,Theobalds House,Royaume d'Écosse,,,,,,,
AbrahamJanssens,Abraham,Janssens,ABRAHAM JANSON; Janson,peintre flamand,,1575-00-00,Anvers,1632-01-01,Antwerpen,Pays-Bas des Habsbourg,,,,,,,
Janus,Janus,Janus,Janus; Giano,divinité romaine,N/A,,N/A,,N/A,,,,,,,,
Japet,Japet,Japet,Japet; Japhet,personnage de la mythologie grecque,"N/A | Titan, père de Prométhée",,N/A,,N/A,,,,,,,,
SaintJean,Jean,Jean,Jean; Santo Giovanni; San Giovanni; sainct Jean; S. Giovanni; Sainct Jean; saint Jean; Saint Jean; S,"apôtre, évangéliste et disciple de Jésus-Christ","pêcheur ou pêcheuse, théologien ou théologienne, mystique, auteur | Apôtre",0011-00-00,Bethsaïde,0099-00-00,Éphèse,Rome antique,,,,,,,
Marie,Marie,Jesus,La Vierge; sainte Vierge Mere de Dieu; la sainte Vierge; anta Vergine; Vergine Maria; Vergina Maria; MARIA VERGINE; Sainte Vierge; Nostradonna; Santa Maria; Nostre Dame; Nôtre-Dame; la Vierge; S. Maria; Virgine; Vergine; Madonna; Vierge; MARIE; MARIA; Marie,film américain de 1999 réalisé par Kevin Connor,N/A,,N/A,,N/A,,,,,,,,
BernhardJobin,Bernhard,Jobin,Bernhard Jobin; Bernard Jobius,n/a,"imprimeur ou imprimeuse, éditeur ou éditrice",1501-01-01,Porrentruy,1593-01-01,Strasbourg,Allemagne,,,,,,,
PieterDeJodeI,Pieter I de,Jode,Pietre de Jode; Pierre de Jode; Pierre Jode,"dessinateur, graveur",Comment on works: copper engraver,1570-01-01,Antwerpen,1634-08-09,Antwerpen,Pays-Bas méridionaux,,,,,,,
FrancoisDuJon,"François, du",Jon,Fransz ou Franciscus Junius; François Junius Hollandois; Francesco Giunio Olandese; François Junius; Francisci Iunii; Junius,n/a,"philologue, historien ou historienne de l'art, bibliothécaire | Fransz ou Franciscs Junius",1591-01-29,Heidelberg,1677-11-19,Windsor,Provinces-Unies,,,,,,,
Jonas,Jonas,Jonas,Jonas; Giona,prophète biblique et coranique,prédicateur,0823-00-00,N/A,0720-00-00,Ninive,royaume d'Israël,,,,,,,
JacobJordaens,Jacob,Jordaens,JACQUES JORDANS; Jordans,"peintre, dessinateur et graveur flamand (1593-1678)",,1593-05-19,Antwerpen,1678-10-18,Antwerpen,Pays-Bas espagnols,,,,,,,
Joseph,Joseph,Joseph,Joseph; Sainct Joseph; saint Joseph; San Giuseppe; Saint Joseph; San Gioseffo; S. Gioseffo; S. Joseph,"personnage biblique du Nouveau Testament, époux de Marie mère de Jésus","ouvrier ou ouvrière, artisan ou artisane, charpentier ou charpentière, N/A",0030-00-00,Nazareth,0020-00-00,Nazareth,,,,,,,,
FlaviusJosephe,Flavius,Josephe,Flavius Josèphe; Josephe,historien judéen de langue grecque,"écrivain ou écrivaine, historien ou historienne",0037-00-00,Jérusalem,0100-00-00,Rome,Rome antique,,,,,,,
Josue,Josué,Josué,Josué,personnage biblique du Livre de l'Exode et surtout du Livre de Josué,"chef militaire, dirigeant ou dirigeante",1350-00-00,Pays de Gessen,1245-00-00,Canaan,,,,,,,,
AnneDeJoyeuse,"Anne, de",Joyeuse,Anne de Joyeuse,"aristocrate français du XVIe siècle, favori de Henri III",aristocrate,1560-01-01,Joyeuse,1587-10-20,Coutras,France,,,,,,,
JubaII,Juba,Juba II,Juba II; Juba,roi de Maurétanie et prince numide,"écrivain ou écrivaine, historien ou historienne, personnalité politique, érudit",0052-01-01,Hippone,0023-00-00,Tipasa de Maurétanie,Numidie,,,,,,,
Judith,Judith,Judith,Judith; Giuditta; Giudith,personnage biblique du Livre de Judith,N/A,,N/A,,N/A,,,,,,,,
JulienApostat,Julien,Julien,Julien l'Apostat; Julien l’Apostat,empereur romain de 361 à 363,"personnalité politique, philosophe",0331-00-00,Constantinople,0363-06-26,Mésopotamie,Rome antique,,,,,,,
FranciscusJunius,Franciscus,Junius,,"writers, antiquaries",N/A,1591-01-29,Heidelberg,1677-11-19,Windsor,Provinces-Unies,,,,,,,
Junon,Junon,Junon,Junon; GIUNONE; Giunone; Juno,déesse romaine,N/A,,N/A,,N/A,,,,,,,,
Jupiter,Zeus,Jupiter,Zeus; Jupiter Alphiste; Jupiter celeste; Jupiter Roial; Jupiter Ammon; Jupiter; Giove,roi des dieux dans la religion grecque antique et la mythologie grecque,N/A,,N/A,,N/A,,,,,,,,
Justinien,Justinien,Justinien,Justinien Ier; Justinien; Justinian,empereur byzantin de 527 à 565,"législateur ou législatrice, personnalité politique, empereur, écrivain ou écrivaine",0482-05-11,N/A,0565-11-14,Constantinople,Empire byzantin,,,,,,,
Jeroboam,,Jéroboam,Jeroboam,,,,,,,,,,,,,,
Jezabel,Jézabel,Jézabel,Jézabel; Jesabel,"princesse phénicienne, personnage biblique","monarque, prêtre",0900-00-00,Sidon,0841-00-00,Jezraël,Phénicie,,,,,,,
Kemoch,Kemoch,Kemoch,Kemoch; Camos,dieu des Moabites,N/A | dieu des Moabites On trouve aussi Chemosh et Camos en italien.,,N/A,,N/A,,,,,,,,
JacquesKerver,Jacques,Kerver,Jacques Kerver; Kerver,n/a,imprimeur ou imprimeuse-libraire,1501-01-01,Allemagne,1583-01-01,N/A,France,,,,,,,
WillemKey,Willem,Key,Guillaume Caye; GUILLAUME KAY,"artist, draftsman, painter",,1510-00-00,Breda,1568-00-00,Antwerpen,Pays-Bas méridionaux,,,,,,,
Kheops,Khéops,Khéops,Khéops; Cheopes,pharaon égyptien,homme d'État,2700-00-00,N/A,2566-00-00,N/A,Égypte antique,,,,,,,
Hippocrate,Hippocrate,"Kos, de",Hippocrate; Hippocrates,médecin grec du siècle de Périclès (vers 460-vers 370 avant JC),"médecin, philosophe",0460-00-00,Kos,0370-00-00,Lárissa,,,,,,,,
MelchiorIKusel,Melchior I,Küsel,Melchior Kussel,graveur allemand du XVIIe siècle,,1626-08-17,Augsbourg,1684-01-01,Augsbourg,Allemagne,,,,,,,
AngeGabriel,Gabriel,L'Ange Gabriel,Gabriel; Ange Gabriel,"ange mentionné dans la Bible et le Coran, principal messager de Dieu",N/A,,N/A,,N/A,,,,,,,,
CharlesDeLAubespine,Charles de,L'Aubespine,Charles de L'Aubespine; MARQUIS DE CHASTEAUNEUF,diplomate français,diplomate,1580-01-01,La Celle-Condé,1653-01-01,Leuville-sur-Orge,France,,,,,,,
PhilibertDelorme,Philibert de,L'Orme,Philbert de Lorme; Philb. de Lorme; Filbert de Lorme; Phil. de l'Orme; Phil. de Lorme; Ph. de Lorme; de Lorme,architecte français de la Renaissance.,"Son of Jean Delorme, master mason. From 1547 to 1559, Philibert De L'Orme was architect to the King, assuming charge of all royal buildings with the exeption of the Louvre. French architect.",1514-01-01,Lyon,1570-01-08,Paris,royaume de France,,,,,,,
SainteMarieEgyptienne,Marie,l'Égyptienne,Marie l'Egyptienne; Saincte Marie Egyptienne,sainte ermite chrétienne,ermite,0344-01-01,Alexandrie,0421-01-01,Palestine,Rome antique,,,,,,,
NicolasDeLaFleur,Nicolas de,La Fleur,la Fleur,"painter, printmaker",N/A,1590,N/A,1663,N/A,,,,,,,,
LaurentDeLaHyre,Laurent de,La Hyre,LAURENT DE LA HIRE; Mr. de Lahyre,peintre et graveur français,Comment on works: Landscapes; Genre; Religious,1606-02-27,Paris,1656-12-28,Paris,France,,,,,,,
AntonioLabacco,Antonio,Labacco,Antoine l’Abacco; Antoine Abbaco,architecte et graveur italien (c. 1495-1570),Italian architect.,1495-00-00,Verceil,1570-00-00,Rome,,,,,,,,
Laban,Laban,Laban,Laban,personnage de la Bible,N/A,,N/A,,N/A,,,,,,,,
MarcusAntistiusLabeo,Marcus Antistius,Labeo,Labéon; Ateio Labeone; Aetius Labeon; Labeon; Labeo,juriste romain,"juriste, personnalité politique, avocat ou avocate, écrivain ou écrivaine",0100-00-00,N/A,0010-01-01,N/A,Rome antique,,,,,,,
CaiusLaelius,Caius,Laelius,Caius Laelius; Lelius,consul romain en 190 av. J.-C.,"homme politique de la Rome antique, militaire romain",0300-01-01,Rome antique,,N/A,Rome antique,,,,,,,
PieterVanLaer,Pieter van,Laer,Bamboche; PIERRE DE LAER; BAMNBOCHE; Bambozo,peintre et graveur néerlandais,,1599-01-01,Haarlem,1642-01-01,Haarlem,Provinces-Unies,,,,,,,
RaymondLafage,Raymond,Lafage,La Fage; Lafage,dessinateur et graveur français,Comment on works: Draftsman; Religious; Mythology; Battles; History,1656-10-01,Lisle-sur-Tarn,1684-11-04,Lyon,France,,,,,,,
AntoineLafrery,Antoine,Lafréry,Antoine Lafreri,"peintre, graveur, cartographe et éditeur français","Printmaker who became well known as a publisher, particularly of the Speculum romanae magnificentiae, with over 107 plates of views and ruins of Rome.",1512-00-00,Orgelet-le-Bourget,1577-00-00,Roma,France,,,,,,,
ChristineDeLalaing,"Marie-Christine, de",Lalaing,Christine de Lalaing; Douairiere Comtesse de Lalain,combattante durant la révolte des Pays-Bas,militaire,1545-01-01,N/A,1582-06-09,Anvers,,,,,,,,
GeorgesLallemand,Georges,Lallemand,l'Alleman,peintre français,,1575-01-01,Nancy,1636-05-00,Paris,France,,,,,,,
NicolasLambertDeThorigny,Nicolas,Lambert de Thorigny,Nicolas Lambert de Thorigny; M. Lambert,n/a,"fonctionnaire, collectionneur ou collectionneuse d'œuvres d'art",,N/A,1680-00-00,N/A,,,,,,,,
AntoineLambin,Antoine,Lambin,Antoine Lambin,éditeur et imprimeur français,imprimeur ou imprimeuse,1643-12-17,N/A,1699-10-17,N/A,,,,,,,,
Lamech,Lamech,Lamech,Lamech; Lamec,"personnage biblique, père de Noé",N/A,2887-00-00,Mésopotamie,2110-00-00,N/A,,,,,,,,
AlessandroLamo,Alessandro,Lamo,Alessandro Lamo,n/a,"poète ou poétesse, critique d'art",1546-00-00,Crémone,1610-01-01,Crémone,,,,,,,,
LamoralComteEgmont,Lamoral,Lamoral,Comte d'Egmont; le Comte d’Egmont,comte d'Egmont,"condottiere, personnalité politique",1522-11-18,comté de Hainaut,1568-06-05,Grand-Place,Empire espagnol,,,,,,,
AeliusLampridius,Aelius,Lampridius,Lampride,historien fictif de l'Histoire Auguste,historien ou historienne,0400-00-00,N/A,0400-00-00,N/A,Rome antique,,,,,,,
DominiqueLampsonius,Dominique,Lampson,Dominique Lampson; Lampson,"humaniste, poète et artiste flamand (1532-1599)",,1532-01-01,Bruges,1599-01-01,Liège,Pays-Bas méridionaux,,,,,,,
TaddeoLandini,Taddeo,Landini,Messer Taddeo Landini; Taddeo Landini,"artist, sculptor, architect",,1550,,1596,,,,,,,,,
CristoforoLandino,Cristoforo,Landino,Cristoforo Landino; Landino,humaniste italien du XVe siècle,"philosophe, écrivain ou écrivaine, poète ou poétesse, historien ou historienne de l'art",1424-02-08,Florence,1498-09-24,N/A,,,,,,,,
PaoloCamilloLandriani,Paolo Camillo,Landriani,"Il Duchino, Pavolo Camillo Landriano; Pavolo Camillo Landriano",peintre italien,"Aussi surnommé ""Il Duchino"". On trouve ""Pavolo Camillo Landriano"" chez Lomazzo (Idea).",1562-00-00,Ponte in Valtellina,1618-09-17,Milan,,,,,,,,
GiovanniLanfranco,Giovanni,Lanfranco,le Chevalier Lanfranc; Giovanni Lanfranco; Chevalier Lanfranc; Cavalier Lanfranc; Jacques Lanfranc; JEAN LANFRANC; le Lanfranc; Lanfranc,peintre italien,"Most famous for his dome frescoes, including the 'Assumption of the Virgin' in the dome of S Andrea della Valle in Rome. Italian artist. Comment on works: History",1582-01-26,Parma,1647-11-30,Roma,Italie,,,,,,,
JacquesLanglois,Jacques,Langlois,JACQUES LANGLOIS; GIACOMO LANGLOIS,,,,,,,,,,,,,,
NicolasLanglois,Nicolas,Langlois,Nicolas Langlois; NICOLAS LANGLOIS; Nicolas Langois,"artist, publishers, engraver","Son of the publisher François Langlois. After his father's death, he was legally precluded from entering into partnership with his stepfather, so he set up his own business, 'La Victoire,' in Paris. Like his father, a part of whose stock he recovered, he published many almanacs and illustrated books on architecture, geometry, and mathematics. He also published prints by artists such as Paul Androuet Du Cerceau, Jean Boulanger, Jean Berain the elder, and Jean Le Pautre. He was succeeded in his business by his son, Nicolas Langlois the younger (1670-1707). | Imprimeur",1640-01-01,Paris,1703-01-01,Paris,France,,,,,,,
BernardinoLanino,Bernardino,Lanino,Bernardino Lanino,peintre italien,,1512-01-01,Vercelli,1583-01-01,Verceil,,,,,,,,
Laocoon,Laocoon,Laocoon,Laocoon; Laocon; Laôcon,personnage de la mythologie grecque,prêtre d'Apollon,,Troie,,Troie,Troie,,,,,,,
PieterLastman,Pieter,Lastman,Lesman,peintre néerlandais,,1583-01-01,Amsterdam,1633-04-04,Amsterdam,Provinces-Unies,,,,,,,
TommasoLaureti,Tommaso,Laureti,"Lauretti, Tomaso; Tomaso Lauretti",peintre italien,aussi connu sous le prénom de Tomaso et le nom de famille de Lauretti.,1530-01-01,Palermo,1602-09-22,Roma,royaume de Sicile,,,,,,,
HansSebaldLautensack,Hans Sebald,Lautensack,Isibel Peun; Hisibil Peum,artiste allemand,Bamberg is possible birthplace. | On trouve Isibel Peun chez Lomazzo.,1524-00-00,Bamberg,1565-00-00,Wien,Allemagne,,,,,,,
LazareDeBethanie,Lazare,Lazare de Bethanie,Lazare de Béthanie; Lazaro; Lazare,personnage du Nouveau Testament,N/A,0100-00-00,Béthanie,0030-00-00,N/A,Rome antique,,,,,,,
DiogeneLaerce,Diogène,Laërce,Diogène Laërce; Diogene Laerzio; Diogene Laertio,poète et doxographe grec,"historien ou historienne, biographe, philosophe, historien ou historienne de la philosophie",0180-01-01,N/A,0240-01-01,N/A,Rome antique,,,,,,,
HoraceLeBlanc,Horace,Le Blanc,Mr le Blanc,peintre français,Comment on works: Painter; Portrait; Religious,1575-01-01,Lyon,1637-01-01,Lyon,France,,,,,,,
CharlesLeBrun,Charles,Le Brun,Charles le Brun; Charles Le Brun; CHARLES LE BRUN; le Sr. le Brun; Mr. le Brun; le Brun; Le Brun,peintre français,"French painter and designer whose influence dominated 17th-century French painting. He worked for King Louis XIV who appointed him 'Premier Peinture de Roi' and director of Goeblins. He oversaw the design of the royal palace of Versailles, including the architecture, decoration and landscape. In later life, he produced primarily smaller-scale religious paintings.",1619-02-24,Paris,1690-02-22,Paris,France,,,,,,,
CharlesLeCointe,Charles,Le cointe,Charles Le Cointe; Monsieur le Cointe,écrivain et théologien français,"écrivain ou écrivaine, théologien ou théologienne",1611-11-04,Troyes,1681-01-18,Paris,France,,,,,,,
PierreLeMoyne,Pierre,Le Moyne,Pierre Le Moyne; Pere le Moyne,poète français,"poète ou poétesse, écrivain ou écrivaine",1602-03-05,Chaumont,1672-04-22,N/A,France,,,,,,,
PierreLeMuet,Pierre,Le Muet,sieur le Muet,architecte français,,1591-10-07,Dijon,1669-09-28,Paris,France,,,,,,,
AntoineLePautre,Antoine,Le Pautre,le Pautre,architecte français,,1621-00-00,Paris,1679-01-01,Paris,France,,,,,,,
BernardusLePetit,Bernardus,Le Petit,Le petit Bernard; petit Bernard,peintre,N/A,1630-00-00,La Haye,1669-02-01,La Haye,,,,,,,,
AntoninLePieux,Antonin,Le Pieux,Antonin le Pieux; Antonino imperatore; Antonine; Antonin; Pius,empereur romain de 138 à 161,personnalité politique,0086-09-19,Lanuvium,0161-03-07,Lorium,Rome antique,,,,,,,
EustacheLeSueur,Eustache,Le Sueur,Eustache le Sueur; Mr. le Sueur; le Sueur; Le Sueur,peintre français,"Called ""the Raphael of France."" Comment on works: History; Religious; Mythology",1616-11-19,Paris,1655-04-30,Paris,royaume de France,,,,,,,
FrancoisLeVau,François,Le Vau,le Vau,architecte français,,1613-01-01,Paris,1676-07-04,Paris,France,,,,,,,
PhilippeLeBon,Philippe,LeBon,Phillipe III de Bourgogne; Philippe le Bon,duc de Bourgogne et souverain des Pays-Bas bourguignons,"militaire, personnalité politique",1396-07-31,Dijon,1467-06-15,Bruges,royaume de France,,,,,,,
TeodoreLeLecteur,Théodore,Lecteur,Teodore le Lecteur,historien byzantin,"historien ou historienne de l'Église, historien ou historienne, écrivain ou écrivaine, philosophe",0450-00-00,N/A,0600-00-00,N/A,Empire byzantin,,,,,,,
Leda,Léda,Leda,Léda; Leïda; Leda,personnage de la mythologie grecque,N/A,,N/A,,N/A,,,,,,,,
RemeeVanLeemput,Remee van,Leemput,,peintre flamand,,1607-01-01,Anvers,1675-01-01,Londres,Pays-Bas méridionaux,,,,,,,
JeanLemaire,Jean,Lemaire,signore Le Maire pittore; le Mere,peintre français,French artist. Comment on works: Landscapes; Ruins,1597-00-00,Dammartin-en-Goële,1659-01-01,Gaillon,royaume de France,,,,,,,
JacquesLemercier,Jacques,Lemercier,le Mercier,architecte français,N/A,1585-01-01,Pontoise,1654-01-13,Paris,France,,,,,,,
RobertdeLenoncourt,Robert,"Lenoncourt, de","Robert II de Lenoncourt, le bon Robert",n/a,"juriste, prêtre catholique",1510-01-01,Lorraine,1561-02-04,Appoigny,France,,,,,,,
LeonI,Léon,Leon Ier,Leon Ier le Grand; Pape,pape et docteur de l'église de 440 à 461 après JC,"écrivain ou écrivaine, prêtre catholique | Pape de 440 à 461",0390-01-01,Toscane,0461-11-11,Rome,Rome antique,,,,,,,
LeonVArmenien,Léon,Leon V,Léon V l'Armenien; Leon l’Armenien,empereur byzantin de 813 à 820,souverain | Empereur byzantin de 813 à 820,0775-01-01,émirat d'Arménie,0820-12-29,Constantinople,Empire byzantin,,,,,,,
LeoneLeoni,Leone,Leoni,Cavalier Lione Aretino; Leone Leoni; Leon Leoni,artiste italien,"Italian sculptor, architect.",1509-01-01,Menaggio,1590-07-22,Milano,Italie,,,,,,,
PompeoLeoni,Pompeo,Leoni,Pompée Leoni; Pompeo Leoni,sculpteur italien,N/A,1530-01-01,Milan,1608-10-00,Madrid,Italie,,,,,,,
Lepide,Marcus Æmilius,Lepidus,Lepide; M. Lepide; Lepidus,"homme politique romain, triumvir avec Marc Antoine et Auguste","homme politique de la Rome antique, militaire romain | dit Lépide",0090-00-00,Rome antique,0013-00-00,N/A,Rome antique,,,,,,,
HenriLerambert,Henri,Lerambert,Henri Lerambert,peintre français,,1550-01-01,Paris,1608-09-10,Paris,France,,,,,,,
PierreLescot,Pierre,Lescot,Abé de Clagni,architecte français,N/A,1515-01-01,Paris,1578-09-10,Paris,France,,,,,,,
ChristopheDeLestang,Christophe de,Lestang,Christophe de Lestang; Mr. de l'Estang,prélat catholique français,"prêtre catholique, évêque catholique",1560-01-01,Brive-la-Gaillarde,1621-08-16,Carcassonne,France,,,,,,,
Leucothoe,(Néréide),Leucothoé,Leucothoé; Leucotoë,"personnage de la mythologie grecque, fille d'Orchamos",N/A,,N/A,,N/A,,,,,,,,
LucasVanLeyden,Lucas van,Leyden,Lucas de Holande; Lucas d'Holande; Luca di Olanda; Lucas de Leide; Lucas de Leyde; LUCAS DE LEYDE,peintre et graveur néerlandais,"Lucas was a prolific and influential printmaker. His early prints show the influence of his slightly older German contemporary, Albrecht Dürer. His work after 1525 is influenced by the Italian Renaissance, which reached Lucas through the prints by Marcantonio Raimondi and the work of Jan Gossart. Lucas was also a painter and an exceptionally talented draftsman.",1494-05-01,Leiden,1533-00-00,Leiden,Pays-Bas septentrionaux,,,,,,,
LiberPater,Liber,Liber Pater,Liber; pere Liber,dieu romain de la fertilité et du vin,N/A,,N/A,,N/A,,,,,,,,
BernardinoLicinio,Bernardino,Licinio,Bernardino Licinio,peintre vénitien,Disciple de Pordenone et Oncle de Giulio Licinio,1489-01-01,1479,1565-01-01,1579,république de Venise,,,,,,,
GiulioLicinio,Giulio,Licinio,Pordenon le Jeune; Neveu nommé Pordenon; PORDENON LE JEUNE; Julius Licinius; Jule Licinio; JULE LICINIO,peintre italien,Pordenon le Jeune,1527-01-01,1527,1591-04-28,1603,république de Venise,,,,,,,
Lucullus,Lucius,Licinius Lucullus,Lucullus; Luculle; Lucule,consul romain en 74 av. J.-C.,"homme politique de la Rome antique, militaire romain",0117-00-00,Rome antique,0056-00-00,N/A,Rome antique,,,,,,,
PirroLigorio,Pirro,Ligorio,Pirro Ligorio; Ligorio,architecte-jardinier italien du maniérisme,Comment on works: Architect; Painter,1513-01-01,Napoli,1583-10-30,Ferrara,Italie,,,,,,,
JacopoLigozzi,Jacopo,Ligozzi,Giacomo Ligozzi,peintre italien,"On trouve aussi ""Giacomo Ligozzi"" chez Lomazzo (Idea).",1547-01-01,Verona,1627-01-01,Firenze,république de Venise,,,,,,,
CharesDeLindos,Charès de,Lindos,Charès de Lindos; Caretés de Lyndos; Chares de Lindos; Lindien,sculpteur grec du IVe siècle av. J.-C,"sculpteur ou sculptrice, maître d’œuvre",0400-01-01,Lindos,0280-01-01,Rhodes,,,,,,,,
FilippinoLippi,Filippino,Lippi,PHILIPPE LIPPI; Lippi,peintre italien,Comment on works: religious | Fils de Fra FilippoLippi,1457-01-01,Prato,1504-04-18,Firenze,Italie,,,,,,,
FraFilippoLippi,Filippo,Lippi,Fra Filippo Lippi; Frere Filipe Filipini; PHILIPPE LIPPI; Philippe Lippi; Filipe Lippi; Lippi; Lippo,peintre italien,Comment on works: religious,1406-01-01,Firenze,1469-10-08,Spoleto,République florentine,,,,,,,
JoostLips,Joost,Lips,Juste Lipse; Lipse,"juriste érudit flamand, théoricien de la défense civile","grammairien, historien ou historienne, philosophe, érudit classique, philologue, humaniste, professeur ou professeure d'université, écrivain ou écrivaine",1547-10-18,Overijse,1606-03-23,Louvain,Pays-Bas espagnols,,,,,,,
Liutprand,Liutprand,Liutprand,Liutprand; Luitprand,roi des Lombards,souverain | Roi des Lombards de 712 à 744.,0680-00-00,Milan,0744-01-01,Pavie,Royaume lombard,,,,,,,
NicolasLoir,Nicolas,Loir,NICOLAS LOIR; Loire,peintre français,Comment on works: History; Religious; Mythology,1624-05-05,Paris,1679-05-06,Paris,France,,,,,,,
GiovanniPaoloLomazzo,Giovanni Paolo,Lomazzo,Jean-Paul Lomasse Milanois; IOANNEM PAVLVM LOMATIVM; Giovanni Paolo Lomazzo; GIOVANNI PAOLO LOMAZZO; Giovan Paulo Lomazzo; JOANNIS PAULI LOMASI; Gio. Paolo Lomazzo; GIO. PAOLO LOMAZZO; Gio. Paolo Lomazzi; JEAN PAUL LOMASSE; Jean Paul Lomasse; IO. PAVLI HOMATII; Jean Pol Lomasse; Paolo Lomazzo; Paul Lommazzo; Paul Lomasse; Paul Lomazzo; P. Lomazzo; Lomazzi; Lomasso; Lomazzo; LOMASSE; Lomasse; Lomati,peintre italien,N/A,1538-05-06,Milan,1592-01-27,Milan,Italie,,,,,,,
LambertLombard,Lambert,Lombard,LAMBERT LOMBARD; Lambert Lombard; Lombard,artiste de la Renaissance,Flemish painter and architect. Comment on works: Religious,1505-01-01,Liège,1566-08-01,Liège,Pays-Bas méridionaux,,,,,,,
AlfonsoLombardi,Alfonso,Lombardi,Alfonse Lombardi,sculpteur italien,N/A,1497-01-01,Ferrara,1537-12-02,Bologna,,,,,,,,
CristoforoLombardo,Cristoforo,Lombardo,Christofle Lombard,architecte est sculpteur italien,Sculptor who worked on plans for the north portal of the Milan Cathedral. He executed a relief intended for the door which depicted the Presentation of the Virgin. This is now situated on the left pier at the entrance of the Lady Chapel. Lombardi also supervised and advised on other important religious buildings in Milan. | dit le Lombardino,1475,Milano,1555-09-00,Milano,,,,,,,,
GirolamoLombardo,Girolamo,Lombardo,Maître Jerôme,sculpteur italien,,1506-01-01,Ferrara,1590-01-01,Loreto,,,,,,,,
TommasoLombardo,Tommaso,Lombardo,Tomas de Lugan,"artist, sculptor",Comment on works: sculptor,1471,N/A,1630,N/A,,,,,,,,
DomenicoLonati,Domenico,Lonati,Dominico Lonati,architecte,"On trouve aussi ""Giovan Domenico Lonati"".",,,,,,,,,,,,
PietroAntonioLonati,Pietro Antonio,Lonati,Pietro Antonio,,,,,,,,,,,,,,
OnorioLonghi,Onorio (Martino),Longhi,Lunghi/Longo; Messer Honorio Longhi; Honorio Longi,architecte italien,,1568-10-12,Viggiu,1619-12-31,Roma,,,,,,,,
FranciscoLopezDeGomara,Francisco,Lopez de Gomora,Francisco López de Gómara; Francois Lopez de Gomara,historien espagnol,"chroniqueur ou chroniqueuse, historien ou historienne | Historien espagnol",1511-02-02,Gómara,1564-00-00,Gómara,Espagne,,,,,,,
AngeloDiLorentino,"Angelo, di",Lorentino d'Arezzo,LAURENTININO D’ANGELO d'Arezzo; LAURENTINO D’ANGELLO,peintre italien,N/A,1465-00-00,Arezzo,1527-08-23,Arezzo,,,,,,,,
AmbrogioLorenzetti,Ambrogio,Lorenzetti,Ambrogio Lorenzetti; AMBROGIO LORENZETTI; Lorenzetti,peintre italien,"Italian artist, Siena. Comment on works: religious",1290-00-00,Siena,1348-06-09,Siena,République de Sienne,,,,,,,
PietroLorenzetti,Pietro,Lorenzetti,PIETRO LAURATI; Pietro Laurati; Laurati,peinture italien,Italian painter. Comment on works: Mythology; Religious,1280-00-00,Siena,1348-00-00,Siena,République de Sienne,,,,,,,
BattistaLorenzi,Battista,Lorenzi,Batiste Lorenzi,sculpteur italien,N/A,1527-01-01,Settignano,1594-01-07,Pisa,Italie,,,,,,,
BuonaiutoLorini,Buonaiuti,Lorini,Lorini,n/a,"architecte, ingénieur militaire",,Florence,1611-01-01,Venise,république de Venise,,,,,,,
CharlesDeLorraine,Charles de,Lorraine,Charles de Lorraine; le Cardinal de Lorraine; Cardinal de Lorraine,,vérifier si il s'agit du cardinal (1524-1574) ou d'un autre Charles de Lorraine,,,,,,,,,,,,
CharlesIIILorraine,Charles III de,Lorraine,Charles III de Lorraine; Charles de Lorraine; Duc de Lorraine,duc de Lorraine et de Bar,"monarque, personnalité politique",1543-02-18,Nancy,1608-05-14,Nancy,France,,,,,,,
Loth,Loth,Loth,Loth; Lotto,personnage biblique,N/A,,N/A,,N/A,,,,,,,,
LouisIX,Louis,Louis IX,Louis IX; saint Louis,roi de France capétien de 1226 à 1270 canonisé par l'Église catholique,"dirigeant ou dirigeante, miles christianus, monarque | Roi de France de 1226 à 1270",1214-04-25,Poissy,1270-08-25,Tunis,France,,,,,,,
LouisXI,Louis,Louis XI,Louis XI de France; Lodovico undecimo,roi de France de 1461 à 1483,personnalité politique | Roi de France de 1461 à 1483,1423-07-03,Bourges,1483-08-30,château de Plessis-lès-Tours,France,,,,,,,
IgnaceDeLoyola,Ignace de,Loyola,Ignace de Loyola; saint Ignace,"saint catholique, fondateur au XVIe s. de la Compagnie de Jésus","prêtre catholique de rite romain, soldat, fondateur d'ordre, théologien catholique | Prêtre, théologien, fondateur des Jésuites, saint de l'Eglise catholique.",1491-10-23,N/A,1556-07-31,Rome,couronne de Castille,,,,,,,
Lucifer,Satan,Lucifer,"Le Diable, Satan; Lucifero; Lucifer",personnage incarnant le mal et l'opposition à Dieu dans les religions abrahamiques,"N/A | Le Diable, Satan.",,N/A,,N/A,,,,,,,,
Apulee,Apulée,Lucius Apuleius,Apulée; Apuleio,écrivain et philosophe romain,"écrivain ou écrivaine, philosophe, romancier ou romancière, poète ou poétesse, rhéteur ou rhétrice, médecin | Aussi connu sous le nom d'Apulée.",0125-00-00,M'daourouch,0170-00-00,Carthage,Rome antique,,,,,,,
Lucrece,Lucrèce,Lucrèce,Lucrèce; Lucresse; Lucrece,femme romaine dont le viol conduit à la fin de la monarchie romaine,N/A,0600-00-00,N/A,0509-00-00,Rome,Rome antique,,,,,,,
MarcusLudius,Marcus,Ludius,Marcus Ludius,,,,,,,,,,,,,,
Lorenzetto,"Lorenzo, di","Ludovico, di Guglielmo","Lorenzo Lotti, Lorenzo Lotto, Lorenzetto; Lorenzo Lotto",artiste italien,"He may have been associated with the workshop of Andrea Sansovino in Florence. | dit Lorenzo Lotti, Lorenzo Lotto ou Lorenzetto",1490-06-23,Firenze,1541-01-01,Roma,,,,,,,,
LudovicoLudovisi,Ludovico,Ludovisi,Ludovico Ludovissio; Signor Cardinale Ludovico Ludovissio,cardinal de l'Église catholique romaine,"diplomate, prêtre catholique, évêque catholique | aussi écrit Ludovico Ludovissio",1595-10-27,Bologne,1632-11-18,Bologne,,,,,,,,
AurelioLuini,Aurelio,Luini,Aurelio Lovino; Aurelio Lovini,peintre italien,dit Aurelio Lovino,1530-01-01,Luino,1593-00-00,Milano,Italie,,,,,,,
BernardinoLuini,Bernardino,Luini,Bernardino Lovino; Bernardin Lovin; Bernardo Lovino; Lovino; Lovini,peintre italien,He may have been born in Luini and died in Lugano. | dit Bernardino Lovino,1480-00-00,Dumenza,1532-00-00,Milan,Italie,,,,,,,
MargaritaLuti,Margarita,Luti,Margherita Luti; Margarita Luti,modèle de Raphaël,"modèle | La Fornarina, maîtresse de Raphaël",1500-00-00,Sienne,1522-00-00,Rome,,,,,,,,
LorenzoLuzzo,Lorenzo,Luzzo,Morto da Feltro; MORTUO D'A FELTRO; Mortuo,peintre italien,,1480-00-00,Feltre,1527-00-00,Venezia,république de Venise,,,,,,,
Lycurgue,Lycurgue,Lycurgue,Lycurgue,législateur mythique de Sparte,législateur ou législatrice,0800-00-00,Sparte,0730-00-00,Kírra,Sparte,,,,,,,
SaintGeorges,Georges de,Lydda,Georges de Lydda; santo Georgio; saint Georges; Sainct George; Saint George; SAINT GEORGE; saint George; San Giorgio; S. George.; S. Giorgio; S. George,saint catholique et orthodoxe (mort en 303),"soldat, Sauroctones, thaumaturge",0275-00-00,Kayseri,0303-04-23,Nicomédie,Rome antique,,,,,,,
Lysandre,Lysandre,Lysandre,Lysandre; Lisander,général spartiate,"personnalité politique, militaire",0401-01-01,Sparte,0395-01-01,Haliarte,Sparte,,,,,,,
AndreLebre,André,Lèbre,Andreas Lebre,peintre français,N/A,1629-01-01,Toulouse,1700-12-13,Toulouse,France,,,,,,,
Lea,Lea,Léa,Léa; Lia,fille de Laban,personne au foyer,1731-00-00,Paddan-Aram,1665-00-00,Canaan,,,,,,,,
Leochares,Léocharès,Léocharès,Léocharès; Leocharés; Leocares,sculpteur grec,sculpteur ou sculptrice,0400-01-01,Athènes,0400-01-01,N/A,Athènes,,,,,,,
LeonIIIIsaurien,Léon,Léon III,Léon III l'Isaurien; Leon l’Isaurien; Leon Isaure,empereur byzantin de 717 à 741,militaire | Empereur byzantin de 741 à 775,0675-01-01,Kahramanmaraş,0741-06-18,Constantinople,Empire byzantin,,,,,,,
LeonIV,Léon,Léon IV,Léon IV; Leon IV,pape de l’Église catholique romaine,"prêtre catholique, écrivain ou écrivaine, évêque catholique | Pape de 847 à 855",0790-01-01,Rome,0855-07-17,Rome,,,,,,,,
LeonIVKhazar,Léon,Léon IV,Léon IV le Khazar,empereur byzantin de 775 à 780,dirigeant ou dirigeante | Empereur byzantin de 775 à 780,0750-01-25,Constantinople,0780-09-08,N/A,Empire byzantin,,,,,,,
Levi,Lévi,Lévi,Lévi; Levy,troisième des douze fils de Jacob,N/A,1566-00-00,Paddan-Aram,1429-00-00,N/A,,,,,,,,
Macrobe,Flavius,Macrobius Ambrosius Theodosius,N/A; Macrobio,n/a,"personnalité politique | Aussi connu sous le nom de ""Macrobe"".",,N/A,0408-08-13,N/A,Rome antique,,,,,,,
LaodiceDeMacedoine,Laodicé de Macédoine,Macédoine,mère de Séleucos Ier,"épouse d'Antiochos, mère de Séleucos Ier",N/A | mère de Séleucos Ier,0400-00-00,N/A,0400-00-00,N/A,royaume de Macédoine,,,,,,,
PhilippeIIMacedoine,Philippe,Macédoine,Philippe II de Macedoine; Filippo re di Macedonia; Philippe de Macedone; Philippe II,"roi de Macédoine, père d'Alexandre le Grand",monarque,0385-00-00,N/A,0336-00-00,Aigai,royaume de Macédoine,,,,,,,
CarloMaderno,Carlo,Maderno,le Maderne,architecte italien,Maderno became architect of St. Peter's in 1603 and completed the church with its nave (1609-1616) and façade (1607-1612).,1556-05-14,Capolago,1629-01-30,Roma,Suisse,,,,,,,
CristoforoMadruzzo,Cristoforo,Madruzzo,Cristoforo Madruzzo; Cardinal Maducio,cardinal de l'Église catholique romaine,"prêtre catholique, évêque catholique",1512-07-05,Calavino,1578-07-05,Tivoli,,,,,,,,
AlessandroMaganza,Alessandro,Maganza,Alessandro Maganza,peintre italien,,1556-01-01,Vicenza,1632-01-01,Vicenza,république de Venise,,,,,,,
MarieMadeleine,"Marie, de",Magdala,Marie Madeleine; Saincte Magdeleine; Marie Magdelaine; la Magdeléne; Magdeleine; Magdelaine; Magdeléne; Maddalena; Madalena,disciple de Jésus,"aidant, théologien ou théologienne",,Magdala,0100-00-00,Éphèse,,,,,,,,
GiovanniMaggi,Giovanni,Maggi,Jean Maggi,architecte italien,"Italian cartographer, architectural theorist, and painter. Comment on works: painter; printmaker",1566-00-00,Rome,1618-01-01,Rome,,,,,,,,
Maggiore,Giovanni Ambrogio,Maggiore,Giovan Ambrogio Maggiore; Maggiore,"craftspeople, turners",N/A,1550-01-01,Milan,1598-01-01,Rome,,,,,,,,
SimonMagicien,Simon,Magicien,Simon le Magicien; Simon Magus,mage gnostique du Ier siècle,"maître spirituel, mage",0050-00-00,Samarie,0065-00-00,Rome,Judée,,,,,,,
Soliman,Soliman,Magnifique,"Soliman le Magnifique, Soliman Ier; Soliman",sultan ottoman et calife de 1520 à 1566,"poète ou poétesse, dirigeant ou dirigeante, législateur ou législatrice, chef militaire, personnalité politique, sultan | Soliman le Magnifique ou Soliman le Législateur",1494-11-06,Trébizonde,1566-09-07,Szigetvár,Empire ottoman,,,,,,,
Mahomet,Mahomet,Mahomet,Mahomet,chef politique arabe et fondateur de l’islam,"gardien de troupeau, expéditeur, marchand, prophète ou prophétesse, prédicateur, personnalité politique, chef militaire",0570-00-00,La Mecque,0632-06-08,Médine,,,,,,,,
BenedettoDaMaiano,Benedetto da,Maiano,Benedetto da Maiano; Benoît de Maiano; le Maiano,artiste et architecte italien,Italian sculptor. Comment on works: sculptor,1442-01-01,Firenze,1497-05-24,Firenze,Italie,,,,,,,
EmmanuelMaignan,Emmanuel,Maignan,Emmanuel Maignan; Père Magnan Religieux Minime; Pere Magnan; P.Magnan,théologien et physicien français du XVIIe siècle,"physicien ou physicienne, théologien ou théologienne | Théologien et physicien",1601-07-17,Toulouse,1676-10-29,Toulouse,France,,,,,,,
BastianoMainardi,Bastiano,Mainardi,Sebastien Mainard,peintre italien (1460-1513),He probably died in Florence. Comment on works: religious,1466-00-00,San Gimignano,1513-09-01,Firenze,Italie,,,,,,,
IsaacMajor,Isaac,Major,Isaac Mayer,peintre et graveur allemand,,1576-00-00,Frankfurt am Main,1645-01-01,Wien,Allemagne,,,,,,,
HerculeMalatesta,Ercole,Malatesta,Ercole Malatesta; Hercule Malateste,n/a,N/A,,Mirandola,1591-00-00,Legnano,,,,,,,,
SigismondMalatesta,Sigismond,Malatesta,Sigismondo Pandolfo Malatesta,commandant italien (1417–1468),"condottiere, chef militaire, mercenaire, poète ou poétesse | seigneur de Rimini, Fano et Cesena, est un condottière membre de la famille Malatesta, seigneurs de Rimini de 1295 à 1500.",1417-06-19,Brescia,1468-10-07,Rimini,,,,,,,,
FrancoisDeMalherbe,François de,Malherbe,François de Malherbe; Malherbe,poète français,"poète ou poétesse, écrivain ou écrivaine, traducteur ou traductrice, critique littéraire",1555-01-01,Caen,1628-10-16,Paris,France,,,,,,,
ulan_500027513,Carlo Cesare,Malvasia,,historien de l'art italien,N/A,1616-12-18,Bologne,1693-03-10,Bologne,,,,,,,,
CarloCesareMalvasia,Carlo Cesare,Malvasia,Carlo Cesare Malvasia; Comte de Malvasia; le Comte Malvasie; Le Comte Malvasie; Comte Malvasie; Malvazzia; Malvasio,historien de l'art italien,"historien ou historienne de l'art, antiquaire",1616-12-18,Bologne,1693-03-10,Bologne,,,,,,,,
CarelVanMander,"Carel, van",Mander,CHARLES VER-MANDER; Charles Van-Mandre; Charles Ver-Mandre; Carlo Vanmander; Van-Mandre; Van-Mander,peintre et écrivain flamand,"Famous as the author of the first history of Dutch and Flemish painting, published in 1604; known also for his cabinet pictures. Comment on works: History; Religious; Landscapes; Genre",1548-05-00,Meulebeke,1606-09-11,Amsterdam,Pays-Bas des Habsbourg,,,,,,,
BartolomeoManfredi,Bartolomeo,Manfredi,BARTHOLOMEO MANFRED; Manfréde; Manfrede,peintre italien,,1582-00-00,Ostiano,1622-01-01,Roma,Italie,,,,,,,
FrancoisMansart,François,Mansart,Mansart,architecte français,French architect.,1598-01-23,Paris,1666-09-23,Paris,France,,,,,,,
GiovanniMansueti,Giovanni di Niccolo,Mansueti,Jean Mansueti,peintre italien,Comment on works: religious,1465-00-00,Venise,1527-03-26,Venise,république de Venise,,,,,,,
AndreaMantegna,Andrea,Mantegna,André Montaigne; André Manteigne; ANDRE MANTEIGNE; André Manteigne; Andrea Mantegna; André Mantegna; Andre Mantegne; André Mantegné; André Montagne; André Mantegne; André Mantouan; Andre Mantege; Manteigne; Monteigne; Mantegna,peintre et graveur italien de la Renaissance,"He was an influential artist with a precise, seemingly sculptural painting style that reflects influences of classical art and architecture. He was best known for bold and innovative use of perspective and foreshortening; he experimented with composition and media. Mantegna's date of birth is assumed, based on an altarpiece inscription with the date 1448 and a note that the artist was 17 at the time. He was probably born at Isola di Carturo, near Padua, where the birth of his brother Tommaso was documented. His father Biagio was a carpenter. At the age of eleven, Mantegna entered the workshop of Francesco Squarcione, who legally adopted him after the death of his father. At seventeen, Mantegna won his independence from Squarcione after bringing him to court for exploitation and fraud. Comment on works: History; Religious; Allegory",1431-01-01,Padova,1506-09-13,Mantova,république de Venise,,,,,,,
FredericIIMantoue,Frederic II,Mantoue,Frédéric II de Mantoue; Frideric Marquis de Mantoué; Frederic II. Duc de Mantoue; Fréderic de Gonzagues; Federic de Mantoue; Federigo II.,n/a,"collectionneur ou collectionneuse d'œuvres d'art, mécène | Marquis puis duc de Mantoue",1500-05-17,Mantoue,1540-08-28,Marmirolo,,,,,,,,
VincentIdeMantoue,"Vincent Ier, de",Mantoue,Vincent Ier de Mantoue; Vincent de Mantoue; Vincenzo di Mantova,n/a,"collectionneur ou collectionneuse d'œuvres d'art, mécène",1562-09-21,Mantoue,1612-02-09,Mantoue,,,,,,,,
RinaldoMantovano,Rinaldo,Mantovano,Rinaldo Mantovano; Rinaldi,peintre italien,,1501-00-00,Mantoue,1600-00-00,N/A,,,,,,,,
DianaScultoriGhisi,Diana,Mantuana,Diana Scultori Ghisi; Diane Ghisi,"artist, engraver, engraver, painter, printmaker",Comment on works: Painter; Religious; Genre; History,1547-01-01,Mantova,1612-04-00,Roma,Italie,,,,,,,
GiovanniBattistaMantuano,Giovanni Battista,Mantuano,Jean Baptiste Mantouan; Jean Batiste Mantouan; Jean Baptiste Mantouano; Jean-Batiste Mantouano,peintre et graveur italien (1503-1575),N/A | aussi connu sous le nom de Giovanni Battista Sculptore,1503-00-00,Mantoue,1575-12-12,Mantoue,marquisat de Mantoue,,,,,,,
AldoManuzio,Aldo,Manuzio,Alde Manuce; Aldo Manuccio; Aldo Manucci,imprimeur et humaniste italien du XVIe siècle,"créateur de caractères, éditeur ou éditrice, tuteur ou tutrice, typographe, imprimeur ou imprimeuse, éditeur ou éditrice | Imprimeur et homme de lettres ; Alde Manuce le jeune en français",1449-01-01,Bassiano,1515-02-06,Venise,république de Venise,,,,,,,
CarloMaratti,Carlo,Maratti,Carlo Marati,peintre et graveur italien,"Son of a Dalmatian father. Known as the last major Italian artist of the classical tradition, which had originated with Raphael. He created a grandiose and decorative style that was valued by his ecclesiastical patrons. Comment on works: History; Religious.",1625-05-18,Camerano,1713-12-15,Roma,Italie,,,,,,,
MarcAurele,,Marc Aurèle,Marc Aurèle; Empereur Marc-Aurelle; Marc Aurelle; Marc-Aurelle; Marc-Aurele; Marc Aurele,empereur romain de 161 à 180 et philosophe stoïcien,"personnalité politique, philosophe, écrivain ou écrivaine, monarque",0121-04-26,Rome,0180-03-17,Vindobona,Rome antique,,,,,,,
PierreDeMarca,Pierre de,Marca,Pierre de Marca; M. de Marca,archevêque français,"historien ou historienne, prêtre catholique, évêque catholique | Président du Parlement de Navarre, intendant de justice en Béarn et Navarre, maître des requêtes avant d'abandonner la justice pour la robe ecclésiastique en 1642.",1594-01-24,Gan,1662-06-29,Paris,France,,,,,,,
MarcantonioDellaTorre,della Torre,Marcantonio,Marco Antonio della Torre; Marc-Antoine de la Tour,anatomiste italien,"anatomiste, médecin",1473-00-00,Vérone,1506-09-22,Riva del Garda,république de Venise,,,,,,,
MarcusClaudiusMarcellus,Marcus Claudius,Marcellus,Marcus Claudius Marcellus; Marco Claudio Marcello; Marc Marcelle; Marcellus; Marcello,"consul romain en 222, 215, 214, 210 et 208 av. J.-C.","homme politique de la Rome antique, militaire romain, personnalité politique, chef militaire | général romain, héros de la deuxième guerre punique, homme politique (préteur et consul)",0270-00-00,Rome antique,0208-00-00,Venosa,Rome antique,,,,,,,
FrancescoMarchetti,Francesco,Marchetti,Francesco Marchetti,n/a,imprimeur ou imprimeuse,,N/A,,N/A,,,,,,,,
PietroMariaMarchetti,Pietro Maria,Marchetti,Pietro Maria Marchetti; Pietro Maria Marchetti Fratelli,n/a,"imprimeur ou imprimeuse, éditeur ou éditrice",1565-00-00,N/A,1615-00-00,N/A,,,,,,,,
GuillaumeMarcillat,Guillaume de,Marcillat,Guillaume de Marseille; Guillaume de Marcilli; Marcilli,peintre français,French stained-glass maker.,1470-01-01,Châtres,1529-01-01,Arezzo,France,,,,,,,
GiambattistaMarino,Giambattista,Marino,Giambattista Marino; le Cavalier Marin; Cavalier Marin; le Cavalier; Marino,poète italien,"poète ou poétesse, écrivain ou écrivaine, dramaturge",1569-10-14,Naples,1625-03-25,Naples,royaume de Naples,,,,,,,
CaiusMarius,Caius,Marius,Caius Marius; Marius,général et homme politique romain,"prêtre romain, homme politique de la Rome antique, militaire romain, personnalité politique, chef militaire",0157-00-00,Arpino,0086-01-13,Rome,Rome antique,,,,,,,
MichelDeMarolles,Michel de,Marolles,Michel de Marolles; M. l’Abbé de Marolles; Monsieur de Marolles,"prélat catholique, traducteur en français du Novum Testamentum d’Érasme","collectionneur ou collectionneuse d'œuvres d'art, linguiste, traducteur ou traductrice, érudit classique, historien ou historienne de l'art",1600-07-22,Genillé,1681-03-06,Paris,France,,,,,,,
SamuelMarolois,Samuel,Marolois,le Marolois; Marolois,ingénieur des fortifications des Provinces-Unies,"mathématicien ou mathématicienne, ingénieur militaire, ingénieur ou ingénieure, écrivain militaire",1572-00-00,Valenciennes,1627-01-01,La Haye,Provinces-Unies,,,,,,,
Mars,Mars,Mars,Mars; Marte,dieu romain de la guerre,N/A,,N/A,,N/A,,,,,,,,
JeanMartin,Jean,Martin,JANI MARTINI; Jehan Martin; Jean Martin; Jan Martin,humaniste et traducteur français (v. 1507-1553),"Secretary of the French bishop, Robert de Lenoncourt | secrétaire du cardinal Robert de Lenoncourt",1507-00-00,Paris,1553-00-00,N/A,France,,,,,,,
SaintMartin,Martin,Martin de Tours,Martin de Tours; Sainct Martin,saint catholique et orthodoxe,"prêtre catholique, soldat, évêque catholique",0316-00-00,Szombathely,0397-11-08,Candes-Saint-Martin,Rome antique,,,,,,,
SaintMartine,Martine,Martine,Martine de Rome; Santa Martina,sainte romaine et martyr,N/A | Vierge martyre du IIIe siècle,,N/A,0228-01-01,Rome,Rome antique,,,,,,,
Masaccio,Masaccio,Masaccio,Masaccio; Masaccio de Saint Jean de Val d’Arno; Florence; MASACCIO; Masacio,peintre italien,"Masaccio's father was the notary Ser Giovanni di Mone (Simone) Cassai. When Ser Giovanni died in 1406, Masaccio's mother, Jacopa di Martinozzo di Dino, married Tedesco di Feo, an apothecary in Masaccio's native San Giovanni (located between Florence and Arezzo). Masaccio is recorded as a ""painter"" by the age of 16, and a few years later he was listed among painters in the guild records of the Arte de' Medici e Speziali. It is a tradition that Masaccio's master was Masolino, with whom he later often collaborated; however, this is unlikely because Masolino was not a member of the painters' guild until 1423, and thus would not have had apprentices during Masaccio's youth. Masaccio is often noted as the founder of Italian Renaissance painting, because he learned from the intial experiments of Giotto to create figures, drapery, and objects as fully three-dimensional with gravitational weight. In addition, his pictorial space is arranged by using linear perspective, light and shadow are portrayed as if light were entering this space from a single source, and his figures appear to be present, conscious characters who react and display emotion. Giorgio Vasari, a 16th-century biographer of artists, explained that Masaccio followed in the footsteps of sculptors Brunelleschi and Donatello, even though he worked in the medium of painting.",1401-12-21,Castel San Giovanni,1428-01-01,Roma,Italie,,,,,,,
MasolinoDaPanicale,Panicale,Masolino da,,peintre italien,dit Masolino da Panicale,1383-00-00,Panicale,1447-00-00,Florence,Italie,,,,,,,
GiovanniAntonioMassani,Giovanni Antonio,Massani,Giovanni Atanasio Mosini; GIOVANNI ATANASIO MOSINI,,on trouve aussi le pseudonyme Giovanni Atanasio Mosini,,,,,,,,,,,,
GirolamoMassei,Girolamo,Massei,on le trouve également sous le nom de famille de Mazzei; Girolamo Mazzei; Geronimo Massei,peintre italien,on le trouve également sous le nom de famille de Mazzei.,1540-00-00,Lucca,1620-00-00,Lucca,,,,,,,,
CamilloMassimi,Camillo,Massimi,Carlo Camillo II Massimo; Prélat Massimi; M. Massimi,prélat catholique,"personnalité politique, numismate, prêtre catholique",1620-07-20,Rome,1677-09-12,Rome,,,,,,,,
FilippoMassini,Filippo,Massini,ESTATICO,auteur,l'Estatico,,,,,,,,,,,,
JacobMatham,Jacob,Matham,Mathan; Matam,"artist, publishers, engraver, draftsman, painter, printmaker",He took over Hendrick Goltzius' print publishing business probably as early as 1598. Comment on works: Engraver; Draughtsman,1571-10-15,Haarlem,1631-01-20,Haarlem,Provinces-Unies,,,,,,,
MicheleDiMatteo,Michele,Matteo,Michele di Matteo,peintre italien,Comment on works: religious,1350-00-00,Bologne,1480,N/A,,,,,,,,
SaintMatthieu,Matthieu,Matthieu,Matthieu; San Matteo; S. Matieu; S.Matteo,apôtre et évangéliste du Nouveau Testament,"receveur des finances, prêtre chrétien, publicain",0010-01-01,Terre d'Israël,0074-00-00,Éthiopie,,,,,,,,
MatthijsBril,Bril,Matthijs,MATHIEU BRIL,peintre flamand du 16ème siècle,,1550-01-01,Antwerpen,1583-06-08,Roma,Pays-Bas méridionaux,,,,,,,
PierandreaMattioli,Pierandrea,Mattioli,Pierandrea Mattioli; Matheole,médecin et botaniste italien,"botaniste, médecin",1501-03-12,Sienne,1578-11-30,Trente,Saint-Empire romain germanique,,,,,,,
ClaudeMaugis,Claude,Maugis,Claude Maugis; Abbé de Saint Ambroise,n/a,"aumônier, collectionneur ou collectionneuse d'œuvres d'art | Abbé de Saint Abroise",1600-01-01,Bourges,1658-07-12,Paris,,,,,,,,
PaulMaupin,Paul,Maupin,Paul Maupin,graveur,,,,,,,,,,,,,
SaintMaurice,Maurice,Maurice d'Agaune,Maurice d'Agaune; saint Maurice,"chef de la légendaire légion thébaine, saint catholique",soldat,0250-00-00,Thèbes,0287-01-01,Saint-Maurice,Rome antique,,,,,,,
Mausole,Mausole,Mausole,Mausole,satrape de Carie,souverain,0410-00-00,Carie,0353-01-01,Halicarnasse,,,,,,,,
Maxence,Maxence,Maxence,Empereur; Maxence,empereur romain de 306 à 312,personnalité politique,0278-01-01,Rome,0312-10-28,pont Milvius,Rome antique,,,,,,,
MaximilienIDuc,Maximilien,Maximilien Ier,Maximilien Ier de Bavière; Maximilien Duc de Baviére,duc puis électeur de Bavière,aristocrate,1573-04-17,Munich,1651-09-27,Ingolstadt,Électorat de Bavière,,,,,,,
JulesMazarin,Jules,Mazarin,"Mazarin, Cardinal Mazarin; Mazarin","cardinal catholique, diplomate et principal ministre d'État","diplomate, personnalité politique, prêtre catholique, collectionneur ou collectionneuse d'œuvres d'art, évêque catholique | Cardinal et principal ministre de Louis XIV de 1643 à 1661",1602-07-14,Pescina,1661-03-09,Vincennes,France,,,,,,,
GiovanniAmbrogioMazenta,Giovanni Ambrogio,Mazenta,Giovanni Ambrosio Mazzenta; Giovanni Ambrosio,architecte italien,on trouve aussi Giovanni Ambrosio Mazzenta,1565-01-01,Milano,1635-12-23,Roma,,,,,,,,
GuidoMazenta,Guido,Mazenta,N/A; Guido Mazzenta; Guido Mazenta; Signor Guido,n/a,"personnalité politique, aristocrate",,Milan,1613-02-11,Venise,,,,,,,,
GiacomoMazzocchi,Giacomo,Mazzocchi,lacobi Mazochii,,imprimeur-libraire du XVe siècle,,,,,,,,,,,,
Parmigianino,Girolamo Francesco Maria,Mazzola,Parmigianino; Francesco Parmegiano; François Mazzolin; François Permessan; François Parmesan; FRANGOIS MASSOLIN; FRANCOIS MAZZOLI; François Mazzuolo; le Parmesan; le Parmésan; Le Parmesan; LE PARMESAN; le Parmezan; Parmegiano; Parmigiano; Permessan; Parmésan; Parmesan; Mazzuoli; Parmésan,peintre italien (1503-1540),"Parmigianino was a precocious artist who lived a short life. He was a success in the shadow of Correggio in Parma, and was then successful also in the Rome of Clement VII. In Rome he executed a few large-scale works and learned printmaking. After the Sack of Rome in 1527, he returned to North Italy, where in his final decade he created some remarkable Mannerist works. His works included small panels and large-scale frescoes, sacred and profane subjects, portraits, and drawings of scenes from everyday life and of erotica. Italian painter. Comment on works: History; Portraits. | dit Parmigianino ou Le Parmesan en français",1503-01-11,Parma,1540-08-24,Casalmaggiore,Italie,,,,,,,
GirolamoMazzolaBedoli,Girolamo,Mazzola Bedoli,Jerôme Mazzuolo,peintre italien,A student of Parmigianino; he added the Mazzola surname of his teacher to his own name. | Jérôme Mazzuolo,1500-00-00,Viadana,1569-00-00,Parma,Italie,,,,,,,
LudovicoMazzolino,Ludovico,Mazzolino,Louis Malino; Mazzolino,peintre italien,Louis Malino pour Monier ??,1480-01-01,Ferrara,1528-01-01,Ferrara,Italie,,,,,,,
GiuseppeMeda,Giuseppe,Meda,Giuseppe il Meda; Gioseppe Meda,peintre italien,,1534-01-01,Milan,1599-01-01,N/A,,,,,,,,
EleonoraMedici,Eleonora,Medici,Éléonore de Médicis; MADAMA LEONORA MEDICI GONZAGA,Duchesse de Mantoue,collectionneur ou collectionneuse d'œuvres d'art | épouse de Vincent Ier Gonzague,1567-02-28,Florence,1611-09-09,Cavriana,,,,,,,,
PieIV,Giovanni Angelo,Medici,Pie IV,pape de l’Église catholique romaine,"prêtre catholique, évêque catholique | Pape sous le nom de Pie IV",1499-03-31,Milan,1565-12-09,Rome,États pontificaux,,,,,,,
FerdinandIDeMedicis,Ferdinand de,Medicis,Ferdinand Ier de Médicis; Ferdinand de Medicis,cardinal italien et grand-duc de Toscane,"prêtre catholique, personnalité politique, mécène | Grand duc de Toscane de 1587 à 1609",1549-07-30,Florence,1609-02-03,Florence,grand-duché de Toscane,,,,,,,
LeonX,Jean de,Medicis,Leon X; Leon dixiesme; Pape Leon X.; Leon dixiéme; sa Saincteté; Leone decimo; Leonis X; Leone X.; Leone X; Léon X; Leone,"fils de Lorenzo de' Medici, pape de l'Église catholique romaine de 1513 á 1521","prêtre catholique de rite romain, prêtre catholique | Pape sous le nom de Léon X",1475-12-11,Florence,1521-12-01,Rome,États pontificaux,,,,,,,
BernardMedon,Bernard,Medon,BERNARDUS MEDONIUS; Mr. Medon,,,,,,,,,,,,,,
Medee,Médée,Medée,Médée; Medée,personnage de la mythologie grecque,N/A,,N/A,,N/A,,,,,,,,
PomponiusMela,Pomponius,Mela,Pomponius Mela; Pompone Mela; Mela,géographe romain du Ier siècle,"géographe, écrivain ou écrivaine, historien ou historienne",0015-00-00,Algésiras,0100-01-01,Rome,Rome antique,,,,,,,
Melanthius,Mélanthios,Melanthius,Mélanthios; Mélantheus; MELANTHIUS; Melanthius; Melanthe,peintre grec de l'Antiquité,artiste peintre,,Sicyone,,N/A,,,,,,,,
ClaudeMellan,Claude,Mellan,Melan,peintre et graveur français,Comment on works: Primarily known as engraver; History; Portraits,1598-05-23,Abbeville,1688-09-09,Paris,France,,,,,,,
HenriMellein,Henri,Mellein,Henri Mellein,peintre,,,,,,,,,,,,,
FranciscoDeMelo,Francisco de,Melo,Francisco de Melo,"général, homme d'état et diplomate portugais","homme d'État, diplomate, officier, militaire",1597-01-01,Estremoz,1651-12-18,Madrid,royaume de Portugal,,,,,,,
FrancescoMelzi,Francesco,Melzi,Francesco Melzi; François Melzi; Melzi,peintre italien,N/A,1492-00-00,Milano,1570-00-00,Vaprio d'Adda,Italie,,,,,,,
OrazioMelzi,Orazio,Melzi,Oratio Melzi; il Melzi; Melzi,,fils de Francesco Melzi,,,,,,,,,,,,
LippoMemmi,Lippo,Memmi,Lippo Memmi,peintre italien,Comment on works: religious,1291-01-01,Sienne,1356-01-01,Sienne,Italie,,,,,,,
SimoneMemmi,Simone,Memmi,Simone Martini; SIMON MEMMI; Sinon Memmi; Simon Memmi,peintre italien,"Martini was active as a painter in central Italy (mostly Siena), Naples and Avignon and he is considered one of the outstanding painters of 14th-century Europe. He is known for his grand formal altarpieces involving a range of decorative techniques that were simply beyond the reach of most of his contemporaries.His documented oeuvre is also noteworthy for its rich contrasts, moving freely between descriptive realism and abstract decoration, thus revealing a restless and innovative artistic temperament. Outstanding works include his ""Maestà"" (1315 and 1321), the altarpiece of ""St. Louis of Toulouse"" (1317), and the fresco decoration and stained glass designs for the Chapel of St. Martin in the lower church of S. Francesco, Assisi. Although he is better documented than most of his peers, there are still remain many questions regarding chronology and attribution. He may have trained in the workshop of Duccio. | Simone Martini",1284-01-01,Siena,1344-08-01,Avignon,Italie,,,,,,,
Memnon,Memnon,Memnon,Memnon; Menone,personnage de la mythologie grecque,personnalité politique,,N/A,,N/A,,,,,,,,
Menecmo,Ménechme,Menecmo,Menechino,mathématicien antique,"mathématicien ou mathématicienne, astronome | Mathématicien précepteur d'Alexandre le Grand. On trouve aussi ""Menechino"".",0375-00-00,N/A,0300-00-00,Cyzique,,,,,,,,
AlessandroMenganti,Alessandro,Menganti,Alexandre Minganti,"Adorateur Richard kalonji Kalunda né en République démocratique du Congo précisément en mbuji mayi, est un musicien compositeur interprète chrétienne gospel","sculpteur ou sculptrice, orfèvre, médailleur",1531-01-01,Bologne,1594-01-01,Bologne,,,,,,,,
FrancescoMerano,Francesco,Merano,il Paggio; le Paggio,peintre italien,N/A | dit Il Paggio,1619-01-01,Gênes,1657-01-01,N/A,,,,,,,,
Mercure,Mercure,Mercure,Mercure; Mercurio; Hermete; Ermete,dieu romain,N/A,,N/A,,N/A,,,,,,,,
GirolamoMercuriale,Girolamo,Mercuriale,Girolamo Mercuriale; Mercurialis,médecin et auteur italien du XVIe siècle,"linguiste, professeur ou professeure d'université, médecin",1530-09-30,Forlì,1606-11-08,Forlì,États pontificaux,,,,,,,
ManiusValeriusMaximusCorvinusMessalla,Manius Valerius Maximus,Messalla Corvinus,Manius Valerius Maximus Corvinus Messalla; Valerius Corvinus; Valerius Maximus; Valerius Messala; Valerius; Corvinus; Mexala,consul romain,"homme politique de la Rome antique, militaire romain",0300-00-00,Rome antique,0300-01-01,N/A,Rome antique,,,,,,,
AntonelloDeMessine,Antonello,Messine,Antonello de Messine; Antonelle de Messine; ANTOINE DE MESSINE; Antoine de Messine; Antonelle,peintre italien de la Renaissance (1430–1479),"Comment on works: Religious, Portraits",1430-01-01,Messine,1479-01-01,Venise,royaume de Sicile,,,,,,,
Metagenes,Métagénès,Metagenes,Métagénès; Metagenes; Metagene,architecte antique actif à Éphèse,"architecte, inventeur",0550-00-00,Cnossos,,N/A,,,,,,,,
Metellus,,Metellus,Metellus,,,,,,,,,,,,,,
MethodiusI,Méthode,Methodius I,Méthode Ier de Constantinople; Methodius,patriarche de Constantinople (843-847),"prêtre, théologien ou théologienne | Patriarche de Constantinople",0788-00-00,Syracuse,0847-06-14,Constantinople,Empire byzantin,,,,,,,
Metion,Métion,Metion,Métion; Metion,personnage de la mythologie grecque,N/A,,N/A,,N/A,,,,,,,,
QuintenMetsys,Quinten,Metsys,Quintin de Louvain; QUINTIN MESSIS; Quintin,peintre flamand (1466-1530),Comment on works: History; Portraits; Religious,1466-00-00,Leuven,1530-01-01,Antwerpen,duché de Brabant,,,,,,,
SaintMichel,Michel,Michel,Saint Michel; San Michelangelo; Sainct Michel; San Michele,"Les archanges dans le judaïsme, le christianisme et l'islam",N/A,,N/A,,N/A,,,,,,,,
MichelIRhangabe,Michel,Michel Ier,Michel Ier Rhangabé; Michel Curopolate,empereur byzantin de 811 à 813,personnalité politique | Empereur byzantin de 811 à 813,0770-00-00,Constantinople,0844-01-11,Kınalıada,Empire byzantin,,,,,,,
MichelIIAmorien,Michel,Michel II,Michel II l'Amorien; Michel le Begue,empereur byzantin de 820 à 829,chef militaire | Empereur byzantin de 820 à 829,0770-00-00,Amorium,0829-10-02,Constantinople,Empire byzantin,,,,,,,
Michelozzo,Michelozzo,Michelozzi,Michelozzo; Michellozzo-Michel,architecte et sculpteur italien de la Renaissance,N/A,1396-01-01,Firenze,1472-00-00,Firenze,,,,,,,,
PierreBourdelot,Pierre,Michon Bourdelot,Pierre Michon Bourdelot; signor Bourdelot; PIETRO BOURDELOT,médecin français du XVIIe siècle,"médecin, artiste peintre, anatomiste",1610-02-01,Sens,1684-02-06,Paris,royaume de France,,,,,,,
Micon,Micon,Micon,Micon; Miron,peintre antique,"artiste peintre, sculpteur ou sculptrice",0500-00-00,Athènes,0500-00-00,N/A,Athènes,,,,,,,
Midas,Midas,Midas,Midas,roi de Phrygie et personnage de la mythologie gréco-romaine,dirigeant ou dirigeante,,N/A,,Gordion,Phrygie,,,,,,,
MichielJanszVanMiereveld,Michiel Jansz van,Miereveld,MICHEL JANSON MIREVELT,peintre néerlandais,,1566-05-01,Delft,1641-06-27,Delft,Provinces-Unies,,,,,,,
FransVanMieris,Frans van,Mieris,FRANÇOIS MIRIS; Miris,peintre néerlandais (1635–1681),,1635-04-16,Leiden,1681-03-12,Leyde,Provinces-Unies,,,,,,,
Mignard,famille,Mignard,des Mignards,"families, artist, painter",French family of painters.,,N/A,,N/A,,,,,,,,
NicholasMignard,Nicholas,Mignard,Mignard d’Avignon; NICOLAS MIGNARD; Nicolas Mignard,peintre français,,1606-02-07,Troyes,1668-05-20,Paris,France,,,,,,,
PierreMignard,Pierre,Mignard,Pierre Mignard; Sr. Mignard; P. Mignard; Mignard,peintre français (1612-1695),Comment on works: Portraits; History; Religious,1612-11-17,Troyes,1695-05-30,Paris,France,,,,,,,
PierreIIMignard,Pierre II,Mignard,Pierre Mignard,peintre et architecte français,,1640-02-20,Avignon,1725-04-10,Avignon,France,,,,,,,
SaintSatyr,Satyr de,Milan,Satyr de Milan; Sainct Satyre,saint chrétien,fonctionnaire,0339-01-01,Trèves,0378-01-01,Milan,,,,,,,,
JohannaVonMilkau,JohannaVon,Milkau,N/A; Johanna von Milkau,n/a,N/A | Première femme de Joachim von Sandrart,,N/A,,N/A,,,,,,,,
MiltiadeLeJeune,Miltiade,Miltiade,Miltiade le Jeune; Miltiade,stratège athénien,"personnalité politique, chef militaire, militaire",0550-00-00,Athènes,0489-00-00,Athènes,Athènes,,,,,,,
Minerve,Minerve,Minerve,Minerve; Minerva; Minérve,déesse romaine,N/A,,N/A,,N/A,,,,,,,,
AntonioMini,Antonio,Mini,Minio; Antonio Mini,"artist, designers, draftsman, painter",,1433,N/A,1533-00-00,France,,,,,,,,
Minos,Minos,Minos,Minos,roi légendaire de Crète,N/A,,N/A,,N/A,,,,,,,,
ArtaxerxesII,Artaxerxès,Mnémon,Artaxerxès II; Artaxerce Mnémon,roi achéménide,roi | Artaxerxès Mnémon,0453-00-00,N/A,0358-02-01,Persépolis,,,,,,,,
Moab,,Moab,Moab,,divinité antique selon Lomazzo,,,,,,,,,,,,
FrancescoMochi,Francesco,Mochi,le Mocqui,sculpteur italien,Comment on works: Sculptor,1580-07-29,Montevarchi,1654-02-06,Roma,Italie,,,,,,,
GiovanniBattistaMola,Giovanni Battista,Mola,Jean-Baptiste Mola,"architect, artist, painter",,1578,N/A,1665,N/A,,,,,,,,
PierFrancescoMola,Pier Francesco,Mola,Francesco Mola,peintre suisse,,1612-02-09,Coldrerio,1666-05-13,Roma,Suisse,,,,,,,
GiuseppeMoleti,Giuseppe,Moleti,Giuseppe Moletti; Moleto,mathématicien italien,"physicien ou physicienne, mathématicien ou mathématicienne, astronome",1531-00-00,Messine,1588-01-01,Padoue,,,,,,,,
Moloch,Moloch,Moloch,Moloch; Moloc,divinité sémitique et démon biblique,N/A,,N/A,,N/A,,,,,,,,
JoosIIDeMomper,Joos II the Younger,Momper,Mompre,peintre néerlandais,,1564-00-00,Antwerpen,1635-01-01,Antwerpen,Pays-Bas des Habsbourg,,,,,,,
HonoreIIDeMonaco,Honoré,Monaco,Honoré II; Monseigneur le Prince de Monaco; Prince de Monaco,seigneur puis prince de Monaco de 1604 à 1662,personnalité politique | Seigneur puis Prince de Monaco de 1604 à1662,1597-12-24,Monaco,1662-01-10,Monaco,,,,,,,,
LorenzoMonaco,Lorenzo,Monaco,Lorenzo Monaco,peintre italien,"artiste peintre, enlumineur, moine ou moniale",1370-01-01,Sienne,1425-01-01,Florence,Italie,,,,,,,
PierreMonier,Pierre,Monier,P.MONIER.,peintre français,Comment on works: Religious; Portraits; History,1641-03-00,Blois,1703-12-29,Paris,royaume de France,,,,,,,
JacopoDaMontagnana,Jacopo,Montagnana,Jacopo da Montagnana; Jaques de la Montagne,peintre italien (1440–1499),N/A | ou Jacopo di Paride Parisati da Montagnara Jacques de la Montagne chez Monier,1440-01-01,montagnana,1499-08-14,Padoue,,,,,,,,
GiovanniBattistaMontano,Giovanni Battista,Montano,Giovanni Battista Montano,"wood scultor, architecte, engraver, drafter","He was an Italian architect, drafter and engraver of primary importance as a recorder of Antique Roman architectural remains.",,Milano,1621,Roma,,,,,,,,
GuidobaldoIMontefeltro,"Guidobaldo Ier, de",Montefeltro,Guidobaldo Ier de Montefeltro; Guidobaldo da Montefeltro; Guido-baldo; Guido Baldo,comte de Montefeltro et le troisième duc d'Urbino,condottiere | Duc d'Urbino,1472-01-17,Gubbio,1508-04-10,Fossombrone,,,,,,,,
BaccioDaMontelupo,Baccio,Montelupo,Baccio da Montelupo; Baccio Uberti,sculpteur italien,N/A | dit Bartolomeo di Giovanni ou Baccio da Montelupo Baccio Uberti Florentin chez Monier,1469-01-01,Montelupo Fiorentino,1535-01-01,Lucca,Italie,,,,,,,
RobertoDaMontevarchi,Roberto,Montevarchi,Roberto da Montevarchi; le Monte,peintre italien,artiste peintre | dit il Montevarchi,1460-00-00,Montevarchi,1522-00-00,Montevarchi,,,,,,,,
AnthonieVanMontfoortBlocklandt,Anthonie van,Montfoort Blocklandt,Antoine de Montfort de Blocland,peintre néerlandais (1533–1583),,1533-01-01,Montfoort,1583-01-01,Utrecht,Dix-sept Provinces,,,,,,,
LouisDeMontjosieu,Louis de,Montjosieu,Demontiosius; Louis des Monts,n/a,"mathématicien ou mathématicienne, philologue, musicologue | aussi connu sous le nom de Demontiosius",1583-00-00,N/A,1649-00-00,N/A,,,,,,,,
JeanDeMontlyard,Jean de,Montlyard,Jean de Montlyard; Jean de Montliard,astrologue français,astrologue,1505-00-00,N/A,,N/A,France,,,,,,,
SaintRoch,Roch de,Montpellier,Roch; Sainct Roch; Santo Roco,saint chrétien,N/A,1295-01-01,Montpellier,1327-08-16,Montpellier,Occitanie,,,,,,,
Mopsos,,Mopsos,Mopso,,,,,,,,,,,,,,
AnthonisMorVanDashorst,Anthonis,Mor,Antoine Mor; Antoine More; ANTOINE MORE,peintre flamand,Comment on works: Portraits,1519-01-01,Utrecht,1575-01-01,Antwerpen,Pays-Bas des Habsbourg,,,,,,,
PaoloMorando,Paolo,Morando,Cavazzola; Paul Cavazzuola,peintre italien,Comment on works: religious | dit il Cavazzola,1486-01-01,Verona,1522-01-01,Verona,république de Venise,,,,,,,
DomenicoMoreni,Domenico,Moreni,Domenico Moreni; DOMENICO MORENI,n/a,prêtre,1763-08-12,Florence,1835-03-13,Florence,,,,,,,,
GiovanniGirolamoMorone,Giovanni Girolamo,Morone,Giovanni Girolamo Morone; Cardinal Morrone; Cardinal Morone,prélat catholique,"diplomate, prêtre catholique, évêque catholique",1509-01-25,Milan,1580-12-01,Rome,,,,,,,,
GiovanniBattistaMoroni,Giovanni Battista,Moroni,le Moron,peintre italien,,1525-01-01,Albino,1578-02-05,Bergame,Italie,,,,,,,
SforzaMoroni,Sforza,Moroni,Signor Conte Sforza Morone; Conte Sforza Morrone; Conte Sforza Morone; Conte Sforza Moroni; Signor Conte Sforza,,frère deu cardinal Giovanni Girolamo Morone,,,,,,,,,,,,
ThomasMore,Thomas,Morus,Thomas More; Thomas Morus,"philosophe, humaniste et théologien anglais","philosophe, historien ou historienne, théologien ou théologienne, personnalité politique, poète ou poétesse, homme d'État, romancier ou romancière, juriste-poète, juge, diplomate, écrivain ou écrivaine",1478-02-07,Londres,1535-07-06,Tower Hill,royaume d'Angleterre,,,,,,,
ClaraDeMoy,Clara de,Moy,Claire de Moï,,,,,,,,,,,,,,
MariaDeMoy,Maria de,Moy,,,,,,,,,,,,,,,
Moise,Moïse,Moïse,Moïse; Moise; Moyse; Mosè,premier prophète du judaïsme,"chef militaire, chef religieux, législateur ou législatrice, thaumaturge, gardien de troupeau, dirigeant ou dirigeante",1393-00-00,Pays de Gessen,1273-00-00,mont Nébo,,,,,,,,
Mucien,Caius Licinius,Mucianus,Mucien,"écrivain, homme politique et militaire romain","écrivain ou écrivaine, personnalité politique, historien ou historienne, militaire",0100-01-01,N/A,0100-00-00,N/A,Rome antique,,,,,,,
FrancoisMuguet,François,Muguet,François Muguet; FRANCOIS MUGUET,imprimeur français,"imprimeur ou imprimeuse-libraire, imprimeur ou imprimeuse, libraire",1630-01-01,N/A,1702-02-09,N/A,France,,,,,,,
JanHarmenszMuller,Jan Harmensz,Muller,le Muller; Muler,dessinateur et graveur hollandais,Comment on works: Printer and Draughtsman,1571-07-01,Amsterdam,1628-04-18,Amsterdam,Provinces-Unies,,,,,,,
LuciusMummius,Lucius,Mummius,Lucius Mummius Achaicus; Lucius Mummius; Lucio Mummio; Luce Mumme; L. Mummius,consul romain en 146 av. J.-C.,"homme politique de la Rome antique, militaire romain",0192-00-00,N/A,0140-00-00,N/A,Rome antique,,,,,,,
PubliusDeciusMusI,Publius,Mus,Publius Decius Mus,consul romain en 340 av. J.-C.,"homme politique de la Rome antique, militaire romain | Consul en 340 av. J.-C.",0350-00-00,Rome antique,0340-00-00,N/A,Rome antique,,,,,,,
PubliusDeciusMusII,Publius,Mus,Publius Decius Mus,consul romain en 312 av. J.-C.,"homme politique de la Rome antique, militaire romain | Consul en 312 av. J.-C.",0340-00-00,Rome antique,0295-00-00,Sassoferrato,Rome antique,,,,,,,
PubliusDeciusMusIII,Publius,Mus,Publius Decius Mus,consul romain en 279 av. J.-C.,"homme politique de la Rome antique, militaire romain | Consul en 279 av. J.-C.",,Rome antique,0279-01-01,N/A,Rome antique,,,,,,,
AgostinoVeneziano,Agostino,Musi Veneziano,Augustin Vénitien; Augustin Venitien; Augustin venitien,graveur italien,Musi was a pupil of Giulio Campagnola; he formed his style on a study of Albrecht Dürer and was also a follower of Marc Antoine Raimondi. He is noted for having published engravings of grostesque ornament similar to that by Raphael and Giovanni da Udine in the Vatican Logge. He probably died in Rome. | dit Agostino Veneziano,1490-00-00,Venezia,1540,Roma,république de Venise,,,,,,,
GirolamoMuziano,Girolamo,Muziano,Geronimo Mutiani; Hierosme Mutiano; Hierome Mutian; Gerôme Mutian; JEROME MUTIAN; le Mutien; Le Mutian; le Mutian; Mutiano; Mutian; Mutien,"peintre, graveur et dessinateur italien",N/A,1528-01-01,Brescia,1592-04-27,Roma,Italie,,,,,,,
Myron,Myron,Myron,Myron; Miron,sculpteur athénien du Ve siècle,"sculpteur ou sculptrice, artiste, bronzier ou bronzière",0500-01-01,Eleutherae,0500-01-01,N/A,Athènes,,,,,,,
CatherineDeMedicis,"Catherine, De",Médicis,Catherine de Médicis; Caterine de Medicis,reine-consort et régente du royaume de France,régent ou régente | Reine de,1519-04-13,Florence,1589-01-05,château de Blois,France,,,,,,,
CosmeDeMedicis,"Cosme, De",Médicis,Cosme Ier de Toscane; Gran Duca di Toscana; Grand Duc de Toscane; Duc Côme de Medicis; Cosimo de' Medici; Cosimo di Firenze; Cosme de Medicis; Côme de Médicis; Côme de Medicis,grand-duc de Toscane,"collectionneur ou collectionneuse d'œuvres d'art, personnalité politique, homme d'État | Duc de Florence puis grand-duc de Toscane",1519-06-12,Florence,1574-04-21,villa Medicea di Castello,République florentine,,,,,,,
FrancoisIMedicis,François Ier,Médicis,Francesco Primo; Francesco Medici,grand-duc de Toscane,"monarque, personnalité politique | Grand duc de Toscane de 1574 à 1587",1541-03-25,Florence,1587-10-17,Poggio a Caiano,grand-duché de Toscane,,,,,,,
ClementVII,"Jules, de",Médicis,Clément VII; Cardinal Jules de Medicis; Papa Clemente settimo; Clement septiéme; Pape Clément VII; Jules de Medicis; Clement setiéme; Clement setiême; Clement VII,"219e pape de l’Église catholique, de 1523 à 1534","prêtre catholique, diacre de transition | Pape sous le nom de Clément VII",1478-05-26,Florence,1534-09-25,Rome,République florentine,,,,,,,
JulienDeMedicis,"Julien, De",Médicis,Julien de Médicis; Jullian de Medicis; Giulian de Medici; Julien de Medicis,"noble italien, troisième fils de Laurent dit Le Magnifique",personnalité politique | Fils de Laurent le Magnifique,1479-03-12,Florence,1516-03-17,Florence,,,,,,,,
LaurentIIDeMedicis,Laurent de,Médicis,Laurent II de Médicis; Laurent de Medicis,n/a,"homme d'État, condottiere, personnalité politique",1492-09-12,Florence,1519-05-04,Careggi,,,,,,,,
LaurentDeMedicis,"Laurent, De",Médicis,Laurent le Magnifique; Laurentium Medicem; Laurent de Medicis; Lorenzo de' Medici; Prince Laurent,homme politique et humaniste italien (1449-1492),"personnalité politique, écrivain ou écrivaine, poète ou poétesse, banquier | surnommé Laurent le Magnifique, Lorenzo il Magnifico en italien",1449-01-01,Florence,1492-04-08,Careggi,République florentine,,,,,,,
MarieDeMedicis,Marie de,Médicis,Marie de Médicis; Reyne Marie de Medicis; Marie de Medicis,reine consort de France et de Navarre ; régente de France,"salonnier ou salonnière, collectionneur ou collectionneuse d'œuvres d'art, personnalité politique | Reine (1600-1610) puis Régente (1610-1614) du royaume de France",1575-04-26,Florence,1642-07-04,Cologne,France,,,,,,,
PierreDeMedicis,"Pierre, De",Médicis,Pierre II de Médicis; Pierre de Medicis,n/a,personnalité politique | Fils de Laurent le Magnifique,1472-02-15,Florence,1503-12-28,Gaète,,,,,,,,
Megabyze,Mégabyze,Mégabyze,Mégabyze Ier; Megabizo,n/a,N/A,0600-01-01,N/A,0600-01-01,N/A,,,,,,,,
Megasthene,Mégasthène,Mégasthène,Mégasthène; Megasthenes,"diplomate, géographe et historien grec de l'Antiquité","explorateur ou exploratrice, diplomate, historien ou historienne, écrivain ou écrivaine, ethnographe, indianiste",0350-01-01,Asie mineure,0290-01-01,N/A,royaume séleucide,,,,,,,
Meleagre,Méléagre,Méléagre,Méléagre; Meleagro,personnage de la mythologie grecque,N/A | héros qui s'illustre pendant la chasse au sanglier de Calydon,,N/A,,N/A,,,,,,,,
Menes,Ménès,Ménès,"Mina, Menan; Mina",n/a,monarque,3200-00-00,N/A,3125-00-00,N/A,Égypte antique,,,,,,,
Menelas,Ménélas,Ménélas,Ménélas; Menelao,"personnage de la mythologie grecque, roi de Sparte",N/A,,N/A,,N/A,,,,,,,,
Menelaos,Ménélaos,Ménélaüs,Ménélaos; Menelaüs,géomètre et astronome grec,"mathématicien ou mathématicienne, astronome",0070-00-00,Alexandrie,0140-00-00,Rome,,,,,,,,
SymeonMetaphraste,Syméon,Métaphraste,Syméon Métaphraste; Metaphraste,hagiographe et homme politique byzantin,"écrivain ou écrivaine, hagiographe, historien ou historienne, chroniqueur ou chroniqueuse",0900-00-00,Constantinople,0987-11-28,N/A,Empire byzantin,,,,,,,
Metines,,Métines,Metines,,,,,,,,,,,,,,
AlfonsoN,Alfonso,N.,Signor Alfonso; Alfonso N.; ALFONSO N.,,"gentilhomme de Vérone sans doute fictif auquel Martino Bassi s'adresse dans ""Dispareri in materia d'achitettura et perspettiva"".",,,,,,,,,,,,
NabuchodonosorII,Nabuchodonosor,Nabuchodonosor II,Nabuchodonosor II; Nabuchodonosor; Nabucodonosor,roi de Babylone entre 604 av. J.-C. et 562 av. J.-C.,"monarque, responsable, roi",0642-00-00,Uruk,0561-00-00,Babylone,,,,,,,,
LorenzoNaldini,Lorenzo,Naldini,Naldino Florentin,"stuccoists, artist, painter, sculptor",N/A,1467,N/A,1569-01-01,N/A,,,,,,,,
RobertNanteuil,Robert,Nanteuil,Nanteuil,graveur et pastelliste français (1623-1678),Comment on works: Portraits,1623-01-01,Reims,1678-12-09,Paris,France,,,,,,,
RobertINaples,Robert,Naples,Robert I Naples,n/a,personnalité politique | Roi de Naples,1277-01-01,Santa Maria Capua Vetere,1343-01-20,Naples,,,,,,,,
Narcisse,Narcisse,Narcisse,Narcisse; Narciso,personnage de la mythologie grecque,N/A,,N/A,,N/A,,,,,,,,
FamianoNardini,Famiano,Nardini,Famiano Nardini; Comte de Nardini; Nardini,archéologue italien,"archéologue, historien ou historienne, philologue",1600-01-01,Capranica,1661-01-01,Rome,,,,,,,,
MauriceDeNassau,Maurice,"Nassau, de",Maurice de Nassau; Prince d’Orange,prince d'Orange,"personnalité politique, officier, collectionneur ou collectionneuse d'œuvres d'art, commandant",1567-11-14,Dillenburg,1625-04-23,La Haye,Provinces-Unies,,,,,,,
PietroDeNatali,Pietro de’,Natali,Petrus de Natalibus; P. de Natalibus; Monsieur Lane,,Petrus de Natalibus en latin,,,,,,,,,,,,
MichelNatalis,Michel,Natalis,Natalis,graveur liégeois,,1610-10-10,Liège,1668-09-03,Liège,principauté de Liège,,,,,,,
Nausicaa,Nausicaa,Nausicaa,Nausicaa,personnage de la mythologie grecque,N/A,,N/A,,N/A,,,,,,,,
Jesus,Jesus de,Nazaret,Jesus; Jesus-Christ; Jesus Christ; JESUS-CHRIST; JESUS CHRIST; Jesus-Chrit; J. Christ; le Christ; CHRISTI; Christo; Cristo; Christ; CHRIST; JESUS; Jésus,messie et fils unique de Dieu pour les chrétiens,"prédicateur, prophète ou prophétesse, charpentier ou charpentière, rabbin, thaumaturge, chef religieux, guérisseur, Messie, prédicateur, enseignant ou enseignante, intercession des saints, fondateur d'une religion, N/A, pasteur",0007-00-00,Bethléem,0030-04-07,Golgotha,Royaume d'Hérode,,,,,,,
CesareNebbia,Cesare,Nebbia,Cesare Nebbia; Cesare Nebia,peintre italien,Italian painter. Comment on works: Religious; Portraits,1536-01-01,Orvieto,1614-01-01,Orvieto,Italie,,,,,,,
ViolanteNegretti,Violante,Negretti,Violante Negretti; Violente,fille de Palma le Vieux,N/A | Maîtresse de Titien et fille du peintre Palma le Vieux,,N/A,,N/A,Italie,,,,,,,
Nembrot,Nimrod,Nembrot,Nimrod; Nembroth; Nembrot,"personnage biblique du livre de la Genèse, fils de Cush, qui est le père des Ethiopiens","monarque, chasseur ou chasseresse | On trouve aussi Nimrod.",1751-00-00,N/A,1638-00-00,N/A,Shinar,,,,,,,
Neptune,Neptune,Neptune,Neptune; Nettuno,dieu de la mythologie romaine,N/A,,N/A,,N/A,,,,,,,,
AntonioNeri,Antonio,Neri,Antonius Neri,auteur,Verrier et auteur,,,,,,,,,,,,
Neron,Néron,Neron,Néron; Claudio Nerone; Domitio Nerone; Nerone; Neron,"cinquième empereur romain de 54 à 68, dernier représentant de la dynastie julio-claudienne","poète ou poétesse, personnalité politique, militaire, musicien ou musicienne",0037-12-15,Antium,0068-06-09,Rome,Rome antique,,,,,,,
Nerva,Marcus Cocceius,Nerva,Nerva,empereur romain de 96 à 98,personnalité politique,0030-11-08,Narni,0098-01-27,jardins de Salluste,Rome antique,,,,,,,
Neree,Nérée,Nerée,Nérée; Nerée,divinité marine de la mythologie grecque,N/A,,N/A,,N/A,,,,,,,,
Nestor,Nestor,Nestor,Nestor; Nestore,personnage de la mythologie grecque,"N/A | roi de Pylos, dans la mythologie grecque",,N/A,,N/A,,,,,,,,
CasparNetscher,Caspar,Netscher,GASPAR NETSCHE; Netscher,peintre hollandais,,1639-00-00,Heidelberg,1684-01-15,s-Gravenhage,Provinces-Unies,,,,,,,
WolfgangGuillaumeDeNeubourg,Wolfgang-Guillaume de,Neubourg,Wolfgang Guillaume de Wittelsbach; Duc de Neubourg,prince allemand,"collectionneur ou collectionneuse d'œuvres d'art | Comte palatin de Neubourg, duc de Juliers et de Berg de 1614 à 1653.",1578-11-04,Neubourg-sur-le-Danube,1653-03-20,Düsseldorf,Allemagne,,,,,,,
NicephoreI,Nicéphore,Nicephore Ier,Nicéphore Ier; Nicefore,empereur byzantin de 802 à 811,dirigeant ou dirigeante | Empereur byzantin de 802 à 811,0750-00-00,Pisidie,0811-07-26,Pliska,Empire byzantin,,,,,,,
Nicias,Nicias,Nicias,Nicias; Nicia; Nitia,peintre athénien,artiste peintre,0500-00-00,Athènes,0400-00-00,Athènes,Athènes,,,,,,,
Nicodeme,Nicodème,Nicodème,Nicodème; Nicodemo; Nicodeme,personnage du Nouveau Testament,N/A,,Palestine,0100-00-00,Judée,,,,,,,,
Nicomede,,Nicomède Ier ?,Roi de Nicomedie; Nicomedes; Nicodéme; Nicomede,,,,,,,,,,,,,,
NicetasI,Nicétas,Nicétas Ier,Nicétas Ier de Constantinople; Nicetas,n/a,"prêtre, eunuque",,N/A,0780-02-06,Constantinople,Empire byzantin,,,,,,,
Ninfe,,Ninfe,Ninfe,,divinité antique selon Lomazzo,,,,,,,,,,,,
Ninus,Ninos,Ninus,Ninos; Ninus; Nino,personnage mythologique,roi,,Assur,,N/A,Assyrie,,,,,,,
Nitocris,Nitocris,Nitocris,Nitocris; Nitocre; Nicore,pharaon égyptien,homme d'État,2250-00-00,N/A,2192-01-01,N/A,,,,,,,,
GiacomoNizzola,Giacomo,Nizzola,"Jacopo Nizzola, Jacopo da Trezzo; Iacomo da Trezzo","architect, goldsmiths, artist, engraver, etcher, medalists, jewelers, sculptor","On trouve aussi ""Jacopo Nizzola"" et ""Jacopo da Trezzo"". On trouve ""Iacomo da Trezzo"" chez Lomazzo (Idea).",1515-01-01,Milano,1589-09-23,Madrid,,,,,,,,
JeanNocret,Jean,Nocret,Naucret,peintre français,"Jean Nocret, a French painter of portraits and allegorical and mythological scenes, likely trained with Jean Leclerc. He studied in Rome, but is recorded in Paris in 1644. He became the 'Peintre du Roi et du Duc d'Orléans.' In 1663 he was received into the 'Académie Royale de Peinture et de Sculpture.' Comment on works: Painter; Portrait; History",1615-10-26,Nancy,1672-11-12,Paris,France,,,,,,,
Noe,Noé,Noe,Noé; Noè,personnage de la Bible impliqué dans le récit du Déluge,"agriculteur ou agricultrice, parent, prophète ou prophétesse",2948-00-00,Mésopotamie,1998-00-00,N/A,,,,,,,,
AdamVanNoort,"Adam, van",Noort,Adam Van-Noort; Adam Van-Oort; ADAM VAN ORT; Adam Van-Ort,peintre flamand (1562-1641),Comment on works: Painter; Portrait; History,1562-01-01,Antwerpen,1641-01-01,Antwerpen,Pays-Bas méridionaux,,,,,,,
CatharinaVanNoort,Catharina,Noort,Catharina van Noort; Fille d’Adam Van-Ort,"fille d'Adam, épouse de Jacob Jordaens","N/A | Fille d'Adam Van Noort, femme de Jacob Jordaens",1595-02-24,Anvers,1659-04-17,Anvers,,,,,,,,
LambertVanNoort,Lambert van,Noort,Lambert Van Ort,peintre néerlandais,,1520-01-01,Amersfoort,1571-01-01,Antwerpen,Pays-Bas des Habsbourg,,,,,,,
DariusII,Darius,Nothus,Darius II; Darius Nothus; Darius Notus,roi achaménide,"monarque, chah | Darius Nothos ou Ochos",0475-01-01,Perse,0404-00-00,Babylone,Empire achéménide,,,,,,,
Notos,Notos,Notos,Austro (it); Notus,divinité de la mythologie grecque,N/A | personnification du vent den Sud,,N/A,,N/A,,,,,,,,
Nearque,Néarque,Néarque,Néarque; Nearche,officier macédonien,"explorateur ou exploratrice, historien ou historienne, militaire",0356-01-01,Lato,0300-01-01,N/A,royaume de Macédoine,,,,,,,
Neoptoleme,Néoptolème,Néoptolème,Néoptolème; Neoptoleme,"personnage de la mythologie grecque, fils d'Achille",N/A,,N/A,,N/A,,,,,,,,
ArtaxerxesIII,Artaxerxès,Ochos,Artaxerxès III; autre Artaxerce apellé Ochus,roi achéménide,souverain | Ochos,0425-01-01,N/A,0338-08-00,Babylone,Empire achéménide,,,,,,,
Odoacre,Odoacre,Odoacre,Odoacre,patrice d'Italie de 476 à 493,chef militaire | Patrice d'Italie de 476 à 493.,0433-01-01,Pannonie première,0493-03-15,Ravenne,royaume d'Italie,,,,,,,
Oholiab,Oholiab,Oholiab,Oholiab; Ooliab,n/a,architecte,,N/A,,N/A,,,,,,,,
PietroPaoloOlivieri,Pietro Paolo,Olivieri,Pietro Paulo Olivieri; Pietro Paolo Olivieri,italian architect and sculptor.,,1551-00-00,Roma,1599-07-06,Roma,Italie,,,,,,,
GerardVanOpstal,Gerard van,Opstal,Monsieur Vanobstal,sculpteur baroque flamand,"There is some uncertainty about his birth date and place: he was either born in Brussels in 1594, or in Antwerp in 1604. Opstal trained in Brussels and Antwerp, then moved to Paris around 1642 on the invitation of Cardinal Richelieu. He contributed to many of the new architectural structures built for the king and members of the court. In 1651 was give the title of ""Sculpteur des Bâtiments du Roi"" (Sculptor of the King's Buildings). He specialized in the low-relief friezes of classical mythological subjects such as tritons, nereids, and centaurs that decorated the many palaces and ""hôtels particuliers"" in and around Paris. Members of the court also prized his ivory reliefs, carved in a dramatic, fluid style inspired by Peter Paul Rubens. In 1648 Van Opstal helped found the Académie Royale de Peinture et de Sculpture in Paris. He was repeatedly elected rector of the Academy, a post he held at the time of his death in 1668. Comment on works: Sculptor",1594-01-01,Bruxelles,1668-01-01,Paris,Pays-Bas des Habsbourg,,,,,,,
OrazioDeFerrari,Ferrari,Orazio de',Horace de Ferrari,peintre italien,,1606-08-22,Voltri,1657-01-01,Gênes,république de Gênes,,,,,,,
FrancoisDOrbay,François II,"Orbay, d'",Dorbay,architecte français,,1634-01-01,Paris,1697-09-04,Roubaix,France,,,,,,,
Origene,Origène,Origène,Origène; Origene,"théologien, exégète et prêtre du christianisme antique","théologien ou théologienne, clerc, écrivain ou écrivaine, traducteur ou traductrice, philosophe",0185-01-01,Alexandrie,0254-01-01,Césarée,Rome antique,,,,,,,
BernaertVanOrley,Bernaert van,Orley,Bernard Van-Orlay de; Bernard Van-Orlay; BERNARD VAN ORLAY,peintre flamand,,1487-01-01,Bruxelles,1541-01-06,Bruxelles,Pays-Bas méridionaux,,,,,,,
AnneMarieLouiseDOrleans,Anne-Marie-Louise d',Orléans,"Grande Mademoiselle, duchesse de Montpensier; Grande Mademoiselle",aristocrate du Grand Siècle,"salonnier ou salonnière, écrivain ou écrivaine",1627-05-29,palais du Louvre,1693-04-05,palais du Luxembourg,France,,,,,,,
Orphee,Orphée,Orphée,Orphée; Orfeo,héros de la mythologie grecque,"écrivain ou écrivaine, poète ou poétesse, musicien ou musicienne",,N/A,,N/A,,,,,,,,
PietroOrseolo,Pietro,Orseolo,Pietro Orseolo; Pierre Orseole,Doge de Venise,personnalité politique,0928-01-01,Udine,0987-01-10,abbaye Saint-Michel de Cuxa,république de Venise,,,,,,,
PaoloGiordanoIIOrsini,Paolo Giordano,Orsini,"Paolo Giordano, II Orsini; Duc de Bracciane",n/a,"poète ou poétesse, mécène, collectionneur ou collectionneuse d'œuvres d'art",1591-00-00,Rome,1656-00-00,Bracciano,,,,,,,,
FrancescoOsanna,Francesco,Osanna,Francesco Osanna; Francesco Osanna.,n/a,N/A,,N/A,1608-01-01,N/A,,,,,,,,
Osiris,Osiris,Osiris,Osiris; Osiri,ancien dieu égyptien,N/A,,N/A,,N/A,,,,,,,,
Othon,Marcus Salvius,Otho,Othon; Empereur Othon,septième empereur romain en 69,"homme politique de la Rome antique, militaire romain",0032-04-28,Ferento,0069-04-16,Brixellum,Rome antique,,,,,,,
FrancescoOttonaio,Francesco,Ottonaio,Ottonai,,,,,,,,,,,,,,
Ouranos,Ouranos,Ouranos,Ouranos; Urano,divinité primordiale de la mythologie grecque personnifiant le Ciel étoilé et l'Esprit démiurgiqus,N/A,,N/A,,N/A,,,,,,,,
Ovide,,Ovide,Ovide; Ovidio,poète romain,"poète ou poétesse, écrivain ou écrivaine, mythographe, élégiste",0043-03-20,Sulmo,0017-00-00,Tomis,Rome antique,,,,,,,
GiacomoDiPace,Jacopo/Giacomo,Pacio,Jacopo Pacio; Pacio,,Père de Domenico Beccafumi,,,,,,,,,,,,
LucaPacioli,Luca,Pacioli,"frate Luca dal Borgo, Luca dal Sansepolcro; Luca dal Borgo",n/a,"frère, mathématicien ou mathématicienne, économiste, comptable, professeur ou professeure d'université, inventeur, prêtre chrétien | Aussi connu sous le nom de Luca dal Borgo, ou Luca dal Sansepolcro.",1445-00-00,Sansepolcro,1517-00-00,Rome,République florentine,,,,,,,
Pacuvius,Pacuvius,Pacuvius,Pacuvius; Romani Pacuvio; Paccuvius; Paccuvio; Pacuvio,dramaturge et poète tragique romain (219-129 av. J-C),"dramaturge, poète ou poétesse, écrivain ou écrivaine, artiste peintre",0220-04-29,Brindisi,0130-02-07,Taras,Rome antique,,,,,,,
HilairePader,Hilaire,Pader,HILARIUM PADERUM; HILLAIRE PADER; Hilaire Pader; HILAIRE PADER; Sr Pader; PADERUS; Paders; PADERE; Pader; PADER,peintre français (1607-1677),N/A,1607-02-00,Toulouse,1677-08-14,Toulouse,France,,,,,,,
SainteJustine,Justine de,Padoue,Justine de Padoue; Saincte Justine,martyre et sainte chrétienne,N/A,0300-01-01,Padoue,0304-10-07,Padoue,,,,,,,,
BlaiseFrancoisPagan,Blaise François,Pagan,M. de Pagan; Comte de Pagan,ingénieur des fortifications français,"architecte, ingénieur ou ingénieure, ingénieur militaire",1604-03-03,Saint-Pierre-de-Vassols,1665-11-18,Paris,France,,,,,,,
BenedettoPagni,Benedetto,Pagni,Benoît Pagni de Pescia,peintre italien,N/A,1504-00-00,Pescia,1578-00-00,Mantoue,,,,,,,,
Palamede,Palamède,Palamède,Palamède; Palamedes,personnage de la mythologie grecque,N/A,,N/A,,N/A,,,,,,,,
GabrielePaleotti,Gabriele,Paleotti,Gabriele Paleotti; Paleotto,cardinal et premier archevêque de Bologne,"prêtre catholique, évêque catholique",1522-10-04,Bologne,1597-07-22,Rome,,,,,,,,
AndreaPalladio,Andrea,Palladio,ANDREA PALLADIO; Andrea Palladio; Andre Palladio; André Palladio; le Palladio; Palladio,architecte vénitien,Italian architect. Comment on works: Architect | A verifier !!,1508-11-00,Padova,1580-08-19,Vicenza,république de Venise,,,,,,,
Pallas,Athéna,Pallas,Athéna; Pallade; Pallas,"déesse de la sagesse, de la guerre et des artistes dans la religion grecque antique et la mythologie grecque","divinité de la guerre, divinité protectrice des artistes, divinité de la sagesse, divinité protectrice des artisans",,mont Olympe,,N/A,,,,,,,,
Palma,famille,Palma,Palmes; Palmi,peintre,,,,,,,,,,,,,
JacopoPalmaIlVecchio,Jacopo,Palma,Jacopo Palma le Vieux; LE VIEUX PALME; le vieux Palme; JACQUES PALME; primo Palmale Palme; i due; Palma; Palme,peintre italien,"Best known as Jacopo Palma il Vecchio, to distinguish him from his grand nephew. Although little is known of his training or early career, after establishing himself in Venice he was a celebrated artist and he had many pupils. His birthdate is calculated on Vasari’s testimony that he died at age 48. | dit Palma il Vecchio ou le Vieux en français",1480-01-01,Bergamo,1528-07-30,Venezia,république de Venise,,,,,,,
JacopoPalmaIlGiovane,Jacopo,Palma,Jacopo Palma le Jeune; Giacomo Palmetta; le jeune Palme; Palmi,peintre italien,"Jacopo Negretti was best known as Jacopo Palma il Giovane; he was the son and pupil of Antonio Palma and the great-nephew of Jacopo Palma, called il Vecchio. He adopted a Mannerist style after spending time in Rome ca. 1567 to ca. 1575. When he returned to Venice, he was also influenced by the works of Veronese and Tintoretto. He was the leading artist in Venice after 1594, receiving commissions from the Venetian government, the Counter-Reformation clergy, and patrons throughout Italy and abroad. | dit Palma il Giovane ou le Jeune en français",1544-01-01,Venezia,1628-10-14,Venezia,république de Venise,,,,,,,
Pamphile,Pamphile,Pamphile d'Amphipolis,Pamphile; Pamphile Macédonien; PAMPHILE.; Pamfille; Panfilo; Panfile; Pamfile,peintre de la Grèce antique,artiste peintre,0390-01-01,Amphipolis,0400-00-00,Pella,,,,,,,,
Panainos,Panainos,Panainos,"Panaeus, Pénée; Fistenato; Pennée; Panæus; Penée",n/a,"artiste peintre | Panaeus, frère de Phidias Penée chez certains auteurs Fistenato chez Zuccari",0450-00-00,N/A,0500-01-01,N/A,Athènes,,,,,,,
Pandrose,Pandrose,Pandrose,Pandrose,personnage de la mythologie grecque,N/A,,N/A,,N/A,,,,,,,,
AntonioMariaPanico,Antonio Maria,Panico,le Panico,peintre italien,,1560,N/A,1620-01-01,N/A,Italie,,,,,,,
UrbainIV,Jacques,Pantaleon,Urbain IV,pape de l’Église catholique de 1261 à 1264,"diplomate, prêtre catholique de rite romain, évêque catholique | Pape sous le nom d'Urbain IV",1185-00-00,Troyes,1264-10-02,Pérouse,France,,,,,,,
OnofrioPanvinio,Onofrio,Panvinio,Onofrio Panvinio; Panvinius,"historien italien, spécialiste de l'Antiquité","bibliothécaire, historien ou historienne de l'Église, archéologue",1530-02-23,Vérone,1568-04-27,Palerme,république de Venise,,,,,,,
GiovanniAntonioParacca,Giovanni Antonio,Paracca,Valsoldo; Giovanni Antonio Valsoldo,"sculptor, active: 1572-1646","aussi connu sous le nom de ""Valsoldo""",,Valsolda,,,,,,,,,,
ClaudeParadin,Claude,Paradin,Claude Paradin; Paradino,humaniste bourguignon,"écrivain ou écrivaine, chanoine | On trouve aussi ""il Paradino"" chez Lomazzo (Idea).",1510-01-01,Cuiseaux,1573-00-00,Beaujeu,royaume de France,,,,,,,
IsabellaParasole,Isabella,Parasole,Isabelle Parasoli,"author, artist, designers, wood engraver","Wife of Leonardo Parasole, who took his wife's family name. Was a wood engraver and author.",1560,Roma,1630,N/A,,,,,,,,
LeonardoParasole,Leonardo,Parasole,,peintre italien,"Took the family name of his wife's more distinguished family, Parasole.",1560-01-01,Rome,1640-01-01,N/A,,,,,,,,
NicolasV,Tommaso,Parentucelli,Nicolas V; Nicolas V.; Nicolo V.,pape de l’Église catholique romaine,"bibliothécaire, prêtre catholique, évêque catholique | Pape sous le nom de Nicolas V",1397-11-15,Sarzana,1455-03-24,Rome,États pontificaux,,,,,,,
MargueriteDeParme,Marguerite de,Parme,Marguerite de Parme; Margueritte Gouvernante des Païs-Bas,duchesse de Parme et Plaisance (1522-1586),"personnalité politique, aristocrate | Fille de Charles Quint",1522-07-05,Audenarde,1586-01-18,Ortona,,,,,,,,
Parrhasios,Parrhasios,Parrhasios,Parrhasios; Parrasio Efesio; Parrhasius; PARRASIUS.; Parrasius; PARRASIUS; Parhasius; Parassius; Parasius; Parrasio,peintre antique,artiste peintre,0500-01-01,Éphèse,0460-00-00,N/A,,,,,,,,
Pasiteles,Pasitélès,Pasitélès,Pasitélès; Pasitelle,sculpteur antique,"sculpteur ou sculptrice, écrivain ou écrivaine",0200-01-01,Grande Grèce,0100-01-01,N/A,Rome antique,,,,,,,
BartolomeoPassarotti,Bartolomeo,Passarotti,Bartolomeo Passarotti,peintre italien,,1529-06-28,Bologna,1592-06-03,Bologna,États pontificaux,,,,,,,
SilvioPasseri,Silvio,Passeri,Silvio Passeri,,académien de l'Accademia degli Intenti de Pavie.,,,,,,,,,,,,
PaulEmileMacedonien,Lucius Aemilius,Paullus,Lucius Aemilius Paullus Macedonicus; Paulo Emilio romano; Paulo Emilio; Paolo Emilio,consul romain en 182 et en 169 av. J.-C.,"homme politique de la Rome antique, militaire romain, officier d'armée de terre | Fils de Paul-Emile.",0228-00-00,Rome antique,0160-00-00,Rome antique,Rome antique,,,,,,,
Pausanias,Pausanias,Pausanias,Pausanias le Périégète; Pausanias; Pausanie,géographe et voyageur de l'Antiquité,"écrivain ou écrivaine, géographe, chroniqueur de voyage",0110-00-00,Asie,0180-00-00,Sicile,,,,,,,,
Pausias,Pausias,Pausias,Pausias; Pausias de Sicionne; Pausone,n/a,artiste peintre,0350-00-00,Sicyone,0400-01-01,N/A,,,,,,,,
HenryPeachamjunior,Henry,Peacham,Henry Peacham; Henrico Peacham,n/a,"écrivain ou écrivaine, pédagogue",1578-00-00,N/A,1644-00-00,N/A,royaume d'Angleterre,,,,,,,
AntoinePech,Antoine,Pech,A. Pech,,,,,,,,,,,,,,
JeanPech,Jean II,Pech,J. Pech,,,,,,,,,,,,,,
QuintusPediusPeintre,Quintus,Pedius,Quintus Pedius; Q Podius; Pedius,peintre romain,artiste peintre,0100-00-00,Rome antique,0013-00-00,N/A,Rome antique,,,,,,,
QuintusPedius,Quintus,Pedius,Quintus; Pedius; Quinto Pedio; Q Podius,,,,,,,,,,,,,,
Peiraikos,Peiraikos,Peiraikos,Peiraikos; Pierico,n/a,"artiste peintre | on trouve aussi Piraeicus, Peiraeicus, Pireico ou Pierico",,N/A,,N/A,,,,,,,,
FrancescoDiPellegrino,Francesco di,Pellegrino,François Pellegrin; Péllegrin,n/a,"artiste peintre, décorateur",1500-00-00,Florence,1552-00-00,Paris,grand-duché de Toscane,,,,,,,
GiovanniFrancescoPenni,Giovanni Francesco,Penni,il Fattore; IL FATTORE; Jean-Francesque Penni; Francesco il Fattoré; Jean Franscesco; Jean-Francesque; Jean Francesque; Jean Francois dit le Fattore; Jean François; IL FATTORE; le Fattore; il Fattore; il Fattoré; Il Fattore; le Fatore; Francois dit le Fatore; Fattore; JEAN-FRANCESQUE PENNI,peintre italien,Italian painter. Comment on works: Religious | dit Giovanni Francesco ou il Fattore,1488-00-00,Firenze,1528-00-00,Napoli,,,,,,,,
LucaPenni,Luca,Penni,Lucas Peni; LUCA PENNI,peintre italien,,1500-01-01,Firenze,1556-01-01,Paris,Italie,,,,,,,
SixteV,Felice,Peretti di Montalto,Sixte V; Sisto quinto,pape de l'Église catholique de 1585 à 1590,"prêtre catholique, diacre de transition, évêque catholique | Pape sous le nom de Sixte V",1520-12-13,Grottammare,1590-08-27,Rome,États pontificaux,,,,,,,
ClaudePerrault,Claude,Perrault,M. Perrault; Perrault,"médecin et architecte français, concepteur de la façade orientale du palais du Louvre",,1613-09-25,Paris,1688-10-09,Paris,royaume de France,,,,,,,
AntoinePerrenotDeGranvelle,Antoine,Perrenot de Granvelle,Antoine Perrenot de Granvelle; cardinale Gran Vela; monsignor d'Arasse,prélat catholique,"prêtre catholique, évêque catholique, collectionneur ou collectionneuse d'œuvres d'art, diplomate, personnalité politique, prêtre | On trouve aussi ""Gran Vela"" chez Lomazzo (Idea).",1517-08-20,Besançon,1586-09-21,Madrid,France,,,,,,,
FrancoisPerrier,François,Perrier,FRANCOIS PERRIER; François Perier; Mr. Perrier; Perrier; Perier; Perrer,peintre et graveur français,Comment on works: Religious; History; Painter; Engraver,1590-01-01,Pontarlier,1650-00-00,Paris,France,,,,,,,
AscanioPersio,Ascanio,Persio,Ascanio Persio,philologue italien de la Renaissance,"linguiste, professeur ou professeure d'université",1554-03-09,Matera,1610-02-01,Bologne,,,,,,,,
Persee,Persée,Persée,Persée; Perseo,héros de la mythologie grecque,N/A | Vérifier s'il s'agit du héros ou d'un autre,,N/A,,N/A,,,,,,,,
BaldassarrePeruzzi,Baldassare,Peruzzi,Balthazar de Peruzzi Senoys; Baldassarre Petrucci; Balthasar; Pe trucci; Baldassarre Peruzzi; Baldessar Petruccio; Baldassare Perruzzi; Balthazar de Sienne; Baldassar Petrucci; BALTHAZAR PERUZZI; Baldazar Petrucci; Baltazar de Siéne; Balthazar Peruzzi; Baldessar Peruzzi; Baltazar Perruzy; Baldassare da Siena; Petrucio; Petrucci,peintre et architecte italien de la Renaissance (1481-1537),"Italian artist, engineer and architect. Comment on works: Religious | On trouve chez Lomazzo la forme ""Baldassar Petrucci"".",1481-03-07,Siena,1536-01-06,Roma,République de Sienne,,,,,,,
SimonePeterzano,Simone,Peterzano,Simone Peterzanni; Petenzano,peintre italien,,1540-01-01,Bergame,1599-00-00,Milan,république de Venise,,,,,,,
Petesuccus,,Petesuccus,Roy Petesuccus,,,,,,,,,,,,,,
JeanPetitot,Jean,Petitot,Jean Petitot,peintre genevois (1607-1691),artiste peintre | peintre genevois (1607-1691),1607-07-12,Genève,1691-04-03,Vevey,République de Genève,,,,,,,
Petrarque,Francesco,Petrarca,Pétrarque; Petrarque,poète et humaniste florentin,N/A,1304-07-19,Arezzo,1374-07-18,Arqua Petrarca,République florentine,,,,,,,
PetrusChristus,Christus,Petrus,; Pierre Cristo,peintre flamand,Pierre Cristo chez Monier,1410-00-00,Baarle-Hertog,1475-00-00,Brugge,Pays-Bas méridionaux,,,,,,,
Phanostrate,Phanostratê,Phanostratê,Phanostratê; Fanostrate,sage-femme et femme médecin grecque du IVe siècle av. J.-C.,"sage-femme, médecin | sage-femme et médecin grecque de l'époque hellénistique",,N/A,0400-00-00,N/A,Athènes,,,,,,,
Phaeton,Phaéton,Phaéton,Phaéton; Fetonte; Phaeton,"personnage de la mythologie grecque, fils d'Hélios foudroyé par Zeus",N/A,,N/A,,N/A,,,,,,,,
Phidias,,Phidias,Phidias; Phidie; Fidias; Fidia,sculpteur grec du Ve siècle av. J.-C.,"sculpteur ou sculptrice, architecte, artiste peintre",0490-01-01,Athènes,0430-01-01,Athènes,Athènes,,,,,,,
GuillaumePhilandrier,Guillaume,Philandrier,Philander; Guillaume Philander; Filandre,"architecte, écclésiastique et ambassadeur","architecte, clerc, humaniste de la Renaissance, écrivain ou écrivaine, diplomate, chanoine, érudit, N/A, philosophe",1505-01-01,Châtillon-sur-Seine,1565-02-18,Toulouse,France,,,,,,,
Philocles,Philoclès,Philocles,Philoclès; Philocles,poète tragique athénien,auteur tragique,,Athènes,,N/A,Athènes,,,,,,,
Phocas,Phocas,Phocas,Phocas; Empereur Focas; Focas,empereur byzantin de 602 à 610,"personnalité politique, militaire",0547-01-01,Thrace,0610-01-01,Constantinople,Empire byzantin,,,,,,,
Phraortes,Phraortès,Phraortès,Phraortès; Phraorte,roi des Mèdes,N/A,0700-01-01,N/A,0633-01-01,N/A,,,,,,,,
Phryne,Phryné,Phryné,Phryné; Phriné,célèbre hétaïre grecque du IVe siècle av. J.-C.,"hétaïre, modèle",0371-00-00,Thespies,0310-00-00,Athènes,Thèbes,,,,,,,
Phylarque,Phylarque,Phylarque,Phylarque; Philarque,historien antique,"historien ou historienne, écrivain ou écrivaine, mythographe",0255-00-00,Athènes,,N/A,,,,,,,,
Phyllis,Phyllis,Phyllis,Phyllis; Philis,personnage de la mythologie grecque,N/A,,N/A,,N/A,,,,,,,,
LouisIPhelypeauxDeLaVrilliere,Louis,Phélypeaux de La Vrillière,Louis Ier Phélypeaux de La Vrillière; Monsieur de la Vrillere,homme politique français,personnalité politique,1599-04-10,N/A,1681-05-25,Bourbonne-les-Bains,France,,,,,,,
PieII,Enea Silvio,Piccolomini,Pie II; Pio secundo; Pie second; secondo,pape catholique,"prêtre catholique, diplomate, écrivain ou écrivaine, professeur ou professeure d'université, poète ou poétesse, historien ou historienne, géographe | Pape sous le nom de Pie II",1405-10-18,Pienza,1464-08-14,Ancône,Saint-Empire romain germanique,,,,,,,
PieIII,Francesco Todeschini,Piccolomini,Pie III; Pio il terzo,pape de l’Église catholique romaine,"prêtre catholique, évêque catholique",1439-06-07,Sarteano,1503-10-18,Rome,États pontificaux,,,,,,,
Picus,Picus,Picus,Picus,personnage de la mythologie romaine,N/A,,N/A,,N/A,,,,,,,,
SaintPierre,Pierre,Pierre,Pierre; Sainct Pierre; Saint Pierre; saint Pierre; San Pietro; S. Pietro; S. Pierre,apôtre du Christ et premier pape de l'Église catholique,"prêtre chrétien, pêcheur ou pêcheuse, évêque catholique | Apôtre",0001-00-00,Bethsaïde,0065-00-00,Rome,,,,,,,,
GiovanniDiPietro,Giovanni,Pietro,Giovanni di Pietro; Pierre Jean Espagnol,peintre espagnol,Comment on works: history | dit Lo Spagna,1450-00-00,Pérouse,1528-00-00,Spolète,Espagne,,,,,,,
PoncePilate,Pontius,Pilatus,Ponce Pilate; Pilate,préfet romain de Judée entre 26 et 36 après J.C,"personnalité politique, haut fonctionnaire ou haute fonctionnaire",0012-12-01,Abruzzes,,Palazuelos de Eresma,Rome antique,,,,,,,
RogerDePiles,Roger de,Piles,Monsieur de Piles; sieur de Piles; De Piles; DE PILES; de Piles; Depiles,"peintre, graveur, théoricien de l'art et diplomate français",Comment on works: Painter; Portrait,1635-10-07,Clamecy,1709-04-05,Paris,France,,,,,,,
GermainPilon,Germain,Pilon,Mr. Pilon; Pilon,sculpteur français,"His major works were executed for the Valois court. Noted for a highly emotional version of the Mannerist style, characterized by elongated, elegant figures with fluid drapery. Comment on works: Sculptor",1525-01-01,Paris,1590-02-03,Paris,France,,,,,,,
MarcoPino,Marco,Pino,"Marco da Siena, Marco di Siena; Marco da Siena; Marc de Siene",peintre italien,Comment on works: religious | dit Pino da Siena ou Pino di Siena,1521-01-01,Siena,1583-01-01,Napoli,,,,,,,,
PaoloPino,Paolo,Pino,Paolo Pino,peintre italien,,1534-00-00,Venezia,1565-00-00,Venise,république de Venise,,,,,,,
Pinturicchio,Pinturicchio,Pinturicchio,Pinturicchio; BERNARDIN PINTURRICHIO; Pinturicchio Perrugin; Pinturrichio,peintre italien du (1454-1513),"Italian painter. Comment on works: religious, mythology | dit Pinturicchio",1454-00-00,Perugia,1513-12-11,Siena,seigneurie de Pérouse,,,,,,,
CorneliusPinus,Cornelius,Pinus,N/A; Cornellius Pinus; Cornelius Pinus,n/a,artiste peintre,0100-01-01,N/A,,N/A,Rome antique,,,,,,,
SebastianoDelPiombo,Sebastiano,Piombo,Sebastiano del Piombo; Frate del Piombo; SEBASTIEN DE VENISE; Frere Bastiano Venitien; Fra-Bastian del Piombo; FRA-BASTIAN DEL PIOMBO; Sebastian dal Piombo; SEBASTIEN DE VENISE; Sebastien Venitien; Frate del Piombo; Fra-Bastian; dal Piombo,peintre italien,Italian painter; ULAN uses the NAF see-reference 'Sebastiano del Piombo' and the approximate date 'ca. 1485-1547' as its preferred form. | dit Sebastiano Viniziano puis Sebastiano del Piombo,1485-01-01,Venezia,1547-06-21,Roma,république de Venise,,,,,,,
Pisanello,Pisanello,Pisanello,Pisanello; VITTORE PISANO,peintre et médailleur italien (1395–1455),"Born by 1395, died ca. 1455. Antonio Pisano, known as Pisanello, was one of the most popular artists of his time. He was born in Pisa or Verona (Italy); his name refers to a Pisan origin. Although he identified himself as a painter in his signatures, he trained as a goldsmith and was an excellent draftsman. He worked at the courts of Mantua, Ferrara, Pavia, Milan, and Naples and was especially beloved by the Gonzaga and Este families. Comment on works: Mythology | dit Pisanello",1395-01-01,Pisa,1455-01-01,Roma,Italie,,,,,,,
AndreaPisano,Andrea,Pisano,Andrea Pisano; André Pisan,sculpteur et architecte italien,"Andrea was born in Pisa, and probably died in Orvieto. He was the son of the Notary Ugolino di Nino and the father of Nino and Tommaso Pisano. In addition to being a goldsmith and sculptor, he was the Master of the Cathedral Works in both Florence and Orvieto, which did not necessarily mean that he was an architect. He is noted for having been influenced by the monumental style of drapery and figures seen in the painting of Giotto, but applying it to relief sculpture. The only documented works by Andrea are the reliefs currently on the bronze doors on the south portal of the Baptistery of Florence. Italian architect and sculptor.",1290-01-01,Pontedera,1348-01-01,Orvieto,,,,,,,,
BonannoPisano,Bonanno,Pisano,Bonnano,sculpteur italien,"Bonanno was the designer of the bronze doors of Pisa Cathedral. Giorgio Vasari, a 16th-century biographer of artists, reports that the so-called Leaning Tower of Pisa was begun by Bonanno Pisano, and he is buried there, but modern research indicates the plan of the tower may have been by Gherardo di Gherardo.",1150-00-00,Pisa,1180-00-00,N/A,Italie,,,,,,,
GiovanniPisano,Giovanni,Pisano,Jean de Pise; Jean Pisan,sculpteur et architecte italien,"Giovanni Pisano was chief architect of Siena, where he carved sculptures for the cathedral. Italian sculptor. Comment on works: sculptor",1248-01-01,Pisa,1315-01-01,Siena,Italie,,,,,,,
NicolaPisano,Nicola,Pisano,Nicolas Pisan,architecte et sculpteur italien,"Italian architect, sculptor.",1225-00-00,Pouilles,1284-00-00,Toscane,,,,,,,,
FraPaolinoDaPistoia,Fra,Pistoia,Fra Paolino da Pistoia,peintre italien,Comment on works: religious,1488-00-00,Pistoia,1547-08-03,Pistoia,République florentine,,,,,,,
BonifacioVeronese,Bonifazio de',Pitati,Bonifacio Veronese; Bonniface Vénitien,peintre italien,dit Veronese,1487-01-01,1487,1553-10-19,1553,république de Venise,,,,,,,
GiovanniBattistaPittoni,Giovanni Battista,Pittoni,Battista Vicentino Giovanni Battista Pittoni il Vecchio; Baptiste Peintre Vicentino,"artist, designers, miniaturists, printmaker",Comment on works: Religious | aussi connu sous le nom de Battista Vicentino,1520-00-00,Vicence,1584-00-00,Vicence,république de Venise,,,,,,,
Platon,,Platon,Platon; Platone; Plato,philosophe grec antique,"philosophe, épigrammatiste, poète ou poétesse, écrivain ou écrivaine, philosophe du droit",0427-05-07,Athènes,0347-00-00,Athènes,Athènes,,,,,,,
ArmandJeanDuPlessisDeRichelieu,Armand Jean du,Plessis de Richelieu,"Richelieu, Cardinal de Richelieu; Cardinal Duc de Richelieu; Cardinale di Richelieu; Cardinal de Richelieu",prélat catholique et homme d'État français,"personnalité politique, diplomate, collectionneur ou collectionneuse d'œuvres d'art, écrivain ou écrivaine, évêque catholique, prêtre catholique | Cardinal (1622), duc de Richelieu (1631), duc de Fronsac (1634), pair de France et principal ministre de Louis XIII.",1585-09-09,Paris,1642-12-04,Paris,royaume de France,,,,,,,
Pline,,Pline,Pline l'Ancien; Plinio il Vecchio; Plinio; Pline; Plin.,"homme politique, naturaliste et philosophe romain du Ier siècle (23 apr. J.-C.-79)","écrivain ou écrivaine, historien ou historienne, naturaliste, militaire, poète ou poétesse, philosophe, historien ou historienne de l'art, fonctionnaire, commandant",0020-00-00,Novum Comum,0079-00-00,Stabies,Rome antique,,,,,,,
Plotine,Plotine,Plotine,Plotine,impératrice romaine et épouse de l'empereur romain Trajan,philosophe,0070-00-00,Nîmes,0121-01-01,N/A,Rome antique,,,,,,,
Plutarque,,Plutarque,Plutarque; Plurarque; Plutarco,"philosophe, biographe et moraliste grec de la Rome antique","essayiste, prêtre, magistrat ou magistrate, biographe, historien ou historienne, écrivain ou écrivaine, philosophe",0040-00-00,Chéronée,0120-00-00,Chéronée,Rome antique,,,,,,,
Pluton,Pluton,Pluton,Pluton,divinité de la mythologie romaine,N/A,,N/A,,N/A,,,,,,,,
CornelisVanPoelenburgh,Cornelis van,Poelenburgh,CORNEILLE POLEMBOURG; Corneille Polembourg,peintre néerlandais,,1594-01-01,Utrecht,1667-08-12,Utrecht,Provinces-Unies,,,,,,,
FrancoisDePoilly,François de,Poilly,Pouilly,"artist, painter",N/A,1590,N/A,1683,N/A,,,,,,,,
DianeDePoitiers,Diane de,Poitiers,Diane de Poitiers; Duchesse de Valentinois,"noble française du XVIe siècle, maîtresse du roi Henri II","dame de compagnie, maîtresse royale",1499-09-03,Saint-Vallier,1566-04-25,château d'Anet,France,,,,,,,
AntonioPollaiuolo,Antonio,Pollaiuolo,Antoine Pollaivoli,"peintre, sculpteur, graveur et orfèvre italien de l'école florentine","Comment on works: religious, mythology",1429-01-17,Firenze,1498-02-04,Roma,République florentine,,,,,,,
PieroPollaiuolo,Piero,Pollaiuolo,Pierre Pollaivoli,peintre italien,"Italian painter and sculptor; brother of Antonio. Comment on works: religious, mythology",1443-00-00,Firenze,1496-01-01,Roma,République florentine,,,,,,,
TrebelliusPollio,Trebellius,Pollio,Trebellius Pollio,historien fictif de l'Histoire Auguste,historien ou historienne,0250-00-00,N/A,0350-00-00,N/A,Rome antique,,,,,,,
Pollux,Dioscures,Pollux,Dioscures; Polluce; Pollux; Polux,personnages de la mythologie grecque,N/A,,N/A,,N/A,,,,,,,,
SigismondIII,Sigismond,Pologne,Sigismond III; Sigismond Roy de Pologne,roi de Pologne et grand-duc de Lituanie (1587-1632) et roi de Suède (1592-1599),"mécène, monarque | Roi de Pologne de 1587 à 1632",1566-06-20,château de Gripsholm,1632-04-30,Varsovie,république des Deux Nations,,,,,,,
Polybe,Polybe,Polybe,Polybe,historien grec du IIe siècle av. J.-C.,"historien ou historienne, militaire, écrivain ou écrivaine",0200-00-00,Mégalopolis,0120-00-00,Grèce,Ligue achéenne,,,,,,,
Polyclete,Polyclète,Polyclète,Polyclète; Policletes; Policleto; Policléte; Polycléte; Policlete; Polyclete,sculpteur grec,sculpteur ou sculptrice,0490-00-00,Argos,0420-00-00,N/A,,,,,,,,
Polydore,Polydore,Polydore,Polydore; Prince Polidore; Polidore; Polidoro,sculpteur antique,sculpteur ou sculptrice,0200-00-00,Rhodes,0200-00-00,N/A,Rhodes,,,,,,,
Polygnote,Polygnote,Polygnote,Polygnote; Polignote de; Poliglote; Polignoto; Polignote,peintre sur vases grec,"peintre sur vases à figures rouges, peintre de vases, peintre de vases attique",0500-01-01,Attique,0500-01-01,N/A,,,,,,,,
Polynice,Polynice,Polynice,Polinice,personnage de la mythologie grecque,N/A,,N/A,,N/A,Thèbes,,,,,,,
Polypheme,Polyphème,Polyphème,Polyphème; Polifemo,"cyclope, fils de Poséidon et de la nymphe Thoôsa, mythologie grecque",N/A,,N/A,,N/A,,,,,,,,
Pomone,Pomone,Pomone,Pomone; Pomona,"nymphe romaine d'une remarquable beauté, divinité des fruits",N/A,,N/A,,N/A,,,,,,,,
Sextus,,Pompeius Festus,Festus Grammaticus,,,,,,,,,,,,,,
NumaPompilius,Numa,Pompilius,Numa Pompilius; Numa Pompilio; Numa Pompile; Numa,deuxième roi légendaire de Rome,"homme politique de la Rome antique, prêtre romain",0753-04-21,Cures Sabini,0671-00-00,N/A,Rome antique,,,,,,,
AmalteoPomponio,Amalteo,Pomponio,Pomponio Amalteo,peintre italien,,1505-01-01,1505,1588-03-09,1588,république de Venise,,,,,,,
Pompee,Pompée,Pompée,Pompée; Pompeo,"consul romain en 70, 55 et 52 av. J.-C.","homme politique de la Rome antique, militaire romain, personnalité politique",0106-09-29,Picenum,0048-09-28,Péluse,Rome antique,,,,,,,
JacquiotPonce,Jacquiot,Ponce,Ponce Jacquiot; Maître Ponce; Me. Ponce,"sculpteur, stucateur et peintre français de la Renaissance",N/A,1515-00-00,Rethel,1571-00-00,Paris,France,,,,,,,
GiovanniDalPonte,"Giovanni, dal",Ponte,GIOVANNI D'A PONTE,peintre italien,Comment on works: religious,1385-01-01,Florence,1438-01-01,Florence,Italie,,,,,,,
EvagriusPonticus,Evagrius,Ponticus,Évagre le Pontique; Evagrius,moine ascétique,"écrivain ou écrivaine, théologien ou théologienne, moine chrétien ou moniale chrétienne, ascète",0345-01-01,N/A,0399-01-01,Ouadi Natroun,Rome antique,,,,,,,
PaulusPontius,Paulus,Pontius,Paul du Pont; Pontius,graveur flamand (1603-1658),Comment on works: Engraver and draughtsman,1603-01-01,Antwerpen,1658-01-01,Antwerpen,Pays-Bas méridionaux,,,,,,,
Pontormo,Giacomo,Pontorno,Pontormo; Giacomo d’a Pontormo; Jacques de Puntorme; JACQUES DE PONTORME; Jacob de Puntorme; Puntorme; Pontorme,peintre italien,"Pontormo was one of the leaders of the Mannerist movement, best known for portraits and religious subjects. He was a painter's son from Pontormo, Italy. When young, he was immersed in High Renaissance artistic ideals as apprentice to Leonardo da Vinci and others in Florence. He developed an agitated emotionalism that was a dramatic departure from his masters' emphasis on balance and tranquility. Hallmarks of his mature Mannerist style include psychic energy over physicality, linear rhythms, restless movement, ambiguous space, and vivid colors. For Pontormo, unlike most of his Florentine contemporaries, Pontormo also studied northern European artists, particularly Albrecht Dürer. During the last ten years of his life, Pontormo became increasingly reclusive and disturbed, shunning even Agnolo Bronzino, who had been like an adopted son to him. | connu sous le nom de Jacopo da Pontormo",1494-05-24,Pontorme,1556-12-31,Firenze,Italie,,,,,,,
Moliere,Jean-Baptiste,Poquelin,Molière; Poquelin de Moliére,auteur,,,,,,,,,,,,,
Porsenna,Porsenna,Porsenna,Porsenna; Porcenna; Porsena,dirigeant étrusque de la fin du VIe siècle av. J.-C.,personnalité politique,0600-01-01,N/A,0500-01-01,Chiusi,Arretium,,,,,,,
GiovanniGiacomoDellaPorta,Giovanni Giacomo della,Porta,Messer Giacomo della Porta; Jean Jacques de la Porte; Giacomo della Porta; Messer Giacomo,"architect, artist, painter, sculptor",Uncle or father of Guglielmo della Porta.,1485-00-00,Porlezza,1555-00-00,Genova,,,,,,,,
GiuseppePorta,Giuseppe,Porta,Salviati il giovane ; Salviatino; Giuseppe Salviati; Giuseppe Porta; Salviati,peintre italien,on trouve également en italien Salviati il giovane ou Salviatino,1520-01-01,,1575-01-01,,république de Venise,,,,,,,
GuglielmoDellaPorta,Guglielmo della,Porta,Guillaume de la Porte,sculpteur italien,Son or nephew of Giovanni Giacomo della Porta. Comment on works: Sculptor; Restorer; Architect,1500-01-01,Porlezza,1577-01-01,Roma,Italie,,,,,,,
GiovanniBattistaDellaPorta,Giovanni Battista,"Porta, della",Giambattista/Giovambattista; Giovanni Battista della Porta,alchimiste et écrivain italien,"cryptographe, mathématicien ou mathématicienne, physicien ou physicienne, chimiste, inventeur, dramaturge, astrologue, philosophe, médecin, astronome | aussi connu sous le nom de ""Giambattista"" et ""Giovambattista""",1535-00-00,Vico Equense,1615-02-04,Naples,,,,,,,,
AntonioPossevino,Antonio,Possevino,Antonio Possevino; Antonii Possevini,père jésuite et diplomate italien,"diplomate, prêtre chrétien, professeur ou professeure d'université",1533-07-10,Mantoue,1611-02-26,Ferrare,États pontificaux,,,,,,,
SaintPotit,Potit,Potit,Saint Potit; Sancti Potiti; S. Potito,Martyr du IIe siècle,N/A,0145-00-00,Sofia,0160-00-00,Tricarico,,,,,,,,
FransPourbusI,Frans,Pourbus,Francesco Purbis; FRANÇOIS POURBUS,peintre flamand,"Painter, son of Pieter Pourbus. His work consists mainly of portraits and religious subjects, although he also executed a number of landscapes and history paintings. He worked mostly for the wealthy patrician class, and his work was instrumental in spreading the Romanism of Frans Floris (his teacher) throughout the Netherlands. Comment on works: history, Portraits",1545-01-01,Brugge,1581-09-29,Antwerpen,Pays-Bas méridionaux,,,,,,,
PieterPourbus,Pieter,Pourbus,Pierre Porbus de Bruges; PIERRE POURBUS,"peintre flamand, sculpteur, dessinateur et cartographe","Dutch painter active in Flanders. He went to Bruges, where in 1543 he became a freeman of the Company of Painters. Married Anna Blondeel 1544 in Bruges. Known as both a cartographer and painter of portraits and religious scenes. He was formerly believed to be a separate person from Pieter Pourbus born 1543, based on flaws in documentation and the vastly different styles of Pieter as cartographer and Pieter as painter.",1523-01-01,Gouda,1584-01-30,Brugge,Pays-Bas méridionaux,,,,,,,
NicolasPoussin,Nicolas,Poussin,M.,peintre français,"Poussin was born into a family of some local distinction in Normandy, where he probably received early training in painting. He spent most of his formative years in Paris, and he then went to Italy by at least 1624. He was a popular and influential painter who successfully subordinated dramatic narrative and the expression of extreme states of human passions to the formal harmony of designs, which were based on the beauty and precision of abstract forms. His work epitomized the contemporary search for equilibrium and synthesis between the forces of the Classical and the Baroque around which most artistic critical debate in Rome was concentrated during the 1630s. F",1594,Les Andelys,1665,Roma,royaume de France,,,,,,,
CassianoDalPozzo,Cassiano dal,Pozzo,Cassiano dal Pozzo; cavaliere del Pozzo; Cavallier del Pozzo,érudit et mécène des arts italien,"scientifique, érudit classique",1588-02-21,Turin,1657-10-22,Rome,,,,,,,,
CharlesPoerson,Charles,Poërson,Charles Person; Person,peintre et dessinateur français,,1609-01-01,Metz,1667-03-05,Paris,France,,,,,,,
Praxitele,,Praxitele,Praxitèle; Praxitelles; Prassitele; Praxiteles; Praxitelle; Prasitele; Praxitele; Praxitéle,sculpteur grec ancien,sculpteur ou sculptrice,0395-00-00,Athènes,0330-00-00,N/A,Athènes,,,,,,,
GirolamoPreti,Girolamo,Preti,Girolamo Preti,italian poet,,1582,Bologna,1626,Barcellona,,,,,,,,
AndreaPrevitali,Andrea,Previtali,Giovanetto Cordeliaghi,peintre italien (1480–1528),Comment on works: religious | dit le Cordeliaghi Giovanetto Cordeliaghi chez Monier ?,1480-00-00,Bergamo,1528-00-00,Bergamo,,,,,,,,
Priam,Priam,Priam,Priam; Priamo,"personnage de la mythologie grecque, dernier roi de Troie",N/A,,N/A,,Troie,Troie,,,,,,,
FrancescoPrimaticcio,Francesco,Primaticcio,Le Primatrice; Le Primatice Abé de saint Martin; François Primatice Boulonnois; le Primaticio Boloigne; Abé de Saint Martin; François Primaticcio; Abé de saint Martin; Primatiste Bolonois; Francois Primatice; FRANCOIS PRIMATICE; Abé saint Martin; le Primaticcio; le Primatice; Le Primatice; Primaticcio; Primaticio; Primatice,peintre italien du XVIe s.,"Primaticcio was the most influential Italian artist in France in the 16th century. Together with Rosso Fiorentino they created a style of mixing stucco decoration with mannerist paintings that became known as the Fontainebleau school. Italian painter, architect and sculptor. Comment on works: Religious; Allegory; History. | dit il Bologna ou le Primatice en français",1504-04-30,Bologna,1570-01-01,Paris,France,,,,,,,
AttiusPriscus,Atticus,Priscus,Attius Priscus; Actius Priscus; Priscus,n/a,artiste peintre,,N/A,,N/A,,,,,,,,
PytheosdePriene,Pitide,Priène,Pithio; Pithio Architetto,architecte grec de l'Antiquité,architecte | on trouve Pithio chez Zuccari,0350-00-00,Priène,0400-01-01,N/A,,,,,,,,
CamilloProcaccini,Camillo,Procaccini,Camillo Procaccini,peintre italien,Italian mural painter. Comment on works: Religious,1561-03-03,Bologna,1629-08-21,Milano,Italie,,,,,,,
ErcoleProcacciniI,Ercole I,Procaccini,Ercole Porcaccino; Ercole Porcacino; Hercule Porcacino,peintre italien,"Painter, he studied with Prospero Fontana and the two artists worked together in Rome in 1551. Active in Parma before 1560 and during part of that decade, in 1569 Ercole is documented back in Bologna. Ercole was active as an officer in the newly formed painters’ guild Compagnia dei Pittori between 1569 and 1585 and its head from January to April 1585, just before he left Bologna. The Procaccini family moved to Milan in the mid-1580s. Comment on works: Religious | dit Ercole Procaccini il Vecchio ou Ercole Procacino",1520-00-00,Bologna,1595-01-01,Milano,Italie,,,,,,,
GiulioCesareProcaccini,Giulio Cesare,Procaccini,Jules Cesar Percacino,peintre et graveur italien,"Painter and sculptor, son of Ercole Procaccini. Having moved to Milan with the rest of the family in the mid-1580s, he trained as a sculptor, perhaps in the workshop of Francesco Brambilla (ii), and then worked (1591–9) for the workshop of Milan Cathedral. Italian painter, printmaker.",1574-00-00,Bologna,1625-11-14,Milano,États pontificaux,,,,,,,
Promethee,Prométhée,Promethee,Prométhée; Promethée; Prometheo; Promethée; Prometeo,personnage de la mythologie grecque,N/A,,N/A,,N/A,,,,,,,,
Proserpine,Proserpine,Proserpine,Proserpine,divinité de la mythologie romaine,N/A,,N/A,,N/A,,,,,,,,
Protagoras,Protagoras,Protagoras,Protagoras; Protagora,philosophe antique,philosophe,0486-00-00,Abdère,0420-00-00,mer Ionienne,,,,,,,,
Protogene,Protogène,Protogene,Protogène; l'antico pittore da Cauno; Protogene da Cauno; Protogéne; Protogenes; Protegene; PROTOGENE; Protogéne; Protogene; Protogine,peintre antique,artiste peintre,0400-01-01,Kaunos,0360-00-00,N/A,,,,,,,,
Protee,Protée,Protée,Protée; Prothée,divinité marine de la mythologie grecque dotée du don de prophétie et du pouvoir de se métamorphoser,N/A,,N/A,,N/A,,,,,,,,
Proxenidas,,Proxenidas,Proxenidas; Proxenide,,,,,,,,,,,,,,
DionDePruse,"Dion, de",Pruse,Dion Chrysostome,philosophe et orateur grec,"orateur ou oratrice, philosophe, écrivain ou écrivaine",0040-00-00,Bursa,0120-00-00,N/A,Rome antique,,,,,,,
Psammetique,Psammétique,Psammétique Ier,Psammétique Ier; Roy Psammaticus; Psammetique,1er pharaon égyptien de la XXVIème dynastie,homme d'État,0700-01-01,N/A,0610-01-01,Taphnis,Égypte antique,,,,,,,
Longin,Pseudo-Longin,Pseudo-Longin,Longin,auteur anonyme du Traité du sublime,"écrivain ou écrivaine, critique littéraire",0100-00-00,N/A,0100-00-00,N/A,,,,,,,,
Psyche,Psyché,Psyché,Psyché; Phiché; Psiche; Psiché,personnage de la mythologie gréco-romaine,N/A,,N/A,,N/A,,,,,,,,
Ptolemee,,Ptolémée,Ptolomée; Ptolemée; Tolomeo; Tolomei,,,,,,,,,,,,,,
DomenicoPucci,Domenico,Pucci,Domenico Pucci,peintre,,,,,,,,,,,,,
LorenzoPucci,Lorenzo,Pucci,Lorenzo Pucci; Cardinal Santi-quatre,prélat catholique,"prêtre catholique, évêque catholique",1458-08-18,Florence,1531-09-16,Rome,États pontificaux,,,,,,,
PierrePuget,Pierre,Puget,Puget de Marseille,"architecte, sculpteur et peintre français","A French sculptor during the reign of Louis XIV, Puget maintained an Italian Baroque style despite that French taste favored more classicizing works. His work is expressive and dramatic. French painter and architect. Comment on works: History; (Sculptor, Architect and Painter)",1620-10-16,Marseille,1694-12-02,Marseille,France,,,,,,,
Pulcherie,Pulchérie,Pulcherie,Pulchérie; Pulcherie,impératrice byzantine,souverain,0399-01-19,Constantinople,0453-07-01,Constantinople,Empire byzantin,,,,,,,
EgidioPusterla,Egidio,Pusterla,Aegidius Pusterla,,Inquisiteur,,,,,,,,,,,,
Putiphar,Potiphar,Putiphar,Potiphar,personnage du Livre de la Genèse,N/A | officier du pharaon,,N/A,,N/A,,,,,,,,
FrancoisDuPuy,François du,Puy,François Du Puy; Mr. François du Puy,n/a,"prêtre catholique, juriste, jurisconsulte, théologien catholique",1450-00-00,Saint-Bonnet-le-Château,1521-09-15,Grande Chartreuse,,,,,,,,
Pygmalion,Pygmalion,Pygmalion,Pygmalion; Pigmalione; Pigmalion,"personnage de la mythologie grecque, sculpteur et roi de Chypre",sculpteur ou sculptrice,,N/A,,N/A,,,,,,,,
Pyrgotele,Pyrgotélès,Pyrgotèle,Pyrgotélès; Pyrgotéle,glypticien antique,glypticien,,N/A,,N/A,,,,,,,,
Pyrrhon,Pyrrhon,Pyrrhon d'Elis,Pyrrhon d'Élis; Pyrron; Pirro; Piron,philosophe cynique du IVe siècle av. J.-Chr.,"philosophe, artiste peintre, écrivain ou écrivaine",0360-00-00,Élis,0270-00-00,N/A,,,,,,,,
Pythagore,,Pythagore,Pythagore; Pythagoras; Pithagore; Pittagora; Pytagore; Pitagora,philosophe et mathématicien grec (vers 580-vers 495 avant JC),"mathématicien ou mathématicienne, philosophe, personnalité politique, écrivain ou écrivaine, musicologue, théoricien ou théoricienne de la musique",0550-00-00,Sámos,0490-00-00,Métaponte,Samos,,,,,,,
Pytheas,Pythéas,Pytheas,Pithius,explorateur grec massaliote,"explorateur ou exploratrice, astronome | Père d'Apelle, Pithius dans le corpus",0359-00-00,Massalia,0289-00-00,N/A,,,,,,,,
Pytis,,Pytis,Pytis,,,,,,,,,,,,,,
ParisMythologie,Pâris,Pâris,Pâris; Paride; Paris; PARIS,"personnage de la mythologique grecque, fils de Priam",gardien de troupeau,,N/A,,N/A,,,,,,,,
Pelopidas,Pélopidas,Pélopidas,Pélopidas; Pelopidas,militaire thébain,"personnalité politique, militaire",0450-00-00,Thèbes,0364-01-01,bataille de Cynoscéphales,Thèbes,,,,,,,
Pelee,Pélée,Pélée,Pélée; Peleo,personnage de la mythologie grecque,personnalité politique,,Égine,,N/A,,,,,,,,
Penee,,Pénée,,,,,,,,,,,,,,,
Penelope,Pénélope,Pénélope,Pénélope; Penelope,personnage de la mythologie grecque,N/A,,N/A,,N/A,,,,,,,,
Pericles,Périclès,Périclès,Périclès; Pericles; Pericle,"homme d'État, orateur et stratège athénien (vers 495-429 avant JC)","personnalité politique, militaire, homme d'État, orateur ou oratrice, officier d'armée de terre",0494-00-00,Athènes,0429-01-01,Athènes,Athènes,,,,,,,
Perugin,Le,Pérugin,Perugin; Pierre de Perouse; Pierre Perrugino; Pierre Perrugin; Pietro Perugino; Piétre Pérugin; Pierre Perugin; PIETRE PERUGIN; Piétre Perugin; Piétre Pérugin; Pierre Perusin; P. Perrugin; le Pérugin; le Perugin; Perugino; Pérugin,peintre italien de la Renaissance,"Perugino was active in Perugia, Florence and Rome in the late 15th and early 16th centuries. He is known for developments in painting style transitional from the early Renaissance to the High Renaissance. He was the teacher of the famous artist, Raphael. He developed a compositional stye combining Florentine figures with Umbrian structure and space; Raphael adopted it and it became popular throughout Europe.",1448-00-00,Città della Pieve,1523-00-00,Fontignano,Italie,,,,,,,
ErasmusIIQuellinus,Erasmus II,Quellinus,ERASME QUILLINUS; Erasme Quillinus; Erasme Quillin,peintre flamand (1607-1678),Comment on works: History; Religious,1607-11-19,Antwerpen,1678-11-07,Antwerpen,Pays-Bas méridionaux,,,,,,,
JacopoDellaQuercia,Jacopo,Quercia,Jacopo della Quercia; Jaques dalla Quercia,artiste italien,Comment on works: sculptor,1374-01-01,Quercegrossa,1438-10-20,Siena,,,,,,,,
CharlesQuint,Charles,Quint,Charles Quint; l'Empereur Charles-Quint; Empereur Charles-Quint; Charles-Quint; Carlo quinto; Charlequint; Charles V,"roi des Espagnes et empereur du Saint-Empire d'origine flamande, au XVIe s.",monarque | Empereur du saint Empire de 1520 à 1558 et Roi d'Espagne de 1516 à 1556,1500-02-24,Gand,1558-09-21,monastère de Yuste,Saint-Empire romain germanique,,,,,,,
QuinteCurce,,Quinte-Curce,Quinte-Curce; Quinte Claude; Quinte Curse; Quinte Curce; Quinte-Curse,historien romain,"historien ou historienne, écrivain ou écrivaine, personnalité politique",0100-00-00,N/A,0050-00-00,province d'Afrique,Rome antique,,,,,,,
Quintilien,Marcus Fabius,Quintilianus,Quintilien; Quintiliano,rhéteur romain,"pédagogue, rhéteur ou rhétrice, poète ou poétesse, avocat ou avocate, enseignant ou enseignante, écrivain ou écrivaine",0035-01-01,Calahorra,0096-01-01,Rome,Rome antique,,,,,,,
Quirinus,Quirinus,Quirinus,Quirinus; Quirino,"ancien dieu romain, faisant partie avec Jupiter et Mars de la triade précapitoline",N/A,,N/A,,N/A,,,,,,,,
Rachel,Rachel,Rachel,Rachel; Rachele,"personnage biblique, fille de Laban",personne au foyer,1729-00-00,N/A,1685-00-00,Canaan,,,,,,,,
JeanRacine,Jean,Racine,Racine,auteur,,,,,,,,,,,,,
LattanzioRagnoni,Lattanzio,Ragnoni,Lattanzio Ragnoni; Lattantio,politicien italien,"juriste, personnalité politique",1509-03-10,Sienne,1559-02-16,Genève,,,,,,,,
MarcantonioRaimondi,Peter,Raimondi,Marc Anthoine Boulognois; Marc-Antoine Bolognois; MARCANTOINE BOLOGNOIS; Marc-Antoine Raimondi; Marcantonio Raimondi; Marc Antoine; Marc-Antoine; Marcantonio,orfèvre et graveur italien,"An important Renaissance engraver, Raimondi's first prints stem from ca. 1500-1505 and show both the influence of Bolognese engravers such as Francia and Lorenzo Costa, as well as Dürer. From ca. 1506-ca. 1508, he was in Venice, making a total of 74 prints after woodcuts by Dürer. During this period, he also made engravings after works by Giorgione and Michelangelo. By ca. 1510, Raimondi was in Rome and had befriended Raphael, who included Raimondi's portrait in his Vatican fresco depicting the Expulsion of Heliodorus. From ca. 1510-1520, Raimondi, influenced by Raphael, primarily engraved designs by the latter and his followers. His style matured, and featured more fluidity in depicting subjects in motion. Raimondi also collaborated with Baviera on prints that, evidence suggest, were reproduced many times. According to Vasari, the 1527 Sack of Rome left Raimondi destitute. His engravings cannot be accounted for beyond that date. Comment on works: copper engraver | ou simplement Marc-Antoine en français",1480-01-01,Molinella,1534-01-01,Bologne,Italie,,,,,,,
AgostinoRamelli,Agostino,Ramelli,Rameli,ingénieur,,1531-00-00,Ponte Tresa,1600-01-01,Paris,,,,,,,,
BartolommeoRamenghi,Bartolomeo,Ramenghi,Bartholomæo d’a Bagna Cavallo; Bartolomée Ramanghi,peintre italien,"He was probably working in the workshop of Francesco Francia in Bologna, ca. 1503. Raphael was the dominant influence on his later works; the claim the Ramenghi assisted Raphael on the decoration of the Vatican Logge is unsubstantiated. Comment on works: Religious",1484-01-01,Bagnacavallo,1542-01-01,Bologna,Bologne,,,,,,,
GiovanniBattistaRamenghi,Giovanni Battista,Ramenghi,Bagnacavallo Jr; Jean-Baptiste Bagnacavallo,peintre italien (1521-1601),,1521-00-00,Bagnacavallo,1601-11-09,Bologne,province de Bologne,,,,,,,
RaphaelArchange,Raphaël,Raphaël,Raphaël; Ange Raphael; Rafaele,archange,N/A,,N/A,,N/A,,,,,,,,
AntoineDeRatabon,Antoine de,Ratabon,Antoine de Ratabon; Monsieur de Ratabon,surintendant général des bâtiments du roi Louis XIV,N/A,1617-01-01,Montpellier,1670-03-12,Paris,France,,,,,,,
Pordenone,Antonio,Regillo,"Pordenone, de' Sacchis; JEAN-ANTOINE REGILLO; Jean Antoine Licinio; Pordenone; Pordemon; PORDENON; Pordenon; Pordénon; Regillo",peintre italien,Italian artist. | dit il Pordenone Jean Antoine Licinio chez Monier,1484-01-01,Pordenone,1539-01-14,Ferrara,république de Venise,,,,,,,
RaffaeleRegio,Raphael,Regius,Raffaele Regio; RAPHAEL D'A REGIO,n/a,"écrivain ou écrivaine, humaniste, philologue",1450-01-01,Bergame,1520-00-00,Venise,république de Venise,,,,,,,
PierreLouisReichDePennautier,Pierre Louis,Reich de Pennautier,Pierre Louis de Reich de Pennautier; Monsieur de Penautier,financier et homme d'affaires français (1635-1711),receveur général du Clergé,1637-00-00,Pennautier,1711-08-02,Montpellier,royaume de France,,,,,,,
Remma,,Remma,Remma,,dieu (assyrien ?) mentionné par Lomazzo,,,,,,,,,,,,
Remus,Rémus,Remus,Rémus; Remus,"frère jumeau du fondateur et premier roi légendaire de Rome, Romulus",N/A,0771-00-00,Albe la Longue,0753-00-00,Rome,Rome antique,,,,,,,
EtienneRendu,Etienne,Rendu,Rendu,peintre français,,1610-00-00,N/A,1670-01-01,Paris,,,,,,,,
IsabelleDeRequesens,Isabelle de,Requesens,Isabelle de Requesens; vice Reyne de Naple,épouse de Raimond de Cardona,"aristocrate | Epouse de Raimond de Cardona, vice-roi de Naples de 1509 à 1522.",1468-00-00,N/A,1535-03-05,Naples,Espagne,,,,,,,
Rhadamanthe,Rhadamanthe,Rhadamanthe,Rhadamanthe; Radamante,personnage de la mythologie grecque,N/A,,N/A,,N/A,,,,,,,,
Rhampsinit,Rhampsinit,Rhampsinit,Rhampsinit; Rhampsinite,nouvelle de Manuscrit de Göttingen,N/A | Roi légendaire,,N/A,,N/A,,,,,,,,
Rhodope,Hémos,Rhodope,Hémos et Rhodope; Rhodopé de Thrace,couple de Thrace dans la mythologie grecque,N/A,,N/A,,N/A,,,,,,,,
Rhut,,Rhut,,,dieu mentionné par Lomazzo,,,,,,,,,,,,
JusepeDeRibera,Jusepe de,Ribera,L'Espagnolet; L’ESPAGNOLET; Lespaignolet; L’Espagnolet; JOS. RIBERA,peintre espagnol,"Ribera is considered one of the most important figures in European painting in the 17th century and the Counter-Reformation. He was Spanish, but spent nearly his entire career in Italy. He was initially influenced by followers of Caravaggio who were active in Rome; he later incorporated stylistic innovations of Venice and Flanders in his own highly personal compositions.",1591-01-12,Játiva,1652-09-03,Napoli,Couronne d'Aragon,,,,,,,
GiovanniBattistaRicci,Giovanni Battista,Ricci,"appelé ""Novara"", ""Navarra""; Giovanni Battista Navarra; Giovan Battista da Novara",peintre,"il Novara, Navarra.",,,,,,,,,,,,
DanieleDaVolterra,Daniele,Ricciarelli,Daniele da Volterra; Daniello Ricciarelli; Daniello da Volterra; Daniel de Volterre; Braghettone; Ricciarel,peintre et sculpteur italien,"Highly talented and individual follower of Michelangelo; influential works include his fresco of the ""Deposition"" and a bust of Michelangelo made from his death mask. Ironically, he is famous for painting draperies over nudes in Michelangelo's ""Last Judgement."" Italian painter, muralist. Comment on works: History | connu sous le nom de Daniele da Volterra, Daniello da Volterra ou il Braghettone",1509-01-01,Volterra,1566-04-14,Roma,Italie,,,,,,,
CarloRidolfi,Carlo,Ridolfi,Carlo Ridolfi; Ridolfi; Ridolsi; Rodolfi,peintre et écrivain italien,N/A,1594-04-01,Lonigo,1658-09-05,Venise,république de Venise,,,,,,,
Rembrandt,"Rembrandt, van",Rijn,Rembrandt; REMBRANT VANREIN; Rimbrant; Rembrant; Rembrans,peintre et graveur néerlandais (1606–1669),"Noted as one of the most popular and influential artists of his period. His work is characterized by the Baroque interest in dramatic scenes and strong contrasts of light on a dark stage. The subjects of his works include paintings, etchings, and drawings of subjects including portraits, landscapes, figures, animals, biblical and secular history and mythology.",1606-07-15,Leiden,1669-10-04,Amsterdam,Provinces-Unies,,,,,,,
AlamannoRinuccini,Alamanno,Rinuccini,Alamanno Rinuccini,n/a,"humaniste, enseignant ou enseignante, helléniste, traducteur ou traductrice",1426-01-01,Florence,1499-01-01,Florence,,,,,,,,
CesareRipa,Cesare,Ripa,Cesar Ripa; Ripa,historien de l'art italien,Italian author.,1555-01-01,Pérouse,1645-01-01,Rome,,,,,,,,
JacopoRipanda,Jacopo,Ripanda,Jaques Ripenda,peintre italien,Italian painter.,1401-00-00,Bologne,1516-01-01,Rome,,,,,,,,
JeanPierreRivalz,Jean-Pierre,Rivalz,Joannes Petrus Rivals; Rivals,peintre et architecte français,Comment on works: Painter; Architect,1625-07-27,Départemente de l'Aude,1706-05-17,Toulouse,France,,,,,,,
RobertRivaudeau,Robert,Rivaudeau,Robert Rivaudeau,,"Ribaudeau, Seigneur de la Guillotière",,,,,,,,,,,,
LucaDellaRobbia,Luca della,Robbia,Luc de la Robbia,sculpteur italien (1399-1482),"Son of Simone di Marco della Robbia, a member of the Arte della Lana, the wool-workers’ guild in Florence. Noted as a pioneer of Florentine Renaissance style; was the founder of a family studio primarily associated with the production of works in enameled terra-cotta. Comment on works: Sculptor, ceramist",1399-07-01,Florence,1482-02-20,Firenze,République florentine,,,,,,,
RobertII,Robert,Robert II,Robert II le Pieux; Roi Robert,roi des Francs de 996 à 1031,personnalité politique | Roi des Francs de 996 à 1031,0972-03-27,Orléans,1031-07-20,Melun,royaume de France,,,,,,,
ErcoleDeRoberti,Ercole de',Roberti,Laurent Hercule de Ferrare,peintre italien,"Scholarship in the past suggested that there were two painters working in Ferrara at this time, with the first name of Ercole. One had been given the name 'de' Roberti', the younger was designated 'Grandi'. However, it is now clear that they refer to the same artist. Comment on works: Portraits; Religious | Ercole Ferrarese Laurent Hercule de Ferrare pour Monier ?",1450-01-01,Ferrara,1496-01-01,Ferrare,,,,,,,,
BattistaRobusti,Battista,Robusti,Battista Robusti,,Père de Jacopo Tintoretto,,,,,,,,,,,,
AlchidiaRodio,Alchidia,Rodio,Alchidia Rodio,,Personnage mentionné par Lomazzo (Idea) qui serait tombé amoureux d'une statue de Praxitèle : l'Aphrodite de Cnide.,,,,,,,,,,,,
MarieDeRohan,Marie de,Rohan,Duchesse de Chevreuse; Madame de Rohan,aristocrate française,dame de compagnie,1600-12-01,Paris,1679-08-12,Gagny,France,,,,,,,
RoisMages,Rois,Rois Mages,Rois mages; i tre Magi; tre Magi,personnages dans l'Évangile selon Matthieu,N/A | Les trois rois mages.,,N/A,,N/A,,,,,,,,
GiovanniFrancescoRomanelli,Giovanni Francesco,Romanelli,Francisco Romanello,peintre italien (1610-1662),Italian painter and tapestry designer. Comment on works: Mythology; Religious,1610-01-01,Viterbe,1662-11-08,Viterbe,Italie,,,,,,,
PaoloRomano,Paolo,Romano,Paolo Romano; Paul Romain,sculpteur et orfèvre italien,N/A | Paolo Tacconi ou Paolo di Mariano ou Paolo di Mariano di Tuccio Taccone,1445-00-00,Sezze,1470-00-00,Roma,,,,,,,,
Romanino,Girolamo di,Romano,Romanino; Gerôme Romanino; le Romanini; Romano,peintre italien,Italian artist. Comment on works: religious | dit Romanino,1485-00-00,Brescia,1562-00-00,Brescia,Italie,,,,,,,
GiulioRomano,Giulio,Romano,Giulio Romano; Julles Romain; JULES ROMAIN; lulio Romano; Jules Romain; Jule Romain; Julio Romano,peintre et architecte italien de la Renaissance,"Giulio Romano was probably apprenticed to Raphael when quite young, and by 1514 he is recorded as Raphael's assistant in the Vatican. His greatest achievements were monumental fresco cycles and architectural projects, which he conceived and oversaw. Giulio's contemporaries particularly praised the facility and inventiveness of his drawing. Most of his career was spent in Mantua, as court artist for Federico II Gonzaga. | dit Giulio Pippi puis Giulio Romano, en français Jules Romain",1499-00-00,Roma,1546-11-01,Mantova,Italie,,,,,,,
SainteFelicite,Félicité de,Rome,Félicité de Rome; Saincte Felicité,n/a,N/A,0101-01-01,Rome,0165-01-01,Rome,,,,,,,,
SaintLaurent,Laurent de,Rome,Laurent de Rome; Sainct Laurent; Sainct Laurens; Santi Lorenzo; San Lorenzo; S. Lorenzo; S. Laurent,saint catholique,diacre catholique,0225-12-31,N/A,0258-08-10,Rome,Rome antique,,,,,,,
Romulus,Romulus,Romulus,Romulus; Romule,fondateur de Rome,"homme politique de la Rome antique, militaire romain",0771-00-00,Albe la Longue,0717-07-05,Rome,Rome antique,,,,,,,
CristoforoRoncalli,Cristoforo,Roncalli,il Pomarancio; Christoforo Roncalli,peintre italien,"As a young man, he worked in Florence and Siena. He later established a career in Rome, first collaborating with Niccolò Circignani, who was also called Il Pomarancio (from the name of their home town) on a fresco cycle depicting the Discovery and Exaltation of the True Cross | connu sous le nome de ""Pomarancio"".",1552-09-08,Pomarancio,1626-05-14,Roma,Italie,,,,,,,
GuillaumeRondelet,Guillaume,Rondelet,Guillaume Rondelet; Rondelet,médecin et naturaliste français,"botaniste, médecin, ichtyologiste, professeur ou professeure d'université, anatomiste",1507-09-27,Montpellier,1566-07-30,Réalmont,France,,,,,,,
JeanBaptisteRondelet,Jean Baptiste,Rondelet,,architecte français,,1743-06-04,Lyon,1829-09-25,Paris,France,,,,,,,
NicoloRondinelli,Nicolo,Rondinelli,Rondinello de Ravenne,"artist, painter",Comment on works: religious | Rondinello de Ravenne pour Monier ?,1450,N/A,1510,N/A,,,,,,,,
PierreDeRonsard,Pierre,"Ronsard, de",Pierre de Ronsard,poète français,,1524-09-11,château de la Possonnière,1585-12-27,La Riche,France,,,,,,,
SalvatorRosa,Salvator,Rosa,Salvator Rose,"peintre, dessinateur et graveur italien (1615 - 1673)","Noted for original artisitic style and subjects, and his extravagant personality. Studied first with Francesco Francanzano, his brother-in-law, later with Ribera and probably with Aniello Falcone. Although he painted figures and other subjects as well, he is best known today for dark, romanticized landscapes and history paintings that had substantial influence from 17th to 19th centuries.",1615-06-20,Napoli,1673-03-15,Roma,Italie,,,,,,,
CosimoRosselli,Cosimo,Rosselli,Cosimo Rosselli; COME ROSSELLI,peintre italien,Comment on works: religious,1439-01-01,Firenze,1507-01-17,Firenze,Italie,,,,,,,
LuigiDeRossi,Luigi de',Rossi,Luigi de' Rossi; Cardinal de Rossi,cardinal de l'Église catholique romaine,"prêtre catholique, évêque catholique",1474-08-06,Florence,1519-08-20,Rome,,,,,,,,
ProperziaDeRossi,Properzia de',Rossi,Properzia de Rossi,sculptrice italienne de la Renaissance,N/A,1490-01-01,Bologne,1530-01-01,Bologne,seigneurie de Bologne,,,,,,,
RossoFiorentino,Rosso,Rosso Fiorentino,Maitre Roux; Maître Rousse; MAISTRE ROUX; Maître Roux; du Rosso; le Rosso; il Rosso; LE ROSSO; Le Roux; le Roux; du Roux; Rosso,peintre et graveur italien,N/A | dit Rosso Fiorentino,1494-03-08,Firenze,1540-11-14,Fontainebleau,Italie,,,,,,,
JanRost,Jan,Rost,"Jan Rostel, Jean Rost, Giovanni Arostos; Giovanni d'Arostos","artist, tapestry weavers, weavers","On trouve aussi ""Jan Rostel"", ""Jean Rost"", et chez Lomazzo le nom italianisé ""Giovanni Arostos"".",1490,Bruxelles,1564,Firenze,,,,,,,,
MartinoRota,Martino,Rota,Martin Rota,graveur et dessinateur italien (1520-1583),Comment on works: Copper engraver; Master draughtsman; Painter; Sculptor; Coppersmith; Artisan; Smith; Engraver; Graphic artist,1520-01-01,Šibenik,1583-01-01,Wien,république de Venise,,,,,,,
HansIRottenhammer,Hans I,Rottenhammer,JEAN ROTENAMER; Rotenamer,peintre allemand (1564–1625),,1564-01-01,Munich,1625-08-14,Augsbourg,Allemagne,,,,,,,
Erasmus,Erasme de,Rotterdam,Érasme; Erasme,écrivain humaniste et théologien néerlandais,"traducteur ou traductrice, philosophe, théologien ou théologienne, essayiste, traducteur ou traductrice de la Bible, écrivain ou écrivaine, latiniste, prêtre catholique de rite romain, professeur ou professeure d'université, N/A",1466-10-28,Rotterdam,1536-07-12,Bâle,Dix-sept Provinces,,,,,,,
Roxane,Roxane,Roxane,Roxane,première épouse d'Alexandre le Grand,N/A,0347-01-01,Bactriane,0310-00-00,Amphipolis,Bactriane,,,,,,,
GiovanniBattistaRozza,Giovanni Battista,Rozza,Monsignor Rozza,,révérend chanoine,,,,,,,,,,,,
AlbertRubens,Albert,Rubens,Albert Rubens,historien et numismate flamand,"philologue, numismate",1614-06-05,Anvers,1657-10-01,Bruxelles,,,,,,,,
JanRubens,Jan,Rubens,Jan Rubens; Jean Rubens,n/a,"avocat ou avocate, haut fonctionnaire ou haute fonctionnaire",1530-03-13,Anvers,1587-03-01,Cologne,Pays-Bas des Habsbourg,,,,,,,
PeterPaulRubens,Peter Paul,Rubens,Rubens; Petrus Paulus Rubenius; PIERRE PAUL RUBENS; Pierre Paul Rubens; Pierre Paul Rubens; P.P. Rubens; Paul Rubens; RUBENS,peintre flamand,"Rubens was an important and influential artist, as well as an international diplomat, successful businessman, devout Catholic, and an intellectual fluent in six languages. After study with local Antwerp painters, Rubens studied in Italy, copying works from antiquity and Renaissance masters. Rubens is famed for an energetic Baroque style that blends northern European realism with the grandeur and monumentality of Italian art. His work is characterized by a free, expressive technique that seemed to captured the feeling of 'joie de vivre.' His workshop was extremely prolific, with its many assistants helping to produce great numbers of paintings of many subjects, book illustrations, tapestry designs, festival decorations, and engraved reproductions of his paintings. He greatly influenced contemporary artists and later generations as well.",1577-06-28,Siegen,1640-05-30,Antwerpen,Pays-Bas espagnols,,,,,,,
PhilipRubens,Philip,Rubens,Philip Rubens; Philippes Rubens; Philippe Rubens,archéologue et philologue anversois,"archéologue, philologue, bibliothécaire",1574-04-27,Siegen,1611-08-28,Anvers,,,,,,,,
CosimoRucellai,Cosimo,Rucellai,Cosimino; Cosimo Rucellai,n/a,"écrivain ou écrivaine | aussi connu sous le nom de ""Cosimino"", homme de lettre appartenant à la famille Rucellai, apparentée la famille de Médicis",1495-01-01,N/A,1519-01-01,N/A,,,,,,,,
PallaRucellai,Palla,Rucellai,Palla Rucellai,,oncle de Cosimino(Cosimo Rucellai.,,,,,,,,,,,,
HuguesDeRudelle,Huges de,Rudelle,de Rudelle,,,,,,,,,,,,,,
FlaviusRufinus,Flavius,Rufinus,Flavius Rufinus; Rufin,consul romain en 392,"personnalité politique, militaire",0335-01-01,Gaule aquitaine,0395-11-27,Constantinople,Rome antique,,,,,,,
QuintusFabiusMaximusRullianus,Quintus,Rullianus,Quintus Fabius Maximus Rullianus; Quintus Fabius Rutilien,consul romain à cinq reprises,"homme politique de la Rome antique, militaire romain",0400-00-00,Rome antique,0300-00-00,Rome,Rome antique,,,,,,,
GirolamoRuscelli,Girolamo,Ruscelli,Alessio Piemontese; Girolamo Ruscelli,écrivain italien,"écrivain ou écrivaine, physicien ou physicienne, alchimiste, cartographe, géographe | Aussi connu sous le pseudonyme d'""Alessio Piemontese"".",1504-00-00,Viterbe,1566-00-00,Venise,république de Venise,,,,,,,
GiovanniFrancescoRustici,Giovanni Francesco,Rustici,Jean-Francesco Rustico; Rustico,sculpteur italien,,1474-01-01,Firenze,1554-01-01,Tours,Italie,,,,,,,
GirolamoRusticucci,Girolamo,Rusticucci,Cardinale Rusticucci; Cardinale Vicario,,,,,,,,,,,,,,
MaryRuthven,Mary,Ruthven,Mary Ruthven,n/a,N/A | Femme de VanDyck,1621-01-01,N/A,1645-00-00,N/A,,,,,,,,
LorenzoSabatini,Lorenzo,Sabatini,Lorenzo Sabadino,peintre italien,"On trouve ""Lorenzo Sabadino"" chez Lomazzo (Idea).",1530-01-01,Bologna,1576-08-02,Roma,,,,,,,,
AndreaSacchi,Andrea,Sacchi,André Sacchi; André Sacci; Sacchi,peintre italien,"Son and pupil of Benedetto Sacchi. He then worked with Francesco Albano and studied Raphael, Polidoro da Caravaggio and the artists of antiquity. He later trained numerous pupils, most notably Lauri, Gazzi and Carlo Maratti. Comment on works: Portrait; History",1599-11-30,Nettuno,1661-06-21,Roma,États pontificaux,,,,,,,
AegidiusSadeler,Aegidius,Sadeler,Gilles Sadeler; Giles Sadeler; G. Sadeler,"print publishers, art dealers, artist, publishers, engraver, dealers, draftsman",N/A,1550,Bruxelles,1619,Frankfurt am Main,,,,,,,,
Sadeler,Famille,Sadeler,les Sadelers; Sadelers,famille de graveurs flamands,N/A,,N/A,,N/A,,,,,,,,
HansSadeler,Hans,Sadeler,Jean Sadeler,graveur flamand (1550-1600),N/A,1550-01-01,Bruxelles,1600-08-01,Venise,Pays-Bas des Habsbourg,,,,,,,
RaphaelSadeler,Raphael,Sadeler,Rafaël Sadeler,"print publishers, court engraver, artist, engraver, printsellers, painter, printmaker",Comment on works: Religious; History,1560-00-00,Antwerpen,1632-01-01,Munich,duché de Brabant,,,,,,,
PieterSaenredam,Pieter,Saenredam,Saenredam,peintre néerlandais (1597-1665),Dutch painter. Comment on works: Architecture; Interiors; Church pieces,1597-06-09,Assendelft,1665-05-31,Haarlem,Provinces-Unies,,,,,,,
SaintCrisant,,Saint Crisant,San Grisante (hypothèse); San Grisante,,"Hypothèse : on trouve ""San Grisante"" chez Lomazzo (Idea).",,,,,,,,,,,,
SaintCome,Côme,Saint Côme,Côme et Damien; Saint Côme; saint Côme,martyrs et saint chrétiens,N/A,,N/A,,N/A,,,,,,,,
SaintDamien,Côme,Saint Damien,Côme et Damien; Saint Damien; saint Damien,martyrs et saint chrétiens,N/A,,N/A,,N/A,,,,,,,,
SaintEtienne,Étienne,Saint Etienne,Étienne; Sainct Estienne; Saint Etienne; saint Etienne; S. Estienne; San Stefano,martyr chrétien,"diacre, victime, N/A, victime de meurtre",0001-00-00,Grèce,0036-01-01,Jérusalem,Judée,,,,,,,
SaintGall,,Saint Gall,San Gallo; Saint Gal,,,,,,,,,,,,,,
SaintGregoireDeNysse,Grégoire,Saint Gregoire de Nysse,Grégoire de Nysse; saint Gregoire de Nisse; Saint Grégoire de Nice; Gregroire de Nice,théologien et père de l’Église,"théologien ou théologienne, prêtre, écrivain ou écrivaine",0335-00-00,Kayseri,0395-00-00,Nevşehir,,,,,,,,
SaintLuc,Luc,Saint Luc,Luc l'Évangéliste; San Luca evangelista; Sainct Luc; Saint Luc; saint Luc; San Luca; san Luca; S. Luca; S. Luc; S.Luc,évangéliste du Nouveau Testament,"médecin, artiste peintre, écrivain ou écrivaine, iconographe, évangéliste | On trouve aussi Luc l'évangéliste.",,Antioche,0084-01-01,Thèbes,,,,,,,,
SaintMarc,Marc,Saint Marc,Marc; saint Marc; Saint Marc; San Marco; S. Marco,évangéliste du Nouveau Testament,prêtre chrétien,0012-00-00,Palestine,0068-04-25,Alexandrie,Rome antique,,,,,,,
SaintPaul,,Saint Paul,Paul de Tarse; Sainct Paul; Saint Paul; saint Paul; San Paulo; S. Paulo; S.Paolo; S. Paul,apôtre et missionnaire des premiers chrétiens (vers 5 après J.-C. – vers 64/65),"écrivain ou écrivaine, théologien ou théologienne, missionnaire, religieux ou religieuse orthodoxe, rabbin, voyageur ou voyageuse, artisan ou artisane",0005-00-00,Tarse,0066-00-00,Rome,Rome antique,,,,,,,
SaintSebastien,saint,Saint Sebastien,saint Sébastien; San Sebastiano; Santissimo Sebastiano; Saint Sebastien,saint martyr romain dans la religion catholique,soldat,0255-00-00,Narbonne,0287-01-20,Rome,Rome antique,,,,,,,
MaximilienII,Maximilien II,Saint-Empire,Maximilien II du Saint-Empire; Empereur Maximilien II; Massimigliano II,"roi des Romains, roi de Hongrie et de Bohême",empereur | Empereur du saint-Empire de 1564 à 1576,1527-07-31,Vienne,1576-10-12,Ratisbonne,archiduché d'Autriche,,,,,,,
SainteVeronique,Véronique,Sainte Véronique,"La ""pia donna""; Santa Veronica Vergine",sainte,N/A,0001-01-01,N/A,0001-00-00,Soulac-sur-Mer,,,,,,,,
AndreaSalaino,Andrea,Salaino,Gian Giacomo Caprotti ; Andrea Saladino; Andrea Salaino,peintre italien,"ou Andrea Saladino, Gian Giacomo Caprotti",1480-01-01,Milano,1524-01-19,Milano,,,,,,,,
Salomon,Salomon,Salomon,Salomon; Salomone,personnage biblique,"monarque, prophète de l'islam",0990-00-00,Palestine,0931-01-01,Jérusalem,Monarchie unifiée d'Israël et Juda,,,,,,,
FrancescoSalviati,Francesco,Salviati,Francesco Salviati; François Salviati; FRANCOIS SALVIATI; le Salviati; Le Salviati; Salviati,peintre italien,"Francesco de' Rossi was called ""Il Salviati"" because Cardinal Giovanni Salviati was an early patron. Son of a velvet weaver, Francesco was at first apprenticed to a goldsmith then to painters. He was a leading member of the generation of Florentine painters after Pontormo and Rosso Fiorentino; known for his elegant, complex High Mannerist style. Comment on works: Religious; classical mythology | dit Francesco Salviati",1510-01-01,Firenze,1563-11-11,Roma,duché de Florence,,,,,,,
GiovanniSalviati,Giovanni,Salviati,Giovanni Salviati; Cardinal Salviati; Cardinal Salvinti,prélat catholique,"prêtre catholique, diplomate, évêque catholique",1490-03-24,Florence,1553-10-28,Ravenne,,,,,,,,
AntonMariaSalvini,Anton Maria,Salvini,Antonio Maria Salvini; ANTON MARIA SALVINI,écrivain italien (1653-1729),"traducteur ou traductrice, érudit classique, écrivain ou écrivaine, naturaliste",1653-01-12,Florence,1729-05-17,Florence,,,,,,,,
OrazioSammacchini,Orazio,Sammacchini,Ferrari,peintre italien (1532-1577),"On trouve aussi ""Orazio Somachino"" chez Lomazzo (Idea).",1532-12-20,Bologna,1577-06-12,Bologna,Italie,,,,,,,
TheodoreDeSamos,Théodore,Samos,Theodore de Samos,architecte grec,"sculpteur ou sculptrice, architecte",0550-00-00,Sámos,,N/A,,,,,,,,
TheonDeSamos,"Théon, de",Samos,Théon de Samos; Théon de Samôs; Theon de Samos; Téon de Samôs; Théon Samien,peintre antique,artiste peintre,,Samos,0400-00-00,N/A,,,,,,,,
LucienSamosate,"Lucien, de",Samosate,Lucien; Luciano,"philosophe, biographe et satiriste grec de l'Antiquité","écrivain ou écrivaine, satiriste, philosophe, biographe, poète ou poétesse",0120-00-00,Samosate,0200-00-00,Athènes,,,,,,,,
JoachimVonSandrart,"Joachim, Von",Sandrart,JOACHIM SANDRART; Sandrart; Sandrat,"author, biographers, artist, court painter, art historian, writers, art theorist, engraver, collector, draftsman, painter, printmaker","Sandrart came from a family of Calvinist refugees from Wallonia. He was a primary figure in 17th-century German painting, although he is best-known for biographical writings in the ""Teutsche Academie."" Comment on works: Religious; Portraits; History",1606-05-12,Frankfurt am Main,1688-10-14,Nürnberg,Francfort-sur-le-Main,,,,,,,
LorenzSandrart,Lorenz,Sandrart,Lorenz Sandrart; Laurent Sandrart,n/a,marchand | Père de Joachim von Sandrart,1567-01-01,Valenciennes,1629-01-01,Francfort-sur-le-Main,,,,,,,,
AntonioDaSangalloIlVecchio,Antonio Giamberti da,Sangallo,Antonio da Sangallo le Vieux; Antoine de Sangallo,architecte italien,"Son of Francesco Giamberti (1404-1480), woodcarver and decorator. Italian architect; known as ""the elder""; younger brother of Giuliano. | dit Antonio da Sangallo il Vecchio, le Vieux en français",1455-00-00,Firenze,1534-12-27,Firenze,Florence,,,,,,,
BastianoDaSangallo,Bastiano da,Sangallo,L'Aristotele; Aristote de saint Gal,peintre italien,Italian architect and artist. | dit Aristotile ou l'Aristotele en français,1481-01-01,Firenze,1551-05-31,Firenze,,,,,,,,
FrancescoDaSangallo,"Francesco, da",Sangallo,François de Sangalle,sculpteur italien,"Italian architect, sculptor. Comment on works: sculptor; architect",1494-03-01,Florence,1576-02-17,Florence,,,,,,,,
GiulianoDaSangallo,Giuliano da,Sangallo,Giuliano da Sangallo; Juliano di san Gallo; Julien de Sangallo,"architecte, ingénieur militaire et sculpteur italien (1445-1516)","Son of Francesco Giamberti (1404-1480), woodcarver and decorator. Italian architect; older brother of Antonio da Sangallo (ca. 1455-1534 or 5).",1445-01-01,Firenze,1516-01-01,Firenze,,,,,,,,
Sango,,Sango,Sango,,Divinité mentionnée par Lomazzo (Idea).,,,,,,,,,,,,
MicheleSanmicheli,Michele,Sanmicheli,Michel san Michel; Michel Som Michel,architecte italien,N/A,1484-01-01,Verona,1559-01-01,Verona,république de Venise,,,,,,,
JacopoSannazaro,Jacopo,Sannazaro,Sannazzar; Sannazar,auteur,,,,,,,,,,,,,
AndreaSansovino,Andrea,Sansovino,Andrea Sansovino; André Contucci,sculpteur italien,"Italian architect and sculptor, Monte San Savino. Comment on works: sculptor | dit Sansovino",1467-01-01,Monte San Savino,1529-01-01,Monte San Savino,,,,,,,,
SantaDaria,Crisant,Santa Daria,Crisant et Daria (saints); Santa Daria,n/a,N/A,,N/A,,N/A,,,,,,,,
Santi,,Santi,Santi,,divinité antique selon Lomazzo,,,,,,,,,,,,
GiovanniSanti,Giovanni,Santi,Jean de Santi,peintre italien,Comment on works: religious,1435-01-01,Colbordolo,1494-08-01,Urbino,Italie,,,,,,,
Raphael,Raffaello,Sanzio,Raphael; Raffaello Sancio da Urbino; Raphaël Sancio d’Urbin; Raphaël Sansio d'Urbin; RAPHAEL SANSIO D'URBIN; RAPHAEL SANSIO d'URBIN; Raphaël Sanzio d'Urbin; Rafaël Santio d’Urbin; Raffaello d'Urbino; Rafaello di Urbino; l’Illustre d’Urbin; Raffaello Santio; Raphaeli Sanctio; Raffael d’Urbino; Rafaël d’Urbain; RAPHAEL d’URBIN; Rafael d’Urbino; Raphael d’Urbin; Raphaël d'Urbin; Rafaelli Santio; Rafaello Sancio; Raphaël d’Urbin; Raphael d'Urbin; Rafaël d’Urbin; Raphaël Sansio; RAPHAEL SANZIO; RAPHAEL SANSIO; Rafael d’Urbin; Raphaël Santio; Raphaël Santio; Rafael Urbino; Raphael Urbin; Rafaël Sanzio; Raffaello; Raphaelle; Rafaelli; Raphaël; Raphaëls; Rafaelle; Rafaello; RAPHAËL; RAPHAEL; Rafaele; Rafaeli; Raphaël; Sanzio; Rafael; Rafaël; Santio; R. S.,peintre et architecte italien de la Renaissance (1483–1520),"Famed and influential Renaissance painter, noted for paintings of great beauty and harmony. His work epitomized Renaissance ideals of balance and ideal forms. His later works exhibit an interest in movement and emotion in narratives. He is best known for religious subjects, portraits, and historical scenes. He died young, at age 37. He was born 26 or 20 March 1483, and died 6 April 1520. He was trained as a painter; he entered the workshop of Perugino in Peugia ca. 1500. He went to Florence in 1504 and to Rome probably in 1508. In 1514, Raphael was appointed ""magister operis"" in charge of the building of St. Peter's. In the six subsequent years, until his death in 1520, he directed for Pope Leo X some of the main works in Rome, including the Vatican Palace (1514-1515) and the Villa Madama (from 1518), and carried on architectural activity for various patrons.",1483-04-06,Urbino,1520-04-06,Roma,Saint-Empire romain germanique,,,,,,,
Sappho,,Sappho,Sappho; Sapho,poétesse lyrique grecque de l'Antiquité,"poète ou poétesse, compositeur ou compositrice, auteur, écrivain ou écrivaine",0650-00-00,Érèse,0550-00-00,Leucade,Mytilène,,,,,,,
Sarapis,Sarapis,Sarapis,Sérapis; Serapis; Serapi,divinité gréco-égyptienne syncrétique créée à l'époque hellénistique par Ptolémée Ier,N/A | Divinité gréco-égyptienne. On trouve aussi Sérapis.,,N/A,,N/A,,,,,,,,
JacquesSarazin,Jacques,Sarazin,Monsieur Saresin; Sarrazin,sculpteur français,French sculptor and painter. French sculptor. Comment on works: History; Mythology; Religious; Sculptor,1592-01-01,Noyon,1660-12-03,Paris,France,,,,,,,
AndreaDelSarto,Andrea del,Sarto,André del Sarte; Andrea del Sarto; André del Sarto; Andre del Sarto; ANDRE DEL SARTE; André del Sarte; André Del Sarto; André del Sarto; André Delsarto; Andre Delsarto; Sarto,peintre italien,"Andrea was the leading painter in Florence in the early 16th century. He was influenced by Leonardo da Vinci, Fra Bartolommeo, Michelangelo and Raphael. He developed his own version of the classical style of the High Renaissance, anticipating some qualities of Mannerism. He is noted for paintings of religious themes and portraits.",1487-07-16,Firenze,1530-09-29,Firenze,Italie,,,,,,,
Sasabassar,,Sasabassar,Sasabassar,,,,,,,,,,,,,,
Saturne,Saturne,Saturne,Saturne,dieu de la mythologie romaine,N/A,,N/A,,N/A,,,,,,,,
DenisSauvage,Denis,Sauvage,Denis Sauvage; DENIS SAUVAGE.,traducteur français,"linguiste, traducteur ou traductrice, historien ou historienne",1520-00-00,N/A,1587-01-01,N/A,France,,,,,,,
HonoreIII,Cencio,Savelli,Honoré III,pape de l’Église catholique de 1216 à 1227,prêtre catholique | Pape sous le nom d'Honoré III,1148-01-01,Rome,1227-03-18,Rome,,,,,,,,
JacobISavery,Jacob I,Savery,Jacques Savery,peintre flamand (1566-1603),,1560-01-01,Kortrijk,1603-01-01,Amsterdam,Provinces-Unies,,,,,,,
RoelandtSavery,Roelandt,Savery,ROLAND SAVERY; Roland Savery; Roland Savary; Saveri,peintre et graveur flamand (1576-1639),Comment on works: Mythology; Landscapes; Animals; Flowers,1576-01-01,Kortrijk,1639-00-00,Utrecht,Pays-Bas des Habsbourg,,,,,,,
CharlesEmmanuelIer,Charles-Emmanuel de,Savoie,Charles-Emmanuel Ier; Carlo Emanuello Duca di Savoia; Charles Emanuel Duc de Savoye; Carlo Emanuele duca di Savoia; Charles Emanuel de Savoye; Charles Emanuel; Duca di Savoia; CARLO EMANUEL,duc de Savoie,"dessinateur ou dessinatrice, monarque | Prince de Piémont et Duc de Savoie",1562-01-12,Rivoli,1630-07-26,Savillan,duché de Savoie,,,,,,,
MauriceDeSavoie,Maurice de,Savoie,Maurice de Savoie; Prince Cardinal de Savoye; Le Prince Maurice; MAURICE DE SAVOYE; Maurice De savoye,"Cardinal, fils du duc de Savoie","clerc catholique romain, prêtre chrétien",1593-01-10,Turin,1657-10-04,Turin,duché de Savoie,,,,,,,
Savonarole,Jerôme,Savonarole,Jérôme Savonarole; Jerôme Savonarole,"frère dominicain, dirigeant de la République de Florence","personnalité politique, philosophe, religieux ou religieuse catholique, écrivain ou écrivaine, prédicateur, théologien ou théologienne, N/A",1452-09-21,Ferrare,1498-05-23,Florence,duché de Ferrare,,,,,,,
LouisSavot,Louis,Savot,Savot,humaniste bourguignon,,1570-00-00,,1640-00-00,,royaume de France,,,,,,,
JosephJusteScaliger,Joseph Juste,Scaliger,Joseph Juste Scaliger; Scaliger,"historien, philologue, chronologiste et historien français","historien ou historienne, écrivain ou écrivaine, archéologue, traducteur ou traductrice, professeur ou professeure d'université, érudit classique, poète ou poétesse, numismate, philologue, chronologiste",1540-08-05,Agen,1609-01-21,Leyde,royaume de France,,,,,,,
VincenzoScamozzi,Vincenzo,Scamozzi,le Scammozzi; le Scamozzi; Scamozzi,architecte,"Born 2 September 1548; died 7 August 1616. Son of Gian Domenico Scamozzi (1526-1582), architect. Wrote ""L'Idea della Architettura Universale"" in 1615.",1548-09-02,Venezia,1616-08-07,Venezia,république de Venise,,,,,,,
LucaSchiavone,Luca,Schiavone,Luca Schiavone,tapissier,,,,,,,,,,,,,
CorneilleSchut,Corneille,Schut,CORNEILLE SCHUT,peintre flamand,,1597-05-13,Antwerpen,1655-04-29,Antwerpen,Pays-Bas des Habsbourg,,,,,,,
ChristophSchwarz,Christoph,Schwarz,CHRISTOPHLE SCHOUARTS,peintre allemand,,1545-00-00,München (Kreisfreie Stadt München),1592-04-15,München (Kreisfreie Stadt München),Allemagne,,,,,,,
ScipionAsiatique,Lucius Cornelius,Scipio Asiaticus,Scipion l'Asiatique; Lucius Scipion l'Asiatique,consul romain en 190 av. J.-C.,"homme politique de la Rome antique, militaire romain | Lucius Cornelius Scipio Asiaticus",0230-00-00,Rome antique,0183-01-01,N/A,Rome antique,,,,,,,
ScipionAfricain,Scipion,Scipion l'Africain,Scipion l'Africain; Scipion l’Africain; Scipione; Scipion,général et homme d'État romain,"homme politique de la Rome antique, militaire romain",0235-00-00,Rome antique,0183-00-00,Linterne,Rome antique,,,,,,,
Scopas,Scopas,Scopas,Scopas; Scopa,sculpteur grec de l'Antiquité,"sculpteur ou sculptrice, architecte",0395-00-00,Páros,0350-01-01,N/A,,,,,,,,
JanVanScorel,Jan van,Scorel,JEAN SCHOREL; Jean Schorel; Schorel,peintre néerlandais,francisé Jean Schorel,1495-08-01,Schoorl,1562-12-06,Utrecht,Pays-Bas des Habsbourg,,,,,,,
OrazioScotti,Orazio,Scotti,Horace Scotti,,Protecteur de Giovanni Lanfranco,,,,,,,,,,,,
GastonDeSecondatDeMontesquieu,Gaston de,Secondat de Montesquieu,Baron de Montesquieu,,,,,,,,,,,,,,
DanielSeghers,Daniel,Seghers,DANIEL SEGRE,peintre flamand (1590-1661),,1590-12-03,Antwerpen,1661-11-02,Antwerpen,Pays-Bas des Habsbourg,,,,,,,
GerardSeghers,Gerard,Seghers,GERARD SEGRE; Gerard Segre,peintre flamand,,1591-03-17,Antwerpen,1651-03-18,Antwerpen,Pays-Bas des Habsbourg,,,,,,,
AntonioSegni,Antonio,Segni,Antonio Segni,,dataire du pape Jules II,,,,,,,,,,,,
Selit,,Selit,,,dieu mentionné par Lomazzo,,,,,,,,,,,,
GirolamoDaCarpi,Girolamo,Sellari,Girolamo da Carpi; Jerôme de Carpi,peintre italien,N/A | dit Girolamo da Carpi,1501-01-01,Ferrara,1556-08-01,Ferrara,,,,,,,,
OttavioSemino,Ottavio,Semino,Ottavio Semino,peintre italien,,1527-00-00,Genova,1604-01-01,Milano,république de Gênes,,,,,,,
SeptimeSevere,Septime,Septime Sévère,Septime Sévère; Settimius,empereur romain de 193 à 211,"personnalité politique, militaire, empereur",0146-01-01,Leptis Magna,0211-02-04,Eboracum,Rome antique,,,,,,,
LuciusSeptimius,Lucius,Septimius,Lucius Septimius; Lucio Settimio,traducteur en latin de l'Éphéméride de la guerre de Troie de Dictys de Crète,"écrivain ou écrivaine, traducteur ou traductrice | l'un des principaux assassins de Pompée.",,N/A,,N/A,Rome antique,,,,,,,
VincenzoSeregni,Vincenzo,Seregni,"Vincenzo da Seregno, Vincenzo dall'Orto; Vincentio Seregni",italian architect and sculptor.,,1504-01-01,Seregno (MI),1594-01-01,Milano,,,,,,,,
SebastianoSerlio,Sebastiano,Serlio,Sabastiano Serlio; Sebastiano Serlio; Sebastien Serlio; Sebastian Serlio; Sébastien Serlio; le Serlio; Le Serlio; Serlio,architecte italien et théoricien de l'architecture,"Italian architect and theorist who began his career as a painter. After a period of study in Rome, he moved to Venice, where he established his reputation as an architectural adviser. In 1541, Serlio moved to France, where he was appointed consultant for the architecture and decoration of the castle Fontainebleau and for the king's other castles. His only complete buildings were executed in France. He was the author of the highly influential ""L'archittetura, "" published posthumously in 1584, one of the first architectural treatises in a modern language that was printed with illustrations in sixteenth-century Europe. Italian architect. Comment on works: painter; architect",1475-09-06,Bologna,1554-00-00,Fontainebleau,Italie,,,,,,,
AbelServien,Abel,Servien,Abel Servien; Servient,homme d'État et diplomate français,"homme d'État, diplomate",1593-11-01,Biviers,1659-02-17,Meudon,royaume de France,,,,,,,
CesareDaSesto,"Cesare, da",Sesto,Cesare de Sesto; Cesare da Sesto; Cesare Sesto; Sesto,peintre italien,,1477-01-01,Sesto,1523-07-27,Milan,Allemagne,,,,,,,
SethBible,Seth,Seth,Seth; Set,personnage biblique,prophète ou prophétesse | Troisième fils d'Adam et Eve,3874-00-00,N/A,2958-00-00,N/A,,,,,,,,
Seth,Seth,Seth,Seth; Seht,divinité égyptienne,N/A | dieu égyptien,,N/A,,N/A,,,,,,,,
PaoloSfondrati,Paolo,Sfondrati,N/A; Signor Barone; Barone,n/a,"fonctionnaire, diplomate",1538-11-20,Milan,1587-04-00,Turin,,,,,,,,
FrancescoSforza,Francesco,Sforza,Francesco Sforza; Francesco Sforza primo; François Sforce; Moro,"chef de guerre italien, devenu duc de Milan (1401-1466)",condottiere | Duc de Milan de 1450 à 1466,1401-07-23,San Miniato,1466-03-08,Milan,duché de Milan,,,,,,,
FrancescoMariaSforza,Francesco Maria,Sforza,Francesco II Maria Sforza; ultimo Duca de gli Sforci,"duc de Milan, 1521-24, 1525-35","monarque, monarque | Duc de Milan de 1521 à 1524, de 1525 à 1526 puis de 1529 à 1535. Aussi connu sous le nom de ""Francesco II Maria Sforza"".",1495-02-04,Milan,1535-10-24,Vigevano,,,,,,,,
LudovicoSforza,Ludovico Maria,Sforza,Ludovic Sforza; Louis dit le Maure; Lodovico il Moro; Lodovico Sforza; detto il Moro; duca Lodovico; Louys le More; Louis Sforse,duc de Milan,"homme d'État, duc, personnalité politique, mécène | dit le Maure Duc de Milan",1452-07-27,Vigevano,1508-05-27,Loches,,,,,,,,
CostanzaSforza,Costanza,Sforza di Santa Fiora,Costanza Sforza; Duchessa di Sora,n/a,N/A | duchesse de Sora,1558-09-00,N/A,1617-01-22,Sora,duché de Milan,,,,,,,
AndreaSguazzella,Andrea,Sguazzella,André Squarzzella; Andrea Squazella,peintre italien,N/A,1477,N/A,1587,N/A,Italie,,,,,,,
Sibylle,sibylle,Sibylle,sibylle; Sibille,prophétesse grecque aux oracles énigmatiques,N/A,,N/A,,N/A,,,,,,,,
GirolamoSiciolante,Girolamo,Siciolante,Jerôme Siciolante de Sermontte; Geronimo da Sermoneta,peintre italien,Probably an apprentice to Leonardo Grazia. Italian painter. Comment on works: religious,1521-01-01,Sermoneta,1575-01-01,Roma,Italie,,,,,,,
CallirrhoeDeSicyone,"Callirrhoé,de",Sicyone,Kora de Sicyone; Corinthia; fille de Sicyone,fille du sculpteur Boutadès,"artiste peintre | Kora de Sicyone, dite encore la fille de Boutadès",,Sicyone,,N/A,,,,,,,,
Lysippe,"Lysippe, de",Sicyone,Lysippe; Sicionien Lisipe; Lisippo; Lisippe; Lisipe,sculpteur et bronzier grec du IVe siècle av. J.-C,"sculpteur ou sculptrice, bronzier ou bronzière, architecte",0390-00-00,Sicyone,0300-00-00,N/A,Sicyone,,,,,,,
BarnaDaSiena,"Barna, Da",Siena,BERNA DE SIENNE,peintre italien supposé,Comment on works: Religious,1350-00-00,Sienne,1380-00-00,N/A,République de Sienne,,,,,,,
Sigismond,Sigismond,Sigismond,San Sigismondo; S. Sigismondo,roi des Burgondes (516-523) et saint chrétien,"monarque | Roi des Burgondes de 516 à 523. Il est le premier roi ""barbare"" à être canonisé par l'Eglise catholique et l'Eglise orthodoxe.",0475-00-00,N/A,0524-05-01,Orléans,Royaume de Bourgogne,,,,,,,
SigismondI,Sigismond,Sigismond Ier,Sigismond Ier de Pologne; Sigismond de Pologne,roi de Pologne et grand-duc de Lituanie (1506-1548),monarque | Roi de Pologne de 1506 à 1548,1467-01-01,Kozienice,1548-04-01,Cracovie,Royaume de Pologne,,,,,,,
LucaSignorelli,Luca,Signorelli,LUCAS SIGNORELLI; LUCA SIGNORELLI; Luca Signorelli,peintre italien,"Italian painter from Cortona and an older relative of Vassari. Signorelli's style is bold with clear outlines and an emphasis on pronounced muculature. His best-known works are the frescoes that depict the Apocalypse at the chapel of S. Brizio, Orvieto cathedral, 1499-1502. These works influened Michelangelo's ""Last Judgement."" Italian artist. Comment on works: religious",1450-00-00,Cortona,1523-10-16,Cortone,République florentine,,,,,,,
IsraelSilvestre,Israel,Silvestre,Israel Silvestre,"dessinateur, graveur et collectionneur d’art lorrain","Israël Silvestre was one of the most important designers of topographical views of buildings active during the reign of Louis XIV. He was received into the Royal Academy in 1670. He was appointed in 1667 'dessinateur du Roy' and he was given a residence in the Louvre in 1669. In 1673, he was drawing master of the Dauphin's children. He is known for his drawings and engravings of the Royal Residences. Artist. Comment on works: Draughtsman; engraver; Landscapes; Architecture",1621-08-13,Nancy,1691-10-11,Paris,France,,,,,,,
Silene,Silène,Silène,Silène; Pere Silene; Silene,divinité de la mythologie grecque,N/A,,N/A,,N/A,,,,,,,,
Simandio,,Simandio,Simandio,,Personnage (égyptien ?) décrit par Diodoro. Vérifier s'il s'agit d'un personnage légendaire ou réel.,,,,,,,,,,,,
GabrielSimeoni,Gabriel,Simeoni,"Gabriel Symeoni, Gabriel Syméon, Gabriello Simeoni; Simeoni",humaniste florentin,"écrivain ou écrivaine, poète ou poétesse, historien ou historienne, traducteur ou traductrice | On trouve aussi ""Gabriel Symeoni"", ""Gabriel Syméon"" et ""Gabriello Simeoni"".",1509-07-25,Florence,1575-01-01,Turin,,,,,,,,
Diogene,"Diogène, de",Sinope,Diogène de Sinope; Diogene Atenien; Diogenes; Diogene,philosophe grec de l'Antiquité associé à l'école cynique,philosophe,0412-00-00,Sinope,0323-00-00,Corinthe antique,Sinope,,,,,,,
SixteII,Sixte,Sixte II,Sixte II; S. Sixte,"24e pape, martyr sous Valériens en 258",prêtre catholique,0215-00-00,Grèce,0258-08-06,Rome,,,,,,,,
FransSnyders,Frans,Snyders,Sneïdre,peintre flamand,"Franz Snyders studied with Pieter Breughel the Younger in 1593 and perhaps with Hinrock van Balen. He was made a master of the Antwerp guild in 1602, and went to Italy in 1608, returning to Antwerp from Milan the following year. He married Margaretha de Vos, the sister of Cornelis and Pieter de Vos, and soon acquired a reputation. Van Dyck considered him the best of the collaborators of Rubens.",1579-11-11,Antwerpen,1657-08-19,Antwerpen,Pays-Bas espagnols,,,,,,,
Socrate,Socrate,Socrate,Socrate; Socrates,philosophe de la Grèce antique,"philosophe, enseignant ou enseignante, écrivain ou écrivaine, éthicien ou éthicienne",0470-00-00,Alopèce,0399-02-15,Athènes,Athènes,,,,,,,
PierSoderini,Pier,Soderini,Pier Soderini; Pierre Soderini; Soderini,politicien italien,"personnalité politique, diplomate",1450-05-18,Florence,1522-06-13,Rome,République florentine,,,,,,,
JanSoens,Jan,Soens,"Jan Sons, Giovan Fiammingo; Giovan Fiammingo",peintre néerlandais,"On rencontre aussi la forme ""Jan Sons"". Chez Lomazzo (Idea), on trouve ""Giovan Fiammingo"".",1547-00-00,s Hertogenbosch,1611-01-01,Italia,Provinces-Unies,,,,,,,
CristoforoSolari,Cristoforo,Solari,Cristofle Gobbo,sculpteur et architecte italien,Italian architect.,1468-01-01,Milano,1524-05-01,Milano,duché de Milan,,,,,,,
AndreaSolario,Andrea,Solario,André de Solario; Andrea Solari,peintre italien,"Comment on works: Religious; Portraits | On trouve aussi ""Andrea Solari"" chez Lomazzo (Idea).",1460-01-01,Milan,1524-01-01,Milan,duché de Milan,,,,,,,
GiacomoSoldati,Giacomo,Soldati,Giacomo Soldati; Messer Giacomo Soldato,n/a,ingénieur ou ingénieure,1540-00-00,N/A,,N/A,Suisse,,,,,,,
Solinus,Gaius Julius,Solinus,Solin,grammairien et compilateur d'expression latine,"écrivain ou écrivaine, historien ou historienne, géographe, compilateur ou compilatrice",0300-00-00,Italie,,Rome,Rome antique,,,,,,,
Sophocle,Sophocle,Sophocle,Sophocle,dramaturge de la Grèce antique,"auteur tragique, dramaturge, écrivain ou écrivaine, prêtre, personnalité politique",0496-00-00,Colone,0406-00-00,Athènes,Athènes,,,,,,,
RaffaelleSoprani,Raffaelle,Soprani,Raphaël Soprani; Soprani,"art historian, art theorist, painter",N/A,1612-01-08,Gênes,1672-01-02,Gênes,république de Gênes,,,,,,,
Sostrate,Sostratos,Sostrate,Sostratos; Sostrate,sculpteur antique,sculpteur ou sculptrice,,N/A,,N/A,,,,,,,,
PieterClaeszSoutman,Pieter Claesz,Soutman,Soutmans,peintre néerlandais,,1593-01-01,Haarlem,1657-08-16,Haarlem,Provinces-Unies,,,,,,,
Sozomene,Sozomène,Sozomène,Sozomène; Sozomene,historien chrétien,"historien ou historienne, rhéteur ou rhétrice, écrivain ou écrivaine, avocat ou avocate",0400-01-01,Beit Lahia,0450-01-01,N/A,Empire byzantin,,,,,,,
BartolomeoSpani,Bartolomeo,Spani,Bartelemi de Regge,"architect, goldsmiths, artist, jewelers, sculptor",N/A | Bartelemi de Regge chez Monier,1468-00-00,Reggio d'Émilie,1539-00-00,Reggio d'Émilie,,,,,,,,
LeonidasI,Léonidas,Sparte,Léonidas Ier; Leonidas,roi de Sparte,dirigeant ou dirigeante,,Sparte,0480-08-11,Thermopyles,Sparte,,,,,,,
AeliusSpartianus,Aelius,Spartianus,Spartianus; Spartien,historien fictif de l'Histoire Auguste,historien ou historienne,0301-01-01,N/A,0301-01-01,N/A,Rome antique,,,,,,,
AntonioMariaSpelta,Antonio Maria,Spelta,Antoni Mariæ Speltæ,"italian author, historian and scholar",,1559,Pavia,1632,,,,,,,,,
AmbrogioSpinola,Ambrogio,Spinola Doria,Marquis Spinola,général italien,"officier, militaire, soldat",1569-01-01,Gênes,1630-09-25,Castelnuovo Scrivia,Espagne,,,,,,,
BartholomaeusSpranger,Bartholomaeus,Spranger,BARTHELEMI SPRANGER; Spranger,peintre flamand,,1546-03-21,Anvers,1611-08-01,Prague,Pays-Bas des Habsbourg,,,,,,,
FrancescoSquarcione,Francesco,Squarcione,Jacques Squarcioné; Squarcione,peintre italien,Comment on works: Religious,1397-00-00,Padova,1468-00-00,Padova,république de Venise,,,,,,,
MassimoStanzione,Massimo,Stanzione,Cavaliere Massimi; Massimo Stanzione,peintre italien (1586–1656),Cavaliere Massimi,1585-00-00,Frattamaggiore,1656-01-01,Naples,royaume de Naples,,,,,,,
GherardoStarnina,Gherardo,Starnina,Gherardo Starnini; GERARDO STARNINA,peintre italien,"Starnina was probably a pupil of Antonio Veneziano. He is first documented in 1387 in the records of the Compagnia di S. Luca (painters' guild) in Florence. Starnina was documented in Toledo, Spain in 1393, possibly with Antonio Veneziano, and in Valencia in the mid- and late 1390s. Documents indicate that he executed numerous commissions for frescoes and panel paintings in both towns, but no surviving works can be connected with certainty to these records. Various panels and frescoes by him survive in Italy and in museums around the world. There is ambiguity in the style of Starnina's works. He combines characteristics of Florentine painting, including depiction of three-dimensional space and figures, with elements of the Late Gothic style that he absorbed in Spain. Starnina probably played an important role in transmitting these Gothic forms to Florentine artists, including Lorenzo Monaco. Starnina was one of the most prolific and influential painters of his time in Florence, as is evident by the large number of works produced in his circle. His interest in issues regarding figural groupings and three-dimensional space anticipate the works of Masaccio. Starnina's work was long attributed to the anonymous Compagno di Agnolo Gaddi and to the anonymous Master of the Bambino Vispo. Many of the works formerly attributed to the Master of the Bambino Vispo are now believed to be by Starnina, but the entire oeuvre formerly attributed to the Master of the Bambino Vispo has generally not been identified with Starnina; thus some of this anonymous master's work are yet to be associated with a known artist. Starnina has also been linked to the works of the anonymous Gil Master (although these attributions are generally dismissed today). Italian painter, active Florence and Spain. Comment on works: Religious",1354-01-01,Firenze,1413-01-01,Firenze,République florentine,,,,,,,
HendrickIVanSteenwijck,"Hendrik van, the elder",Steenwijck,HENRI STENVIK,peintre hollandais,,1550-01-01,Steenwijk,1603-00-00,Frankfurt am Main,Pays-Bas des Habsbourg,,,,,,,
FrancoisStella,François,Stella,François Stella,peintre baroque français,,1563-01-01,Mechelen,1605-01-01,Lyon,,,,,,,,
JacquesStella,Jacques,Stella,Monsieur Stella; JAQUES STELLA; Mr. Stella; STELLA; Stella,peintre et graveur français,,1596-01-01,Lyon,1657-04-29,Paris,royaume de France,,,,,,,
SimonStevin,Simon,Stevin,Simon Stevin,"physicien, mathématicien et ingénieur militaire flamand",,1548-00-00,Bruges,1620-00-00,La Haye,Pays-Bas des Habsbourg,,,,,,,
TobiasStimmer,Tobias,Stimmer,TOBIE STIMMER; Stimmer,peintre et graveur suisse,,1539-04-07,Schaffhausen,1584-01-04,Strasbourg,Suisse,,,,,,,
Strabon,Strabon,Strabon,Strabon; Strabone; Strabo,"philosophe, historien, voyageur et géographe grec du 1er s. av. J.-C.","géographe, historien ou historienne, philosophe, écrivain ou écrivaine",0064-00-00,Amase,0023-01-01,Amase,,,,,,,,
JanVanDerStraet,Jan van der,Straet,Stradanus; JEAN STRADAN; Jean Strada; Strada,peintre et graveur flamand (1523–1605),Jan van der Straet (d. 1535) was a painter in Bruges.,1523-01-01,Bruges,1605-11-02,Florence,Pays-Bas des Habsbourg,,,,,,,
SaintJerome,Jérôme de,Stridon,Jérôme de Stridon; Sainct Hierosme; saint Hierosme; San Girolamo; Saint Jerôme; S. Girolamo; S. Hierosme,"moine, traducteur de la Bible, docteur de l’Église et l’un des quatre pères de l’Église latine","clerc, théologien ou théologienne, historien ou historienne, apologète, traducteur ou traductrice de la Bible, anachorète, poète ou poétesse, écrivain ou écrivaine, bibliste, traducteur ou traductrice",0345-00-00,Stridon,0420-09-30,Bethléem,Rome antique,,,,,,,
GiovanniBattistaStrozzi,Giovanni Battista Giovan Battista,Strozzi,Jean-Batiste Strozzi,auteur,,,,,,,,,,,,,
RobertoStrozzi,Roberto,Strozzi,Roberto Strozzi; Robert Strozzi,n/a,N/A,1515-00-00,Florence,1566-00-00,Florence,,,,,,,,
CharlesII,Charles,Stuart,Charles II,"roi d'Angleterre, d'Irlande et d'Écosse de 1660 à 1685","personnalité politique, marchand d'esclave, souverain, collectionneur ou collectionneuse d'œuvres d'art, monarque | Roi de 1660 à 1685",1630-05-29,Londres,1685-02-06,Londres,royaume d'Angleterre,,,,,,,
CharlesI,"Charles I, d'",Stuart,Charles Ier; Charles Roy d’Angleterre; Charles Premier; Charles Prémier; Charles premier',"roi d'Angleterre, d'Écosse et d'Irlande de 1625 à 1649","personnalité politique, collectionneur ou collectionneuse d'œuvres d'art, monarque | Roi de 1625 à 1649",1600-11-19,palais de Dunfermline,1649-01-30,Londres,royaume d'Angleterre,,,,,,,
Styx,Styx,Styx,Styx,personnage de la mythologie grecque,N/A | Personnification du fleuve Styx,,N/A,,N/A,,,,,,,,
Bramantino,Bartolomeo,Suardi,Bramantino; Bramantine; Bramantin,peintre et architecte italien,Comment on works: religious | dit il Bramantino ou le Bramantin en français,1465-01-01,Milano,1530-01-01,Milano,Italie,,,,,,,
FrancoisSubletDeNoyers,François,Sublet de Noyers,François Sublet de Noyers; Monseigneur de Noyers; M. des Noyers; M. de Noyers; monsieur des Noiers,"secrétaire d'État à la guerre, intendant aux armées",N/A,1589-05-14,Le Mans,1645-10-20,Dangu,France,,,,,,,
Suidas,,Suidas,Suidas,,,,,,,,,,,,,,
LambertSustris,Lambert,Sustris,Lambert Zustrus,peintre néerlandais du XVIe,,1515-01-01,Amsterdam,1584-01-01,Venezia,Pays-Bas des Habsbourg,,,,,,,
ChristineDeSuede,Christine,Suède,ChristineDeSuede; Reine Christine de Suéde; Cristine Reine du Suede; PRINCIPESSA CHRISTINA; Reine Christine,reine de Suède de 1632 à 1654,"collectionneur ou collectionneuse d'œuvres d'art, monarque, artiste peintre, écrivain ou écrivaine, philosophe | Roi de Suède de 1632 à 1654",1626-12-18,Stockholm,1689-04-19,Rome,Suède,,,,,,,
Suetone,,Suétone,Suétone; Suetone Tranquille; Suetone,"historien, grammairien et rhéteur romain (vers 70- vers 140)","écrivain ou écrivaine, historien ou historienne, secrétaire, biographe, poète ou poétesse, antiquaire",0070-00-00,N/A,0126-00-00,Empire romain,Rome antique,,,,,,,
IsaacClaeszSwanenburgh,Isaac Claesz,Swanenburgh,Isaac Nicolai; Isaac Nicolas,peintre néerlandais,Maître D'Otto Van Veen,1537-08-19,Leiden,1614-03-10,Leiden,Provinces-Unies,,,,,,,
HermanVanSwanevelt,Herman Van,Swanevelt,HERMAN SUANEFELD,peintre et graveur néerlandais (1603-1655),,1603-01-01,Woerden,1655-01-01,Paris,Pays-Bas espagnols,,,,,,,
Sylla,Sylla,Sylla,Sylla; Silla,consul et dictateur romain,"homme politique de la Rome antique, militaire romain, chef militaire, personnalité politique",0138-00-00,Rome antique,0078-00-00,Puteoli,Rome antique,,,,,,,
SylvestreI,Sylvestre,Sylvestre I,Sylvestre Ier; Sainct Silvestre; S. Silvestre,évêque de Rome de 314 à 335,prêtre catholique | Pape de 314 à 335,0300-01-01,Rome,0335-12-31,Rome,,,,,,,,
PierreSeguier,Pierre,Séguier,Pierre Séguier; M. le Chancelier; Seguier,"homme d’État français du XVIIe siècle, chancelier de France","juriste, personnalité politique | Chancelier de France de 1635 à1672",1588-05-28,Paris,1672-01-28,Saint-Germain-en-Laye,France,,,,,,,
Semiramis,Sémiramis,Sémiramis,Semiramis; Semirami,reine légendaire de Babylone,monarque | Reine légendaire de Babylone,,N/A,,N/A,,,,,,,,
Semele,Sémélé,Sémélé,Sémélé; Semele,personnage de la mythologie grecque,N/A,,N/A,,N/A,,,,,,,,
Seneque,,Sénèque,Sénèque; Seneque,"philosophe stoïcien, dramaturge et homme d'État romain","dramaturge, poète ou poétesse, philosophe, aphoriste, homme d'État, personnalité politique, écrivain ou écrivaine",0004-00-00,Corduba,0065-04-12,Rome,Rome antique,,,,,,,
IsidoreDeSeville,,Séville,Isidore de Séville; Isidore,"évêque de Séville, théologien, érudit et docteur de l'Église du VIIe siècle","écrivain ou écrivaine, musicologue, philosophe, théoricien ou théoricienne de la musique, prêtre catholique, historien ou historienne, polymathe, évêque catholique",0560-00-00,Carthagène,0636-04-04,N/A,Royaume wisigoth de Tolède,,,,,,,
AlexandreSevere,Alexandre,Sévère,Sévère Alexandre; Alessandro Severo; Alexandre Severe; Severe,empereur romain de 222 à 235,personnalité politique,0208-10-01,Tell Arqa,0235-03-19,Mogontiacum,Rome antique,,,,,,,
InnocenzoTacconni,Innocenzo,Tacconni,Le Taccone; le Taccone,peintre italien 1575-c.1632,,1560-01-01,Bologne,1623-01-01,Rome,,,,,,,,
Tacite,Tacite,Tacite,Tacite; Corneille Tacite; Corneille; C. Tacite,"historien, homme politique et orateur romain","historien ou historienne, personnalité politique, militaire, poète ou poétesse, biographe, annaliste, juriste, écrivain ou écrivaine",0056-00-00,Gaule narbonnaise,0120-00-00,Empire romain,Rome antique,,,,,,,
TaddeoTaddei,Taddeo,Taddei,Taddeo Taddei,n/a,"mécène, philosophe",1470-00-00,Florence,1529-00-00,N/A,,,,,,,,
SpuriusTadius,Spurius,Tadius,Ludius,n/a,artiste peintre | aussi connu sous le nom de Ludius,,N/A,,N/A,,,,,,,,
AndreaTafiDiRico,Andrea,Tafi,Andrea Tafo di Rico; ANDRE TAFFI; André Taffi; André Tafi; Tafi,"artist, mosaicists, painter",Comment on works: mosaicist,1213,N/A,1284,N/A,,,,,,,,
Paciotto,Pietro Francesco,Tagliapietra,"Francesco Paciotto, Francesco Paciotti, Pacchiotto; Pacchiotto",architecte italien,"Francesco Paciotto, Francesco Paciotti, Pacchiotto",1521-01-01,Urbino,1591-07-14,Urbino,,,,,,,,
JeanneTailhasson,Jeanne,Tailhasson,Jeanne de Tailhasson,peintre,,,,,,,,,,,,,
VincenzoTamagni,Vincenzo,Tamagni,Vincent de S. Geminiano; Vincent de St Geminiano,peintre italien,Comment on works: Religion,1492-04-10,San Gimignano,1530-01-01,San Gimignano,Italie,,,,,,,
Tantale,Tantale,Tantale,Tantale; Tantalo,"héros de la mythologie grecque, fils de Zeus",N/A,,N/A,,N/A,,,,,,,,
GuidoTarlati,Guido,Tarlati,Evêque d'Arezzo; Guido Tarlati,évêque d'Arezzo,"prêtre catholique, évêque catholique",1300-00-00,Arezzo,1327-10-21,Arezzo,Italie,,,,,,,
TarquinSuperbe,Tarquin,Tarquin,Tarquin le Superbe; Tarquin,septième et dernier roi de Rome,monarque,0600-00-00,Rome antique,0495-00-00,Cumes,Rome antique,,,,,,,
TarquinAncien,Tarquin,Tarquin l'Ancien,Tarquin l'Ancien; Tarquin le vieux; premier Tarquin; Tarquin Prisque; Tarquin,cinquième roi de Rome,homme politique de la Rome antique,0700-00-00,Tarquinia,0578-00-00,Rome,Rome antique,,,,,,,
TorquatoTasso,Torquato,Tasso,Le Tasse; Le,poète italien,"poète ou poétesse, écrivain ou écrivaine, dramaturge, prosateur ou prosatrice",1544-03-11,Sorrente,1595-04-25,Rome,,,,,,,,
TitusTatius,Titus,Tatius,Titus Tatius; Tatius,co-roi de Rome avec Romulus,homme politique de la Rome antique,0800-00-00,Cures Sabini,0800-00-00,Lavinium,Rome antique,,,,,,,
JacopoSansovino,Jacopo,Tatti,Jacopo Sansovino; Jacques Sansovino; Giacomo Sansovino; Jaques Sansovin; Sansovino,architecte et sculpteur florentin,"Born 2 January 1486; died 27 September 1570 or 27 November 1570. Jacopo was an important classicizing Florentine sculptor. His contribution to architecture, which he practiced in Venice after the Sack of Rome in 1527, is also of great significance. Through commissions, he competed directly with Michelangelo on a number of occasions. Notable works include his Bacchus (1511), St. James (1511) for Florence Cathedral, the Nichesola monument for Verona Cathedral, and the tribune reliefs and bronze sacristy door for S. Marco in Venice. Born Jacopo Tatti, he adopted the name of his teacher, Andrea Sansovino. During a time in Florence, he shared a studio with Andrea del Sarto, for whom he made small-scale models. In Florence, Rome, and Venice, Jacopo was friends with leading painters such as Titian, Tintoretto, and Lorenzo Lotto. Italian architect, sculptor, b. in Florence, d. in Venice. Comment on works: Sculptor | dit Jacopo Sansovino",1486-07-02,Firenze,1570-11-27,Venezia,république de Venise,,,,,,,
RichardTaurigny,Richard,Taurigny,Ricciardo Taurino da Roano di Normandia; Richard Taurin,"carvers, artist, woodcarvers, sculptor","N/A | On trouve chez Lomazzo (Idea) le nom italianisé ""Ricciardo Taurino"".",1518,N/A,1618,N/A,,,,,,,,
Telephane,Téléphanès,Telephane,Téléphanès de Sicyone; Telephanes de Sicionne; Telefane Sicionio; Telefane-focée; Telefane,peintre antique,artiste peintre,,N/A,,N/A,,,,,,,,
AntonioTempesta,Antonio,Tempesta,Antoine Tempeste; le Tempeste; Tempeste,peintre et graveur italien,Tempesta was a prolific printmaker and painter. Early in his career he worked with Vasari on the interior decoration of the Palazzo Vecchio in Florence. His prints were often used as models by other artists. Comment on works: Battles; Landscapes; Historical; Processions,1555-00-00,Firenze,1630-08-05,Roma,Italie,,,,,,,
DavidTeniers,David,Teniers,DAVID TENIERS; David Teniers; Teniers,peintre flamand (1610-1690),"Mostly known for his small-scale cabinet paintings of rustic genre scenes. This artist was alternately known as both The Elder and The Younger (also Junior and Senior) as he was both the father of David Teniers III and the son of David Teniers I. He became a master of the Antwerp Guild of St Luke in 1632–3 after an apprenticeship to his father, with whom he also collaborated. In 1637 he married Anna, the daughter and heiress of Jan Breughel I. Comment on works: Mythology; Genre; Religious; Landscapes; Portraits.",1610-12-15,Antwerpen,1690-04-25,Bruxelles,Pays-Bas des Habsbourg,,,,,,,
DavidITeniers,David le Vieux,Teniers,DAVID TENIERS; David Teniers,peintre flamand (1582-1649),,1582-01-01,Antwerpen,1649-07-29,Antwerpen,Pays-Bas des Habsbourg,,,,,,,
GerardTerborch,Gerard,Terborch,Terburg,peintre néerlandais,,1617-01-01,Zwolle,1681-12-08,Deventer,Provinces-Unies,,,,,,,
TerentiusLucanus,Lucanus,Terentius,N/A; C. Terentius Lucanus,n/a,poète ou poétesse,,N/A,,N/A,,,,,,,,
Terpandre,Terpandre,Terpandre,Terpandre,poète et musicien de Lesbos,"poète ou poétesse, musicien ou musicienne, écrivain ou écrivaine, sportif ou sportive",0712-01-01,N/A,0645-01-01,Sparte,,,,,,,,
Tertullien,Tertullien,Tertullien,Tertullien; Tertulliano; Tertulien,théologien chrétien d'Afrique du nord,"écrivain ou écrivaine, théologien ou théologienne, philosophe",0150-00-00,Carthage,0220-00-00,Carthage,Rome antique,,,,,,,
GiovanniCesareTesta,Giovanni Cesare,Testa,César Teste,"artist, engraver, etcher, draftsman, printmaker",,1655-00-00,Roma,1755-01-01,N/A,Italie,,,,,,,
PietroTesta,Pietro,Testa,Piettro Testa; Pietre Teste; PIETRE TESTE,peintre et graveur italien,Italian painter and draftsman; do not confuse with contemporary architect Pietro Testa [RARF6022302]. Comment on works: History,1611-01-01,Lucca,1650-01-01,Roma,Italie,,,,,,,
PasquierTestelin,Pasquier,Testelin,Pasquier Tetelin,peintre français,N/A,,N/A,1613-00-00,N/A,France,,,,,,,
Thalestris,Thalestris,Thalestris,Thalestris; Talestris,reine des Amazones dans la mythologie grecque,N/A,,N/A,,N/A,,,,,,,,
TheodolindeDeBaviere,Théodelinde,Theodolinde de Baviere,Théodelinde de Bavière; Teodolinde,reine des Lombards (589-616),"monarque, mécène | Reine des Lombards de 589 à 616.",0570-01-01,Ratisbonne,0627-01-22,Monza,,,,,,,,
Theodora,Théodora,Theodora,Théodora; Teodora,"impératrice byzantine de 821 à 855, femme de Théophile",religieuse | Epouse de Théophile,0815-01-01,Paphlagonie,0867-00-00,Constantinople,Empire byzantin,,,,,,,
Theodose,Théodose,Theodose,Théodose Ier; Teodose le Grand; Theodose; Teodose,empereur romain de 379 à 395,personnalité politique,0347-01-11,Coca,0395-01-17,Milan,Rome antique,,,,,,,
Theophile,Théophile,Theophile,Théophile; Teofile,empereur byzantin de 829 à 842,dirigeant ou dirigeante | Empereur byzantin de 829 à 842,0813-01-01,N/A,0842-01-20,Constantinople,Empire byzantin,,,,,,,
Thetis,Thétis,Thetis,Thétis; Teti,Néréide,N/A,,N/A,,N/A,,,,,,,,
MelchisedecThevenot,Melchisedec,Thevenot,Melchisédec Thévenot; Tevenot,scientifique français,"cartographe, bibliothécaire, diplomate, écrivain ou écrivaine, physicien ou physicienne",1620-01-01,Paris,1692-10-29,Issy-les-Moulineaux,France,,,,,,,
AndreThevet,Andre,Thevet,André Thevet,"cordelier, aumônier de Catherine de Médicis, historiographe et cosmographe du roi","explorateur ou exploratrice, journaliste, écrivain ou écrivaine, cosmographe, géographe, historien ou historienne, traducteur ou traductrice, orfèvre graveur ou graveuse, globe-trotteur, traducteur ou traductrice, artiste visuel ou artiste visuelle",1516-00-00,Angoulême,1590-11-23,Paris,France,,,,,,,
SaintThomas,Thomas,Thomas,Thomas; saint Thomas d’Aquin; sainct Thomas; Saint Thomas; San Tomaso; S.Thomaso,apôtre,missionnaire | Apôtre,0001-01-01,Galilée,0072-07-03,Mylapore,Rome antique,,,,,,,
PhilippeThomassin,Philippe,Thomassin,Le peintre ou le graveur ??; Thomassin,graveur français (1562-1622),"French engraver. | incertitude, s'agit-il de Philippe Thomassin le peintre ou le graveur ?",1562-01-28,Troyes,1622-05-12,Roma,France,,,,,,,
Thucydide,,Thucydide,Thucydide; Demosthene de Thucidide; Tucidide,stratège et historien athénien,"historien ou historienne, écrivain ou écrivaine",0460-00-00,dème d'Álimos,0395-00-00,Athènes,Athènes,,,,,,,
TheodorVanThulden,Theodor van,Thulden,VanTulden,"artist, engraver, etcher, draftsman, painter, printmaker","Comment on works: Mythology; Religious; Figures in paintings by Momper, Wildes, and Snyders.",1606-08-09,s Hertogenbosch,1669-07-12,s Hertogenbosch,Provinces-Unies,,,,,,,
Octavie,Octavia,Thurina,Octavie la Jeune; Ottavia,"citoyenne romaine, sœur d'Auguste",N/A | Aussi surnommée Octavie la Jeune.,0069-01-01,Nola,0011-01-01,Rome,Rome antique,,,,,,,
Aristide,"Aristide, de",Thèbes,Aristide de Thèbes; Aristide Thebano; Aristide Tebano; d'Aristide; Aristide,peintre grec antique,artiste peintre,0400-01-01,Thèbes,0360-00-00,N/A,Thèbes,,,,,,,
Themistocle,Thémistocle,Thémistocle,Thémistocle; Themistocles,homme d'État et stratège athénien,"personnalité politique, militaire, soldat",0524-01-01,Athènes,0459-01-01,Magnésie du Méandre,Athènes,,,,,,,
SaintTheodore,,Théodore,Saint Teodore,,,,,,,,,,,,,,
TheodoricLeGrand,Théodoric,Théodoric,Théodoric le Grand; Teodoric,roi des Ostrogoths de 493 à 526,"monarque, souverain | Roi des Ostrogoths de 493 à 526",0454-05-12,Pannonie,0526-08-30,Ravenne,royaume des Ostrogoths,,,,,,,
Theophraste,Théophraste,Théophraste,Théophraste; Theophraste,"philosophe et savant de la Grèce antique, successeur d’Aristote","botaniste, physicien ou physicienne, philosophe, écrivain ou écrivaine",0371-00-00,Érèse,0287-00-00,Athènes,Athènes,,,,,,,
Thesee,Thésée,Thésée,Thésée; Thesée; Tesée,personnage de la mythologie grecque,roi,,N/A,,N/A,,,,,,,,
DomenicoTibaldi,Domenico,Tibaldi,Dominique Tebaldi; Tibaldi,architecte italien,"Italian architect, engraver. Comment on works: History; Religious",1541-04-18,Bologna,1583-01-01,Bologna,Royaume d'Italie,,,,,,,
PellegrinoTibaldi,Pellegrino,Tibaldi,Messer Pellegrino Tibaldi; Pelegrino Pelegrini; Pellegrino detto da Bologna; Pellegrino Tibaldi; Peligrino Tebaldi; PELLEGRIN TIBALDI; PELL DE BOLOGNE; Pellegrino; Pelegrino; Pellegrin,peintre italien,"Died 27 May 1596. Tibaldi was the son of builder Tebaldo Tibaldi (1490-1563) and brother of architect, painter and engraver Domenico Tibaldi (1541-1583). Ca. 1540s, Tibaldi trained as a painter in Bologna and by the late 1540s he was working as a painter in Rome. In 1562 or 1563, Tibaldi was made the personal architect of Carlo Borromeo, Archbishop of Milan. In 1567, he became the architect of the Cathedral of Milan. From 1587 to 1596, Tibaldi was a court painter for Philip II, King of Spain. Italian painter and architect. Comment on works: Religious",1527-01-01,Italia,1596-01-01,Milano,duché de Milan,,,,,,,
Tibeleno,,Tibeleno,Tibeleno,,Divinité mentionnée par Lomazzo (Idea),,,,,,,,,,,,
Tibere,Tibère,Tibère,Tibère; Empereur Tibere; Tiberio Cesare; Tiberio; Tibere; Tybere,"deuxième empereur romain, de 14 à 37","militaire, personnalité politique, soldat",0042-11-16,Rome,0037-03-16,Misène,Rome antique,,,,,,,
Timagoras,,Timagoras,N/A; Timagoras; Timagora,n/a,N/A,,N/A,,Athènes,,,,,,,,
Timanthe,Timanthe,Timanthe,Timanthe; Timante di Cipro; Micon de Timante; TIMANTHE; Timante,peintre antique,artiste peintre,0500-01-01,Kythnos,0400-01-01,N/A,,,,,,,,
Timarete,Timarété,Timarete,Timarété; Timarete,Femme-peintre de la Grèce antique,artiste peintre | On trouve aussi Thamyris.,0420-00-00,Athènes,0400-00-00,Athènes,,,,,,,,
Timomaque,Timomaque,Timomaque,Timomaque; Timomache; Timomaco,"peintre antique, contemporain de Jules César",artiste peintre,,Byzance,0100-00-00,N/A,,,,,,,,
Timotheos,Timothéos,Timothéos,Timothéos; Timothée; Timotée,sculpteur grec,sculpteur ou sculptrice,0400-00-00,Épidaure,0340-00-00,Épidaure,Ligue du Péloponnèse,,,,,,,
JacopoTintoretto,Jacopo,Tintoretto,Le Tintoret; Giacobo Tintoretto; Jacques Tintorez; Jacques Robusti; JACQUES ROBUSTI; Jaques Robusti; il Tintoretto; LE TINTORET; le Tintoret; Tintorets; Tintoret,peintre italien de la Renaissance (1518/1519–1594),"Tintoretto' was nicknamed 'little dyer' for his father's humble occupation of 'tintore' ( a dyer), and 'il Furioso' for his violent application of paint. His work was sometimes criticized as being hastily executed and unfinished during his lifetime, but he was among the most influential and prominent Venetian painters of his time. Except for visiting Mantua around 1580, Tintoretto stayed in Venice, where his dramatic, colorful Mannerist style eventually dominated. He painted mostly religious subjects, showing unexpected viewpoints and striking perspective; many subordinate scenes depict everyday life. He also made many portraits and taught two sons and a daughter in his workshop. | dit Tintoretto, le Tintoret en français",1518-09-29,Venezia,1594-05-31,Venezia,république de Venise,,,,,,,
MariettaTintoretto,Marietta,Tintoretto,MARIA TINTORETTA,artiste peintre vénitienne de la Renaissance tardive,"Daughter and assistant of the famous Venetian painter, Jacopo Robusti, called Tintoretto. She married a Ventian jeweler. Comment on works: Religious",1554-01-01,Venezia,1590-01-01,Venezia,république de Venise,,,,,,,
Ctesibios,Ctésibios,Tisibio,Ctésibios; Tisibio,mathématicien et inventeur antique,"inventeur, mathématicien ou mathématicienne, ingénieur ou ingénieure",0284-01-01,Alexandrie,0221-01-01,Alexandrie,,,,,,,,
Tisifone,,Tisifone,Tisifone,,"D'après Lomazzo, Tisifone serait selon Pline l'architecte ayant conçu le Temple d'Artémis d'Ephèse.",,,,,,,,,,,,
Tissapherne,Tissapherne,Tissapherne,Tissapherne; Tissaferne,n/a,personnalité politique | ou Tissaferne,0445-01-01,N/A,0395-01-01,Colosses,,,,,,,,
TiteLive,,Tite-Live,Tite-Live; Tite Live,historien latin de la Rome antique,"historien ou historienne, écrivain ou écrivaine, poète ou poétesse",0059-00-00,Padoue,0017-00-00,Padoue,Rome antique,,,,,,,
Titien,Titien,Titien,Titien; Titien Vercelli de Cador; Titian Vecelio de Cadore; Titiano Vecelio da Cador; Titiano Vecellio; TITIEN VECELLI; Le Titien; LE TITIEN; le Titien; Titiano; Ticiano; Tiziano; Titiens; Titiani; TITIAN; Ticien; Titian,peintre vénitien,"Titian was an extremely popular and influential painter, developing a painterly style that differed tremendously from contemporary Roman and Florentine styles; he emphasized atmosphere, color, and brushstrokes as he depicted sensual figures, textures (of garments, flesh, etc.), and landscapes in the backgrounds of his paintings. His sensuous mythological scenes showed his ability to depict any hue or texture. Titian's portraits combined incisive, sensitive characterizations with an opulent treatment of accessories, eventually developing into the spare, official style that inspired other Italians, and also Peter Paul Rubens, Anthony van Dyck, and others. In his later paintings, what appears from a distance as form and color prove upon closer inspection to be blobs of paint, thumb marks, and brush scratches. Titian explored the potential of oil paint, experimenting with its expressive as much as its representational possibilities. I",1488-00-00,Pieve di Cadore,1576-09-26,Venezia,république de Venise,,,,,,,
Titus,Titus,Titus,Titus; Tite; Tito,empereur romain de 79 à 81,"personnalité politique, militaire",0041-00-00,Rome,0081-09-13,Eaux Cutiliennes,Rome antique,,,,,,,
Tityos,Tityos,Tityos,Tityos; Tizio,Géant de la mythologie grecque,N/A,,N/A,,N/A,,,,,,,,
EleonoreDeTolede,Eleonore,"Tolede, de",Éléonore de Tolède; Eleonore de Tolède,femme politique espagnole,personnalité politique | Première épouse de Cosme Ier de Toscane.,1522-01-01,Tolède,1562-12-17,Pise,Espagne,,,,,,,
FrancescoTorbido,Francesco,Torbido,François Torbido,peintre italien,"Comment on works: Portraits, religious | dit Il Moro",1482-00-00,Venezia,1562-10-00,Verona,république de Venise,,,,,,,
NiccoloTornioli,Niccolo,Tornioli,Nicolas Tornioli; Nicolo Tornioli,peintre italien,Comment on works: religious,1598-00-00,Siena,1651-08-18,Roma,Italie,,,,,,,
JohannesTorrentius,Johannes,Torrentius,JEAN TORRENTIU,peintre néerlandais,,1589-01-01,Amsterdam,1644-02-17,Amsterdam,Provinces-Unies,,,,,,,
PietroTorrigiano,Pietro,Torrigiano,Torrigiano; Torriani,sculpteur italien,N/A,1472-11-24,Firenze,1528-01-01,Sevilla,,,,,,,,
FrancoisTortebat,François,Tortebat,Tortebat,artiste français,French painter and engraver.,1616-00-00,Paris,1690-06-04,Paris,France,,,,,,,
Totila,Totila,Totila,Totila,roi des Ostrogoths de 541 à 552,monarque | Roi des Ostrogoths de 541 à 552,0510-00-00,Trévise,0552-00-00,Gualdo Tadino,royaume des Ostrogoths,,,,,,,
NicolasTournier,Nicolas,Tournier,Tournier,peintre français,Comment on works: Genre; Allegories,1590-07-12,Montbéliard,1639-01-00,Toulouse,France,,,,,,,
HenriToutin,Henri,Toutin,Henry  Toutin,peintre français,"artiste peintre, émailleur | peintre français",1614-07-28,Châteaudun,1650-00-00,Paris,France,,,,,,,
JeanToutin,Jean,Toutin,Jean Toutin,orfèvre et graveur français,"artiste peintre, orfèvre | orfèvre et graveur français",1578-01-01,Châteaudun,1644-06-14,Paris,France,,,,,,,
Trajan,Trajan,Trajan,Trajan; Empereur Trajan; Traiano,empereur romain de 98 à 117,"homme d'État, personnalité politique, officier",0053-00-00,Italica,0117-00-00,Sélinonte,Rome antique,,,,,,,
AntonioDaTrento,Antonio da,Trento,Antoine de Trente,peintre italien,N/A,1508-01-01,Trente,1550-01-01,Fontainebleau,Italie,,,,,,,
NiccoloTribolo,Niccolo,Tribolo,Nicolas dit il Tribolo; il Tribolo,artiste italien,,1500-01-01,Florence,1550-09-07,Florence,duché de Florence,,,,,,,
RaphaelTrichetDuFresne,Raphaël,Trichet du Fresne,Rafaelle du Fresne; RAFAELLE TRICHET DU FRESNE; RAFAELLE TRICHET DU; RAFAELLE DU FRESNE; Monsieur du Fresne; M. Dufresne,érudit français,"érudit, bibliophile, numismate, historien ou historienne, historien ou historienne de l'art",1611-04-27,Bordeaux,1661-06-04,Paris,France,,,,,,,
HermesTrismegiste,Hermès,Trismégiste,Hermès Trismégiste; Mercurio Trismegisto; Mercurio Trimegisto; Trimegisto; Trimegiste; Hermete,auteur conventionnel du Corpus Hermeticus,"philosophe, astrologue",,N/A,,N/A,,,,,,,,
AntoineNicolasDeTroy,Antoine Nicolas d,Troy,Antoine Nicolas de Troyes,"peintre français (1608-1684), peintre de l'hôtel de ville de Toulouse","artiste peintre, artiste",1608-07-28,Toulouse,1684-01-01,Toulouse,France,,,,,,,
ElisabethI,Elisabeth,Tudor,Elisabeth Iere; Reine Elizabeth,reine d’Angleterre de 1558 à 1603,"reine, monarque | Reine de 1558 à 1603",1533-09-07,palais de Placentia,1603-03-24,palais de Richmond,royaume d'Angleterre,,,,,,,
MarieTudor,Marie,Tudor,"Marie Iere, Marie la Sanglante",reine d'Angleterre et d'Irlande de 1553 à 1558,"personnalité politique, aristocrate, reine régnante | Reine d'Angleterre et d'Irlande de 1553 à 1558. Aussi appelée Marie Iere, ou encore Marie la Sanglante.",1516-02-18,palais de Placentia,1558-11-17,palais Saint James,royaume d'Angleterre,,,,,,,
ArnoldTulleken,Arnold,Tulleken,Tulkens,,,,,,,,,,,,,,
ServiusTullius,Servius,Tullius,Servius Tullius; Serve Tulle; Serve,sixième roi légendaire de Rome,homme politique de la Rome antique,0600-00-00,Rome,0535-00-00,Rome,Rome antique,,,,,,,
BaldassareTurini,Baldassare,Turini,N/A; Baltazar Turin de Pescia,n/a,architecte,,N/A,,N/A,Italie,,,,,,,
SextusTurpilius,Sextus,Turpilius,Sextus Turpilius; Turpilius,poète comique romain,poète ou poétesse | Turpilio de Venise chez Monier,0200-00-00,N/A,0104-00-00,Mondragone,Rome antique,,,,,,,
BenoitIX,"Théophylacte, de",Tusculum,Benoit IX; Benoist IX; Benoît IX.,pape de l’Église catholique romaine,"prêtre catholique, écrivain ou écrivaine | Pape sous le nom de Benoît IX",1005-00-00,Rome,1055-10-01,Grottaferrata,États pontificaux,,,,,,,
ApolloniosDeTyane,"Apollonios, De",Tyane,Apollonios de Tyane; Apollone de Tyane,philosophe antique,"philosophe, mathématicien ou mathématicienne",0015-00-00,Tyane,0100-00-00,Éphèse,,,,,,,,
MaximeDeTyr,Maxime de,Tyr,Cassius Maximus Tyrius; Maxime de Tyr,philosophe grec,"philosophe, orateur ou oratrice",0200-01-01,Tyr,0200-00-00,N/A,,,,,,,,
JeanTzetzes,Jean,Tzétzés,Jean Tzétzès; Tzetzés,grammairien et poète byzantin,"philologue, écrivain ou écrivaine, poète ou poétesse, mythographe, grammairien, fonctionnaire, linguiste",1110-00-00,Constantinople,1180-00-00,Constantinople,Empire byzantin,,,,,,,
Tenes,Ténès,Ténès,Ténès; Tenes,fils de Cycnos (mythologie grecque),N/A,,N/A,,N/A,,,,,,,,
Terence,Térence,Térence,Térence; Terence,dramaturge et poète comique romain,"auteur comique, poète ou poétesse, écrivain ou écrivaine, dramaturge",0185-00-00,Carthage,0159-00-00,lac Stymphale,Carthage,,,,,,,
PaoloUccello,Paolo,Uccello,Paolo Uccello; Paul Ucello; UCCELLO,peintre italien,"Comment on works: religious, History | dit Paolo Uccello",1397-06-15,Pratovecchio,1475-12-10,Florence,Italie,,,,,,,
GiovanniDaUdine,Giovanni,Udine,Giovanni da Udine; Jean de Udine; Jean d’Udiné; JEAN D'UDINE; Jean d'Udine; Jean d’Udiné; Jean d’Udine,peintre italien,"Giovanni da Udine (1487-1564) was an apprentice to Giovanni Martini. Comment on works: Birds; Draftsman, Architect, Painter, Stuccatore | ou Giovanni Nanni connu comme Giovanni da Udine ou Jean d'Udine en français",1487-10-15,Udine,1564-01-01,Roma,république de Venise,,,,,,,
PhilippUffenbach,Philipp,Uffenbach,Philippe Uffembac,peintre allemand,,1566-01-15,Frankfurt am Main,1636-04-06,Frankfurt am Main,Allemagne,,,,,,,
Ulysse,Ulysse,Ulysse,Ulysse; Ulisse; ULISSE,roi légendaire d'Ithaque,N/A,,N/A,,N/A,,,,,,,,
CarloUrbino,Carlo,Urbino,Carlo Urbino da Crema; Pittore da Crema,peintre italien,"Carlo Urbino (1525/30–1585) was an Italian painter of the Renaissance. He was born in Crema. His style recalls the mannerist work of the Campi family: Antonio, Bernardino, and Giulio . He trained in the Veneto and is known to have participated in drawings for a treatise on the science of armaments by Camillo Agrippa. In 1556, he painted the canvas of Christ and Mother and an Assumption of the Virgin for Santa Maria presso San Celso in Milan. He helped decorate a Chapel in Santa Maria della Passione. Later he worked with Bernardino Campi, for example in the Transfiguration (1565) in the church of San Fedele in Milan. The canvas of Doubting Thomas is found in the Pinacoteca di Brera. He painted in the Chapel of the Angels in Sant'Eustorgio, a Pentecost in the church of San Marco. In the 1570s, he returned to Crema, where he painted a canvas for the Sanctuary of Santa Maria della Croce, and in Sabbioneta, painted frescoes for the Palazzo del Giardino of Vespasiano Gonzaga.",1525-01-01,Crema,1585-01-01,Crema,,,,,,,,
SaskiaVanUylenburgh,Saskia van,Uylenburgh,Saskia van Uylenburgh,épouse et modèle de Rembrandt,artiste peintre | Femme de Rembrandt,1612-08-02,Leeuwarden,1642-06-14,Amsterdam,Provinces-Unies,,,,,,,
BasileValentin,Basile,Valentin,Basile Valentin; Basille Valentin,n/a,"auteur ou autrice de non-fiction, chimiste, N/A",1394-01-01,Mayence,1450-01-01,N/A,Allemagne,,,,,,,
ValentinienI,Flavius,Valentinianus,Valentinien Ier; Valentiniano; Valentinien,empereur romain de 364 à 375,personnalité politique,0321-07-03,Pannonie seconde,0375-11-17,N/A,Rome antique,,,,,,,
MarcusValeriusMaximus,Marcus,Valerius,Marcus Valerius Volusus Maximus; Marco Valerio Massimo,n/a,"homme politique de la Rome antique, militaire romain, N/A",0550-00-00,N/A,0498-00-00,lac Régille,Rome antique,,,,,,,
ValeriusMaximus,,Valerius Maximus,Valère Maxime; Valerio Massimo; Valerio Maximo,historien romain,"historien ou historienne, écrivain ou écrivaine, poète ou poétesse | francisé en Valère Maxime",0100-00-00,Rome antique,0100-00-00,N/A,Rome antique,,,,,,,
PubliusValeriusPublicola,Publius,Valerius Publicola,Publius Valerius Publicola; Luce Valere; Publicola,consul romain à cinq reprises entre 509 et 504 av. J.-C.,"homme politique de la Rome antique, militaire romain",0600-00-00,N/A,0503-01-01,Rome,Rome antique,,,,,,,
Valincour,"Jean-Baptiste-Henri, de",Valincour,Jean-Baptiste-Henri de Valincour; Monsieur de Valincourt,homme de lettres français (1653-1730),"linguiste, écrivain ou écrivaine, traducteur ou traductrice, érudit classique, historien ou historienne, historiographe",1653-03-01,Paris,1730-01-04,Paris,France,,,,,,,
FilippoValori,Filippo,Valori,N/A; Filippo Valori,n/a,auteur | représentant Florentin des fonctions publiques.,1496-05-03,Florence,1537-08-20,N/A,,,,,,,,
Stradanus,Jan,van der Straet,"Stradanus, Giovan Stradanus; Giovanni Stradanus",peintre et graveur flamand (1523–1605),"On trouve aussi ""Gio. Stradanus"" chez Lomazzo (Idea).",1523-01-01,Brugge,1605-11-02,Firenze,Pays-Bas des Habsbourg,,,,,,,
PrudentiaVanDiependale,Prudentia,van Diependale,Prudenza Profondavalle; Prudence Profondanale; Prudenza,painter,"Fille de Valerius van Diependale. On rencontre aussi son prénom italianisé ""Prudenza"" chez Lomazzo (Idea).",1500,N/A,2080,N/A,,,,,,,,
ValeriusVanDiependale,Valerius,van Diependale,Valerio Profondavalle; Valerio Profondavalle di Lovania,"decorative painter, court painter, fresco painter, theatrical painter, glass painter, painter","On rencontre aussi son nom italianisé ""Valerio Profondavalle"" chez Lomazzo (Idea).",1533,N/A,1599,N/A,,,,,,,,
PieterVanMol,Pieter,Van Mol,le Vanmol; Van-Mol,peintre flamand,"Comment on works: Mythology; History; Portraits; Flowers (commissioned to paint a pair of vases of flowers for the Eglise de Carmes, in Paris)",1599-01-01,Anvers,1650-04-08,Paris,Pays-Bas des Habsbourg,,,,,,,
LucasVanUffelen,Lucas,Van Uffelen,Lucas van Uffelen; Van-Uflen,n/a,"collectionneur ou collectionneuse d'œuvres d'art, marchand, mécène",1586-03-07,Amsterdam,1638-05-10,Amsterdam,Norvège,,,,,,,
HelenaVanValckenbock,Helena,Van Valckenbock,,,Femme d'Hendrik van Steenwijk I,,,,,,,,,,,,
AndreasVanWesel,Andreas,van Wesel,"Andrea Vesalio, André Vésale, Andreas Vesalius; Andrea Vesalio; André Vesal; Vessale; Vesale","anatomiste flamand, précurseur des planches anatomiques détaillées","anatomiste, biologiste, médecin, chirurgien ou chirurgienne, professeur ou professeure d'université, physiologiste, écrivain ou écrivaine | Italianisé en Andrea Vesalio.",1514-12-31,Mont aux Potences,1564-10-16,Zante,Pays-Bas des Habsbourg,,,,,,,
KarelVanManderII,Karel II,Van-Mander,Karel van Mander,peintre néerlandais (1579-1623),Fils de Carel Van Mander,1579-01-01,Kortrijk,1623-06-13,Delft,Pays-Bas méridionaux,,,,,,,
HubertVanEyck,Hubert,VanEyck,Hubert van Eyk; HUBERT VAN-EYK,peintre flamand,,1366-00-00,Maaseik,1426-09-18,Gent,Pays-Bas méridionaux,,,,,,,
MargaretheVanEyck,Margarethe,VanEyck,Marguerite van Eyck,"sitters, relatives",,1406,N/A,1456,N/A,,,,,,,,
FrancescoVanni,Francesco,Vanni,FRANCOIS VANIUS; François Vanius; le Vannius; Vanius,peintre italien,"Francesco Vanni's mother, Battista Morelli, daughter of a Sienese silversmith and widow of Eugenio Vanni, married Arcangiolo Salembeni on 20 April 1567. Francesco studied with his stepfather alongside Ventura Salembeni, his stepbrother. After Arcangiolo's death in 1580, he went to Bologna and then Rome, where he entered the workshop of Giovanni de Becchi. He then conducted most of his career in Siena. Comment on works: Religious; Landscapes.",1563-01-01,Siena,1610-10-26,Siena,Italie,,,,,,,
GijsbertVanVeen,Gijsbert,VanVeen,Gilbert,"gem carvers, artist, painter, printmaker",,1562-01-01,Leyde,1628-01-01,Anvers,Pays-Bas des Habsbourg,,,,,,,
PieterVanVeen,Pieter,VanVeen,,"artist, painter",,1563-01-01,Leyde,1629-01-01,La Haye,,,,,,,,
AntonioMariaVaprio,Antonio Maria,Vaprio,Antonio Maria Vaprio,peintre,,,,,,,,,,,,,
BenedettoVarchi,Benedetto,Varchi,M. Benedetto Varchi; Benedetto Varchi; Varchi,"humaniste, historien et poète italien de la Renaissance",N/A,1503-03-19,Firenze,1565-12-18,Firenze,,,,,,,,
JosephVarin,Joseph,Varin,VARIN; Varin,graveur,Born 11 May 1740; died 7 September 1800. Joseph Varin is one of a long line of engravers from this family located in Châlons-sur-Marne.,1740-01-01,Châlons-sur-Champagne,1800-01-01,Paris,royaume de France,,,,,,,
Varron,Marcus Terentius,Varro,Varron; Varrone; Varon; Varro,"écrivain, érudit et homme politique romain","écrivain ou écrivaine, poète ou poétesse, théoricien ou théoricienne de la musique, philosophe, historien romain de l'antiquité, grammaticus, annaliste, militaire romain | Ecrivain, savant et magistrat romain. Souvent désigné sous le nom de Varron.",0116-00-00,Rieti,0027-00-00,Rome,Rome antique,,,,,,,
MartiaVarrone,Martia,Varrone,Martia Varrone,,fille de Varron,,,,,,,,,,,,
LadislasIV,Ladislas,Vasa,Ladislas IV Vasa; Uladislas,tsar de Russie de 1610 à 1613 puis roi de Pologne et grand-duc de Lituanie de 1632 à 1648,monarque | Roi de 1632 et 1648,1595-06-09,N/A,1648-05-20,Merkinė,république des Deux Nations,,,,,,,
GiorgioVasari,Giorgio,Vasari,GEORGIO VASSARI; GEORGES VASARI; GIORGIO VASARI; Georges Vasari; George Vassari; Giorgio Vasari; Georgio Vasari; George Vasari; George Vazari; M. C. Vasari; Le Vasari; Vassari; Giorgio; GEORGIO; Vasary; Vazari; Vasari,peintre et historien de l'art italien (1511-1574),"Vasari was a productive court artist and architect in Florence during the first half of the 16th century, with his primary patrons being Alessandro and Ippolito de' Medici, until 1537 with the death of Alessandro. However, he is most well known for his book ""Le vite de' più eccellenti architetti, pittori, et scultori Italiani,"" which was first published in 1550, and once again in 1568 in an expanded edition. Considered one of the most important books on art history ever published, ""Le vite"" was a two-volume biographical encyclopedia of both the lives and the techniques of Italian artists, which Vasari researched extensively, and which serves as a primary source on Italian artists to this day. Cosimo de' Medici, for whom ""Le vite"" was dedicated, eventually hired Vasari in 1554, where he would act as art impresario until his death, twenty years later. From 1555-1572, Vasari designed the remodeling and decoration of the Palazzo Vecchio in Florence, his most extensive task for de' Medici, where he acted as both architect and painter. Italian painter, writer.",1511-07-30,Arezzo,1574-06-27,Firenze,République florentine,,,,,,,
BonifacioDelVasto,Bonifacio Del,Vasto,Boniface del Vasto; Marquis del Vaste,boniface del vasto,dirigeant ou dirigeante,1060-10-05,Savone,1130-01-01,N/A,,,,,,,,
GiovanniDeVecchi,Giovanni,"Vecchi, de",Giovanni de’ Vecchi; Giovanni de Vecchi,peintre italien,,1536-01-01,Sansepolcro,1614-04-13,Roma,États pontificaux,,,,,,,
BernardoVecchietti,Bernardo,Vecchietti,Bernardo Vecchietti; Bernardo Vecchietto,n/a,"collectionneur ou collectionneuse, mécène",1514-03-31,Florence,1590-12-20,Florence,,,,,,,,
CesareVecellio,Cesare,Vecellio,Cesar Vecellius,peintre italien,"Cesare was a distant cousin of the famous Titian, and studied in his shop. He was a member of the branch of Vecellio descended from Giovanni Antonio. He is best known for his prints; he published illustrated books on costume, embroidery and lacemaking, and other subjects. Francesco, Cesare, Orazio and Marco were the only family members allowed to use the appellation ""di Tiziano."" Comment on works: ornamental",1521-00-00,Pieve di Cadore,1601-03-02,Venezia,république de Venise,,,,,,,
FrancescoVecellio,Francesco,Vecellio,François Vécelli; FRANCOIS VECELLI,peintre italien,,1475-01-01,Pieve di Cadore,1560-01-01,Pieve di Cadore,république de Venise,,,,,,,
OrazioVecellio,Orazio,Vecellio,HORACE VECELLI; Horace Vécelli,fils du Titien,,1525-00-00,Venise,1576-01-01,Venezia,république de Venise,,,,,,,
PomponioVecellio,Pomponio,Vecellio,Pomponio,owners,Second fils du Titien.,1200,N/A,2080,N/A,,,,,,,,
OttoVanVeen,Otto van,Veen,Octave-Vanveen; Otho Vennius; Otho Vaænius; Otho Venius; Otho Vænius; Otho Vénius; Otto-Venius; OTHO VENIUS; Vénius; Venius,peintre flamand,Comment on works: History | dit Otto Venius,1556-01-01,Leyde,1629-05-06,Bruxelles,Pays-Bas des Habsbourg,,,,,,,
AntonioVeneziano,Antonio,Veneziano,ANTONIO VENETIANO,peintre italien,Possibly died in Florence. Comment on works: religious,1400-01-01,Venezia,1400-01-01,Firenze,république de Venise,,,,,,,
AgnoloDiVentura,Agnolo,Ventura,Agnolo di Ventura; Agnolo Sanesi,architecte et sculpteur italien,N/A,1290-01-01,Sienne,1349-01-01,N/A,,,,,,,,
MarcelloVenusti,Marcello,Venusti,Marcello Venusti; Marcel Venusto; Marcello,peintre italien,"Italian Mannnerist painter active in Rome in the mid-16th century. Marcello is noted for his long friendship with Michelangelo, who allowed him to execute numerous small-scale paintings based on his designs. Comment on works: Religious",1510-01-01,Como,1579-10-14,Roma,Italie,,,,,,,
AttonDeVerceil,Atton de,Verceil,Atton de Verceil; Antoine de Verceil,évêque de Verceil,"prêtre, écrivain ou écrivaine, canoniste",0885-00-00,N/A,0961-12-31,N/A,Italie,,,,,,,
GiovanniMariaVerdizotti,Giovanni Maria,Verdizotti,Jean Marie Verdizzoti; Verdizzoti,"artiste et écrivain italien, auteur d'un recueil de fables",Comment on works: Landscapes,1525-01-01,Venezia,1600-01-01,Venezia,république de Venise,,,,,,,
Virgile,Publius,Vergilius Maro,Virgile; Virgilio; Vergile,poète romain,"poète ou poétesse, écrivain ou écrivaine",0070-10-15,Borgo Virgilio,0019-09-21,Brindisi,Rome antique,,,,,,,
JanCorneliszVermeyen,Jan Cornelisz,Vermeyen,JEAN CORNEILLE VERMEYEN; Jean Cornelis; Jean le Barbu,peintre néerlandais,Comment on works: Portraits,1500-01-01,Beverwijk,1559-01-01,Bruxelles,Pays-Bas des Habsbourg,,,,,,,
LiberaleDaVerona,Liberale,Verona,Liberale da Verona; Liberale,peintre italien de la Renaissance,Comment on works: Religious,1445-00-00,Verona,1526-00-00,Verona,république de Venise,,,,,,,
SebetoDaVerona,Sebeto,Verona,Sebeto da Verona; Sebeto,peintre italien,artiste peintre,1301-00-00,N/A,,N/A,,,,,,,,
StefanoDaVerona,Stefano,Verona,Stefano da Verona; Etienne Veronois,peintre vénitien (1374-1451),Comment on works: religious | ou Stefano da Zevio,1374-01-01,Vérone,1451-01-01,Vérone,France,,,,,,,
FraGiovanniDaVerona,Giovanni,Verona,Frere Jean de Veronne,"moine Olivetan italien, sculpteur, architecte, peintre miniature et menuisier","sculpteur ou sculptrice | moine Olivetan italien, sculpteur, architecte, peintre miniature et menuisier",1457-01-01,Vérone,1525-02-10,Vérone,république de Venise,,,,,,,
ZenoneVeronese,Zenone Zeno,Veronese,Zeno da Verona; Zeno Veronois,peintre italien,N/A | ou Zeno da Verona,1484-00-00,Vérone,1552-01-01,Salò,république de Venise,,,,,,,
PaoloVeronese,Paolo,Veronese,PAUL CALIARI VERONESE; Paolo Paul Veroneses; Paulo Cagliari; Paolo Veronese; Paul Véroneses; Paulo Veronese; Paul Veronnese; Paolo Caliari; Paul Veronnez; Paul Cagliari; Paul Véronese; Paul Véronése; Paul Veronése; Paul Veronese; Paul Veronez; Paul Veronés; Veronnez; Véronez,peintre italien de la Renaissance (1528–1588),"Veronese was one of the three most influential painters of the Venetian late Renaissance, with Titian and Tintoretto. He is known as a supreme colorist and for his illusionistic decorations in both fresco and oil, famed for biblical feasts executed for the refectories, altarpieces, history and mythological paintings and portraits. He headed a family workshop that remained active after his death. | dit Veronese",1528-00-00,Verona,1588-04-19,Venezia,république de Venise,,,,,,,
AntonioVerrio,Antonio,Verrio,Antonio Verrius; Antonius Verrius,peintre italien,"Italian painter, act. in England. Comment on works: History",1639-01-01,Lecce,1707-06-15,Hampton Court,Italie,,,,,,,
AndreaVerrocchio,Andrea del,Verrocchio,André del Verrochio; Andrea Verrocchio; d’André Verrochio; ANDRE VERROCHIO.; André Verrochio; il Verrocchio; Verrochio; Verochio,"sculpteur, peintre et orfèvre italien de l'école florentine, XVe s.","Verrocchio was active as a sculptor and painter in Florence in the second half of the 15th century. He had a workshop, in which Leonardo da Vinci trained, and a wide range of patrons, including the Medici family, the Venetian State and the city council of Pistoia.",1435-00-00,Firenze,1488-00-00,Venezia,République florentine,,,,,,,
HendrickVerschuring,Hendrick,Verschuring,Verscure; HENRI VERSCURE; Henri Verscure,peintre néerlandais,,1627-01-01,Gorinchem,1690-01-01,Dordrecht,Provinces-Unies,,,,,,,
Vespasien,Vespasien,Vespasien,Vespasien; Vespasiano; Vespasian,"neuvième empereur romain de 69 à 79, fondateur de la dynastie des Flaviens","personnalité politique, militaire",0009-11-17,N/A,0079-06-23,Eaux Cutiliennes,Rome antique,,,,,,,
Vesta,Vesta,Vesta,Vesta,déesse romaine,N/A,,N/A,,N/A,,,,,,,,
PieroVettori,Piero,Vettori,Pierre Vettor,artist,N/A,1370,N/A,1530,N/A,,,,,,,,
GiuseppeNiccoloVicentino,Giuseppe Niccolò,Vicentino,Joan-nicola Vicentino,"artist, printers, woodcutters, printmaker",N/A,1525-00-00,Vicenza,1600-00-00,N/A,Italie,,,,,,,
EneaVico,Enea,Vico,Enea Vico; Enée Vico,graveur italien,"Vico was a student of Tommaso Barlacchi (n.d.), engraver and editor, in Rome. He was active in Venice in 1557 and engraved many images of the work of Michelangelo in Florence, for Cosimo de Medici. Italian printmaker and author.",1523-01-29,Parma,1567-08-18,Ferrara,Italie,,,,,,,
Victoire,Victoire,Victoire,Victoire; Vittoria,divinité de la mythologie romaine,N/A | Ou Nikè pour les grecs,,N/A,,N/A,,,,,,,,
AureliusVictorAfer,Sextus Aurelius,Victor Afer,Aurelius Victor; Aurelius Vidor,historien romain,"historien ou historienne, poète ou poétesse",0320-01-01,province d'Afrique,0390-01-01,N/A,Rome antique,,,,,,,
BlaiseDeVigenere,Blaise de,Vigenère,Blaise de Vigenère; Vigenere,diplomate français du XVIe siècle,"cryptographe, mathématicien ou mathématicienne, diplomate, écrivain ou écrivaine, alchimiste, poète ou poétesse",1523-04-05,Saint-Pourçain-sur-Sioule,1596-02-19,Paris,France,,,,,,,
ArmandJeanVignerotDuPlessis,"Armand-Jean, de",Vignerot du Plessis,Duc de Richelieu; Monsieur le Duc de Richelieu; le Duc de Richelieu,militaire français,militaire,1629-10-03,Le Havre,1715-05-20,Paris,France,,,,,,,
ClaudeVignon,Claude,Vignon,CLAUDE VIGNON; Mr. Vignon,peintre français (1593–1670),Comment on works: religious,1593-05-19,Tours,1670-05-10,Paris,royaume de France,,,,,,,
FrancescoVillamena,Francesco,Villamena,François Vilamena; le Vilamene; Vilamena; Vilamen,graveur italien,Italian engraver. Comment on works: History; Religious,1566-00-00,Assisi,1624-07-07,Roma,Italie,,,,,,,
AntoineDeVille,Antoine,"Ville, de",Chevalier de Ville,"artist, wood engraver",,1570,N/A,1660,N/A,,,,,,,,
GeorgeVilliers,George,Villiers,Duc de Buckingham; le Duc de Bouquingan; Duc de Bouquingan; Bouquincan,"politicien britannique, 1er duc de Buckingham","personnalité politique, diplomate | Ier Duc de Buckingham",1592-08-28,Leicestershire,1628-08-23,Portsmouth,royaume d'Angleterre,,,,,,,
LeonardoDaVinci,Léonard,Vinci,Leonard de Vinci; Leonardo de Vinci; Leonardo da Vinci; Leonnard da Vinci; Lionardo da Vinci; LIONARDO DA VINCI; Léonard de Vinci; LEONARD DE VINCI; Leonard da Vinci; Leonard d’Avince; Leonard d’Avinci; Leonard Davinci; Lionardo Vinci; Leonardo Vinci; Leonard Vinci; LEONARD VINCI; de Vinci; LIONARDO; Leonnard; Leonardo; il Vinci; De Vinci; Lionardo; le Vincy; LEONARDO; Leonard; Vince; Vinci,"peintre, sculpteur, architecte et ingénieur, théoricien de l'art et chercheur scientifique toscan","Leonardo was born near Vinci, at Anchiano. He is known as the founder of the High Renaissance style. His work was extremely influential for contemporary and later artists. His writings on art and perception codified the ideals of representation and expression that dominated European teaching for the next 400 years. He is famed for his drawing of figures, representations of landscape, depiction of aerial perspective and space, the use of light and shade (chiaroscuro), and the evocation of the sitters' characters. He was also known for inventions in architecture and engineering. He often left his works unfinished, apparently losing interest after the conception of the idea. Among his best known surviving works are the ""Last Supper"" fresco in Milan and the ""Mona Lisa"" portrait in the Louvre, Paris.",1452-04-15,Vinci,1519-05-02,Amboise,République florentine,,,,,,,
MarcusVipsaniusAgrippa,Marcus,Vipsanius Agrippa,Marcus Vipsanius Agrippa; Marco Agrippa; Marc Agripa; Marc Agripe; Agrippa,général et homme politique romain,"architecte, écrivain ou écrivaine, homme politique de la Rome antique, militaire romain",0063-01-01,Istrie,0012-01-01,Campanie,Rome antique,,,,,,,
Viridomaros,Viridomaros,Viridomaros,Viridomaros; Britomar,n/a,chef militaire,0050-00-00,Gaule,,N/A,,,,,,,,
PeterVischer,Peter,Vischer,Vischer,"families, artist, workshops, sculptor","Designation for the workshop active under Peter Vischer the Elder (1460-1529) and Peter Vischer the Younger (1487-1528). Among other works, the workshop cast the statues of Arthur, Theodoric and Count Albrecht for the sepulchral monument of Maximilian I, Innsbruck, Austria. | Travaillent ensemble dans le même atelier, difficile d'attribuer à l'un où à l'autre",,N/A,,N/A,,,,,,,,
PhilippeMarieVisconti,Philippe Marie,Visconti,Philippe Marie Visconti; Filippo Visconti; Philip Visconti,le 3e duc de Milan,homme d'État | Duc de Milan de 1412 à 1447,1392-09-03,Milan,1447-08-13,Milan,duché de Milan,,,,,,,
ProsperoVisconti,Prospero,Visconti,Prosper Visconti; Prospero Visconti,n/a,N/A,1545-00-00,N/A,1592-01-01,N/A,,,,,,,,
PirroIViscontiBorromeo,Pirro I,Visconti Borromeo,Pirro I Visconti Borromeo; Pirro Visconte,n/a,mécène,1560-00-00,Milan,1604-00-00,Milan,,,,,,,,
TimoteoViti,Timoteo,Viti,Timothée d’a Urbino,peintre italien,Comment on works: Religious,1469-00-00,Urbino,1523-00-00,Urbino,Italie,,,,,,,
Vitruve,,Vitruve,Vitruve; Marco Vitruvio Pollione; Vitruve Polion; Vittruvio; Vitreuve; Victruve; Vitruvio; Vitruv.; Vitr.,architecte et écrivain romain,"architecte, écrivain ou écrivaine",0080-01-01,Formia,0015-00-00,N/A,Rome antique,,,,,,,
AlessandroVittoria,Alessandro,Vittoria,Alessandro Vittorio da Trento; Jaques Alexandre Vittoria de Trente,sculpteur italien (1525–1608),Italian sculptor and medallist. Comment on works: Sculptor; Medalist,1525-01-01,Trento,1608-05-27,Venise,république de Venise,,,,,,,
AlviseVivarini,Alvise,Vivarini,Louis Vivarino,peintre vénitien,"Comment on works: religious, Portraits | Louis Vivarino chez Monier",1440-00-00,Venise,1500-00-00,Venise,république de Venise,,,,,,,
AntonioVivarini,Antonio,Vivarini,Le Vivarini,peintre vénitien de la renaissance,Italian artist. Comment on works: religious | dit Antonio da Murano Le Vivarini chez Monier,1415-00-00,Murano,1480-05-03,Venise,république de Venise,,,,,,,
BartolomeoVivarini,Bartolomeo,Vivarini,Bartelemi Vivarino,peintre italien,Comment on works: religious,1430-00-00,Venise,1499-01-01,Italie,république de Venise,,,,,,,
PieterVlerick,Pieter,Vlerick,Pierre Udalric,peintre flamand,,1539-00-00,Courtrai,1581-00-00,Tournai,Pays-Bas des Habsbourg,,,,,,,
JohannesVoet,Johannes,Voet,Johannes Voet; Voët,n/a,"juriste, professeur ou professeure d'université",1647-10-03,Utrecht,1713-09-09,Utrecht,Provinces-Unies,,,,,,,
FlaviusVopiscus,Flavius,Vopiscus,Flavius Vopiscus,historien fictif de l'Histoire Auguste,historien ou historienne,0201-01-01,Izmir,0301-01-01,N/A,Rome antique,,,,,,,
JacobusDeVoragine,"Jacobus, de",Voragine,Jacques de Voragine; Jacobus de Voragine,"frère dominicain italien, archevêque et auteur de la Légende dorée","traducteur ou traductrice, prêtre catholique, théologien ou théologienne, chroniqueur ou chroniqueuse, archevêque, évêque catholique, écrivain ou écrivaine",1228-00-00,Varazze,1298-07-00,Gênes,,,,,,,,
LucasVorsterman,Lucas,Vorsterman,Luc Wostremans; Vostermans,graveur flamand,Comment on works: engraver,1595-01-01,Zaltbommel,1675-01-01,Antwerpen,Pays-Bas méridionaux,,,,,,,
MaertenDeVos,Maerten de,Vos,Martin d’Anvers; Martin de Vos; MARTIN DE VOS,peintre et dessinateur flamande,"Flemish painter and draftsman. Together with the brothers Ambrosius Francken I and Frans Francken I, he was among the most influential painters of altarpieces in Antwerp during the 1590s. Due in part to the Counter-Reformation, there was a renewed demand for altarpieces to replace those lost during iconoclastic riots in 1566 and reformist movement of 1581. Comment on works: History; Portraits",1532-00-00,Antwerpen,1603-01-01,Antwerpen,Pays-Bas méridionaux,,,,,,,
IsaacVossius,Isaac,Vossius (Voss),Isaac Vossius; Vossius,érudit et bibliophile néerlandais,"bibliothécaire, musicologue, philologue classique, théoricien ou théoricienne de la musique, bibliophile, chanoine, érudit classique, fabricant d'instruments, écrivain ou écrivaine",1618-01-01,Leyde,1689-02-21,Windsor,Provinces-Unies,,,,,,,
LaurentVouet,Laurent,Vouet,Laurent Vouët,peintre,,,,,,,,,,,,,
SimonVouet,Simon,Vouet,Simon le Roy; Simon Vouet; Simon Voeut; Simon Voüet; Simon vouet; SIMON VOUE; Mr. Vouet; Voüet; Vouet; Vouët; VOUET,peintre français,French painter. Comment on works: Portraits; Religious; Mythology; Allegory,1590-01-09,Paris,1649-06-30,Paris,France,,,,,,,
AubinVouet,Aubin,Vouët,Aubin Vouët,peintre français,,1595-06-13,Paris,1641-05-01,Paris,France,,,,,,,
HansVredemanDeVries,Hans,Vredeman de Vries,,peintre néerlandais,,1527-01-01,Leeuwarden,1607-01-01,Antwerpen,Dix-sept Provinces,,,,,,,
AdrienVries,Adrien,Vries,"Adrien de Vries, Adriano Friso; Adriano Friso","artist, sculptor","On trouve aussi ""Adriano Friso"" chez Lomazzo (Idea) et ""Adrien de Vries"".",1545,s-Gravenhage,1626,Praha,,,,,,,,
RemyVuibert,Rémy,Vuibert,,peintre français,N/A,1607-01-01,Rethel,1652-09-19,Moulins,France,,,,,,,
Vulcain,Vulcain,Vulcain,Vulcain; Vulcano; Vulcan,"dieu romain du feu, de la forge, des volcans, etc.",N/A,,N/A,,N/A,,,,,,,,
MarcDeVulsonDeLaColombiere,Marc de,Vulson de La Colombière,Marc de Vulson de La Colombière; Marc Vulson,n/a,"poète ou poétesse, historien ou historienne, héraldiste",,N/A,1658-01-01,N/A,France,,,,,,,
Vegece,Végèce,Végèce,Végèce; Vegece,écrivain militaire latin,"écrivain ou écrivaine, militaire, historien ou historienne, médecin, haut fonctionnaire ou haute fonctionnaire",0400-00-00,N/A,0450-01-01,N/A,Rome antique,,,,,,,
Venus,Vénus,Vénus,Vénus; la Déesse Venus; la Deesse Venus; Venere; VENERE; Venus,"déesse de l'amour, de la séduction, de la beauté féminine dans la mythologie romaine",N/A,,N/A,,N/A,,,,,,,,
LuciusAureliusVerus,Lucius Aurelius,Vérus,Lucius Verus; Verus,empereur romain de 161 à 169,personnalité politique,0130-12-15,Rome,0169-00-00,Altinum,Rome antique,,,,,,,
JeanIIWaldor,Jean II,Waldor,Jean Waldor le Jeune; Valdor,"artist, engraver, cartoonists, tapestry designers, draftsman, printmaker",N/A | dit le Jeune,1616,Liège,1670,Paris,,,,,,,,
JoosVanWassenhove,Joos van,Wassenhove,Juste de Gand,peintre flamand,"Comment on works: religious, Allegory | Juste de Gand chez Monier",1430-01-01,Gand,1480-01-01,Italie,,,,,,,,
RogierVanDerWeyden,Rogier van der,Weyden,Roger Vanderverden; Roger de Bruges,peintre primitif flamand,"Van der Weyden was a popular and influential artist. He apparently learned much from Robert Campin (the Master of Flémalle). He was a talented draftsman and designer, emphasizing with the emotional impact of his work and meticulous technical execution. He seems to have run a large and busy workshop, which complicates the attribution of works to him or his assistants. Netherlandish painter. Comment on works: Religious | aussi Roger de Le Pasture ou Roger de Bruges",1390-00-00,Tournai,1464-06-18,Bruxelles,Pays-Bas bourguignons,,,,,,,
AlofDeWignacourt,Alof de,Wignacourt,Alof de Wignacourt; Maître de Vignacourt,grand maître de l'ordre de Saint-Jean de Jérusalem,moine guerrier,1547-01-01,royaume de France,1622-09-14,Malte,France,,,,,,,
Vitellion,Erazmus Ciolek,Witelo,Vitellion; Vitellione,"Frère prémontré, commentateur d'Alhazen et pionnier de l'optique instrumentale","mathématicien ou mathématicienne, physicien ou physicienne, psychologue, philosophe, théologien ou théologienne, moine chrétien ou moniale chrétienne, moine ou moniale, clerc | On trouve aussi Erazmus Ciolek Witelo, Witelon, Vitellio et Vitello. En italien, on trouve Vitellione.",1230-01-01,N/A,1275-01-01,abbaye de Vicogne,duché de Silésie,,,,,,,
MichaelWolgemut,Michael,Wolgemut,Michel Wolgemut,"peintre, un dessinateur et un graveur sur bois de la Renaissance (1434–1519)",,1434-01-01,Nürnberg,1519-11-30,Nürnberg,Allemagne,,,,,,,
Xenocrate,Xénocrate,Xénocrate,Xénocrate; Xenocrate; Senocrate; Zenocrate,philosophe antique,"philosophe, enseignant ou enseignante, mathématicien ou mathématicienne, écrivain ou écrivaine",0396-01-01,Chalcédoine,0314-01-01,Athènes,Athènes,,,,,,,
Xenophon,,Xénophon,Xénophon; Senofonte; Xenophon,"historien, militaire et philosophe grec","historien ou historienne, mercenaire, philosophe, militaire, écrivain ou écrivaine",0430-01-01,Erchia,0354-01-01,Corinthe,Athènes,,,,,,,
BernardoZenale,Bernardo,Zenale,Bernardino da Treviglio; Bernardo Zenale; Bernard Zenal; Zenale,peintre italien,Comment on works: religious | Aussi connu sous le nom de Bernardino da Treviglio,1450-00-00,Treviglio,1526-00-00,Milano,duché de Milan,,,,,,,
Zenon,Zénon,Zenon,Zénon; Zenon,empereur byzantin de 474 à 491,"personnalité politique, monarque | Empereur byzantin de 476 à 491.",0425-00-00,Zenopolis d'Isaurie,0491-04-09,Constantinople,Empire byzantin,,,,,,,
Zeus,Zeus,Zeus,Zeus; Zeuse,roi des dieux dans la religion grecque antique et la mythologie grecque,N/A,,N/A,,N/A,,,,,,,,
Zeuxis,Zeuxis,Zeuxis,Zeuxis; Xeuxis d'Heraclée; Zeuxis d’Eraclée; Zeusis; Xeuxis; ZEUXIS; Zeusi,peintre grec de l'Antiquité,artiste peintre,0500-01-01,Héraclée,0400-01-01,Athènes,,,,,,,,
AltichieroDaZevio,Altichiero da,Zevio,Altichiero da Zevio; Aldigieri de Zevio,peintre italien,"Noted as one of the most influential north Italian artists of the Trecento. His work referred to the humanist culture of Petrarch and his associates in the courts of Verona and Padua. His known career began after 1364, when he painted the Sala Grande of the Scaligeri Palace in Verona. Italian painter, Verona. Comment on works: religious",1330-01-01,Zevio,1390-01-01,Vérone,,,,,,,,
MarcoZoppo,Marco,Zoppo,Marco Zoppo Bolonois; Marco Zoppo,peintre italien,"Comment on works: religious | dit Marco Zoppo ou il Zoppo, Marco Zoppo da Bologna, Zoppo di Squarcione",1433-01-01,Cento,1478-01-01,Venezia,États pontificaux,,,,,,,
Zoroastre,Zoroastre,Zoroastre,Zoroastre; Zoroastre Roi de la Bactriane; Zoroastro,prophète et fondateur du zoroastrisme (entre 1500 av. J.-C. et 550 av. J.-C.),"prophète ou prophétesse, fondateur d'une religion, poète ou poétesse, écrivain ou écrivaine, thaumaturge",0628-00-00,Ray,0551-00-00,Balkh,,,,,,,,
Zorus,,Zorus,Xovus,,,,,,,,,,,,,,
JanosZsamboky,János,Zsámboky,"Johannes Sambucus, Gioan Sambuco; Gioan Sambuco","médecin, philologue, humaniste, historien, poète, collectionneur d'œuvres d'art, de manuscrits, bibliophile et mécène hongrois","linguiste, historien ou historienne, médecin, écrivain ou écrivaine, poète ou poétesse, humaniste, philosophe, professeur ou professeure d'université | Plus connu sous son nom savant ""Johannes Sambucus"". On trouve aussi ""Gioan Sambuco"" chez Lomazzo (Idea).",1531-07-00,Trnava,1584-06-13,Vienne,royaume de Hongrie,,,,,,,
Zuccaro,Famille,Zuccaro,Zucchari,"families, artist, painter",,,N/A,,N/A,,,,,,,,
FedericoZuccaro,Federico,Zuccaro,Cavaliero Federico Zuccharo; Cavaliere Federigo Zuccari; Chevalier Federic Zuccaro; Federicum Zuccarum; FEDERICO ZUCCARO.; FEDERICO ZUCCHARI; Federici Zucchari; Cavaglier Zuccaro; FEDERICO ZUCCARI; FEDERICO ZUCCARO; Fréderic Zuccre; Federico Zuccari; Fiderico Zuccaro; Federico Zuccaro; Frederic Zuchero; Frederic Zuccre; Frédéric Zuccre; FREDERIC ZUCCRE; Signor Zucchari; Fréderic Luccre; Fréderic Zuccre; Signor Zuccari; F. Zuccharo; ZUCCHARUS; Zucchero; ZUCCHARE; ZUCCARO; Zucchari; Federic; ZUCCARO; Zuccari; ZUCCARE; ZUCCAR; Zucaro,peintre italien,"Federico was the younger brother of Taddeo Zuccaro, under whom he studied in Rome. Noted as a fresco painter with commissions in numerous churches in Rome and elsewhere. Comment on works: Marines; Portraits; Religious",1539-01-01,Sant'Angelo in Vado,1609-07-20,Ancona,Italie,,,,,,,
TaddeoZuccaro,Taddeo,Zuccaro,Tadée Zuccarous; Tadée Zuchero; Tadeo Zuccaro; Tadée Zuccre; TADEE ZUCCRE; Zuccaro,peintre italien,"Italian painter and muralist, active ca. 1553, on the decoration of the villa of Pope Julius III in Rome. Comment on works: Religious, Portraits",1529-09-01,Vado Ligure,1566-09-12,Roma,Italie,,,,,,,
GaetanoZumbo,Gaetano Giulio,Zumbo,Abbé Zumbo; M. Zumbo,"artist, modelers, sculptor",Comment on works: Sculptor,1656-01-01,Syracuse,1701-12-22,Paris,Italie,,,,,,,
LambertZutman,Lambert,Zutman,Suavius; Lambert Suterman,"architect, artist, poets, draftsman, painter, printmaker",Suavius,1500,Liège,1576,Frankfurt am Main,,,,,,,,
SaintJacquesMajeur,Jacques de,Zébédée,Jacques de Zébédée; Sainct Jacques le Majeur; S. Jacques le Majeur; saint Jacques; Saint Jaques,apôtre du Christ,"pêcheur ou pêcheuse, missionnaire | dit Saint Jacques le Majeur",0001-00-00,Bethsaïde,0044-00-00,Jérusalem,Rome antique,,,,,,,
Zenodore,Zénodore,Zénodore,Zénodore; Zenodore; Zenodoro,sculpteur antique,"sculpteur ou sculptrice, toreuticien",,N/A,,N/A,Rome antique,,,,,,,
Zephyr,Zéphyr,Zéphyr,Zefiro (it); zefiro,"personnification du vent d'ouest ou du nord-ouest, dans la mythologie grecque",N/A | personnification du vent de l'ouest,,N/A,,N/A,,,,,,,,
MarcusAemiliusScaurus,Marcus,Æmilius Scaurus,Marcus Scaurus,,,,,,,,,,,,,,
PhiloclesdEgypte,"Philoclès, de",Égypte,Filocle Egittio,,,,,,,,,,,,,,
SainteElisabeth,Elisabeth,Élisabeth,Élisabeth; Saincte Elizabeth; sainte Elizabeth,personnage de l'Évangile et du Coran,N/A,0100-01-01,Hébron,0100-00-00,N/A,,,,,,,,
Eole,Éole,Éole,Éole; Eolo,"personnage de la mythologie grecque, fils d'Hippotès et maître des vents",N/A | Renvoie à 3 personnages possiblement donc à préciser,,N/A,,N/A,,,,,,,,
Epaminondas,Épaminondas,Épaminondas,Épaminondas; Epaminondas,général et homme politique thébain,"personnalité politique, militaire, chef militaire, homme d'État, officier d'armée de terre",0418-00-00,Thèbes,0362-01-01,Mantinée,Thèbes,,,,,,,
Erichthonios,Érichthonios,Érichthonios,Érichthonios; d'Ericton; Ericton,roi légendaire d'Athènes,N/A,,N/A,,N/A,Athènes,,,,,,,
Evandre,Evandre,Évandre,Évandre; Evandro,"héros de la mythologie grecque et romaine, roi de Pallantium",N/A | héros légendaire des origines de Rome,,N/A,,N/A,,,,,,,,
Œnone,Œnone,Œnone,Œnone; Enone,"nymphe de la mythologie grecque, fille de Cébren",N/A,,N/A,,N/A,,,,,,,,
