dossier,ancien_nom,nouveau_nom,statut,message
entry_artwork,absideSanSigismondoBoccaccino.json,AbsideSanSigismondoBoccaccino.json,erreur,Un fichier avec ce nom existe déjà (collision)
entry_artwork,AgostinoVenezianoEcoleAthenes.json,AgostinoVenezianoEcoleAthenes.json,inchangé,
entry_artwork,AllegorieArno.json,AllegorieArno.json,inchangé,
entry_artwork,AmourDieuxCaraglio.json,GiovanniJacopoCaraglioAmourDieux.json,renommé,
entry_artwork,AndreaAndreaniTriompheGrave.json,AndreaAndreaniTriompheGraveMET.json,renommé,
entry_artwork,AndreaDelCastagnoExecutionConjures.json,AndreaDelCastagnoExecutionConjures.json,inchangé,
entry_artwork,AndreaDelSartoLeonX.json,AndreaDelSartoLeonXCapodimonte.json,renommé,
entry_artwork,AndreaDelSartoSaintJerome.json,AndreaDelSartoSaintJerome.json,inchangé,
entry_artwork,AndreaDelSartoSebastien.json,AndreaDelSartoSebastien.json,inchangé,
entry_artwork,AnnonciationBarocci.json,FedericoBarocciAnnonciationVatican.json,renommé,
entry_artwork,AnonymeHelene.json,AnonymeHelene.json,inchangé,
entry_artwork,AnonymeRaphaelDieuCreantAnimaux.json,AnonymeRaphaelDieuCreantAnimaux.json,inchangé,
entry_artwork,AnthonisMorVanDashorstChristPierrePaulChantilly.json,AnthonisMorVanDashorstChristPierrePaulChantilly.json,inchangé,
entry_artwork,AnthonisMorVanDashorstPortraitJanVanScorel.json,AnthonisMorVanDashorstPortraitJanVanScorelBurlingtonHouse.json,renommé,
entry_artwork,AntoineCoysevoxSepultureCharlesLeBrunSaintNicolasDuChardonnet.json,AntoineCoysevoxSepultureCharlesLeBrunSaintNicolasDuChardonnet.json,inchangé,
entry_artwork,ApelleAlexandreLeGrand.json,ApelleAlexandreLeGrand.json,inchangé,
entry_artwork,ApelleCalomnie.json,ApelleCalomnie.json,inchangé,
entry_artwork,ApelleCampaspe.json,ApelleCampaspe.json,inchangé,
entry_artwork,ApelleCythere.json,ApelleCythere.json,inchangé,
entry_artwork,ApollonBelvedere.json,ApollonBelvedereVatican.json,renommé,
entry_artwork,ArachneCantoni.json,CaterinaCantoniCamilloProcacciniArachne.json,renommé,
entry_artwork,ArcDeTriompheDeMaximilienDurer.json,ArcDeTriompheDeMaximilienDurer.json,inchangé,
entry_artwork,ArcheAlliance.json,ArcheAlliance.json,inchangé,
entry_artwork,ArianeEndormie.json,ArianeEndormieVatican.json,renommé,
entry_artwork,ArtemisEfesia.json,ArtemisEfesia.json,inchangé,
entry_artwork,AssomptionDeLaViergeLotto.json,LorenzoLottoAssomptionViergeEgliseSantaMaria.json,renommé,
entry_artwork,AthenaGiustiniani.json,AthenaGiustinianiVatican.json,renommé,
entry_artwork,AutelDomeDeMilan.json,AutelDomeDeMilan.json,inchangé,
entry_artwork,AutoportraitAcademieLomazzo.json,GiovanniPaoloLomazzoAutoportraitAcademiePinacothequeBrera.json,renommé,
entry_artwork,BacchanaleAvecUnSileneMantegna.json,AndreaMantegnaBacchanaleAvecSilene.json,renommé,
entry_artwork,BacchanalesMantegna.json,AndreaMantegnaBacchanales.json,renommé,
entry_artwork,BacchusSansovino.json,BacchusSansovino.json,inchangé,
entry_artwork,BandinelliHerculeEtCacus.json,BaccioBandinelliHerculeEtCacus.json,renommé,
entry_artwork,BartholomaeusSprangerJugementDernierGalleriaSabauda.json,BartholomaeusSprangerJugementDernierGalleriaSabauda.json,inchangé,
entry_artwork,BartoliAllegorieCycleVie.json,BartoliAllegorieCycleVie.json,inchangé,
entry_artwork,BeatrizetAnnonciation.json,MichelAngeNicolasBeatrizetAnnonciation.json,renommé,
entry_artwork,BeatrizetArchers.json,NicolasBeatrizetArchers.json,renommé,
entry_artwork,BeatrizetBacchanale.json,BeatrizetBacchanale.json,inchangé,
entry_artwork,BeatrizetCainAbel.json,BeatrizetCainAbel.json,inchangé,
entry_artwork,BeatrizetConversionSaintPaul.json,BeatrizetConversionSaintPaul.json,inchangé,
entry_artwork,BeatrizetCrucifixion.json,BeatrizetCrucifixion.json,inchangé,
entry_artwork,BeatrizetGanymede.json,BeatrizetGanymede.json,inchangé,
entry_artwork,BeatrizetPhaeton.json,BeatrizetPhaeton.json,inchangé,
entry_artwork,BeatrizetPieta.json,BeatrizetPieta.json,inchangé,
entry_artwork,BeatrizetPropheteJeremie.json,BeatrizetPropheteJeremie.json,inchangé,
entry_artwork,BeatrizetSongeVieHumaine.json,BeatrizetSongeVieHumaine.json,inchangé,
entry_artwork,BeatrizetTityos.json,BeatrizetTityos.json,inchangé,
entry_artwork,BelliniFestinDesDieuxWashington.json,GentileBelliniFestinDesDieuxNGWashington.json,renommé,
entry_artwork,BernaertVanOrleyJugementDernierAnvers.json,BernaertVanOrleyJugementDernierAnvers.json,inchangé,
entry_artwork,BernardSalomonBibliaSacra.json,BernardSalomonBibliaSacra.json,inchangé,
entry_artwork,BoldriniBrittoSaintJerome.json,NiccoloBoldriniGiovanniBrittoSaintJerome.json,renommé,
entry_artwork,BolswertRubensVueMalines.json,SchelteBolswertPeterPaulRubensVueMalines.json,renommé,
entry_artwork,BotticelliDivineComedie.json,SandroBotticelliDivineComedieKupferstichkabinett.json,renommé,
entry_artwork,BouclierAchille.json,BouclierAchille.json,inchangé,
entry_artwork,BrittoAdorationBergers.json,GiovanniBrittoAdorationBergers.json,renommé,
entry_artwork,BularqueBatailleMagnesiens.json,BularqueBatailleMagnesiens.json,inchangé,
entry_artwork,CalomnieApelle.json,ApelleCalomnie.json,erreur,Un fichier avec ce nom existe déjà (collision)
entry_artwork,CaraglioAdorationBergers.json,GiovanniJacopoCaraglioAdorationBergers.json,renommé,
entry_artwork,CaraglioAlexandreRoxane.json,GiovanniJacopoCaraglioAlexandreRoxane.json,renommé,
entry_artwork,CaraglioAnnonciation.json,GiovanniJacopoCaraglioAnnonciation.json,renommé,
entry_artwork,CaraglioDieux.json,GiovanniJacopoCaraglioDieux.json,renommé,
entry_artwork,CaraglioMariageVierge.json,GiovanniJacopoCaraglioMariageVierge.json,renommé,
entry_artwork,CaraglioPlutonProserpine.json,GiovanniJacopoCaraglioPlutonProserpine.json,renommé,
entry_artwork,CaraglioRaptSabines.json,GiovanniJacopoCaraglioRaptSabines.json,renommé,
entry_artwork,CaraglioSaturnePhilyra.json,GiovanniJacopoCaraglioSaturnePhilyra.json,renommé,
entry_artwork,CaraglioViergeJBRaphael.json,GiovanniJacopoCaraglioViergeJBRaphael.json,renommé,
entry_artwork,CaravageAlofWignacourtLouvre.json,CaravageAlofWignacourtLouvre.json,inchangé,
entry_artwork,CaravageCupidonGemaldegalerie.json,CaravageCupidonGemaldegalerie.json,inchangé,
entry_artwork,CaravageDecollationSaintJeanMalte.json,CaravageDecollationSaintJeanMalte.json,inchangé,
entry_artwork,CaravageIncreduliteSaintThomasPotsdam.json,CaravageIncreduliteSaintThomasPotsdam.json,inchangé,
entry_artwork,CarelVanManderDecollationSainteCatherineCourtrai.json,CarelVanManderDecollationSainteCatherineCourtrai.json,inchangé,
entry_artwork,CarelVanManderPassionArrestationChristRotterdam.json,CarelVanManderPassionArrestationChristRotterdam.json,inchangé,
entry_artwork,CarelVanManderPassionChristCeneRotterdam.json,CarelVanManderPassionChristCeneRotterdam.json,inchangé,
entry_artwork,CarelVanManderPassionChristDescenteDeCroixRotterdam.json,CarelVanManderPassionChristDescenteDeCroixRotterdam.json,inchangé,
entry_artwork,CarelVanManderPassionChristDevantCaipheRotterdam.json,CarelVanManderPassionChristDevantCaipheRotterdam.json,inchangé,
entry_artwork,CarelVanManderPassionChristEmmeneParPilateRotterdam.json,CarelVanManderPassionChristEmmeneParPilateRotterdam.json,inchangé,
entry_artwork,CarelVanManderPassionChristLavagePiedsRotterdam.json,CarelVanManderPassionChristLavagePiedsRotterdam.json,inchangé,
entry_artwork,CarelVanManderPassionChristMontOliviersRotterdam.json,CarelVanManderPassionChristMontOliviersRotterdam.json,inchangé,
entry_artwork,CarelVanManderPassionChristPressoirRotterdam.json,CarelVanManderPassionChristPressoirRotterdam.json,inchangé,
entry_artwork,CarelVanManderPassionCouronnementEpinesRotterdam.json,CarelVanManderPassionCouronnementEpinesRotterdam.json,inchangé,
entry_artwork,CarelVanManderPassionCrucifixionRotterdam.json,CarelVanManderPassionCrucifixionRotterdam.json,inchangé,
entry_artwork,CarelVanManderPassionEcceHomoRotterdam.json,CarelVanManderPassionEcceHomoRotterdam.json,inchangé,
entry_artwork,CarelVanManderPassionFlagellationRotterdam.json,CarelVanManderPassionFlagellationRotterdam.json,inchangé,
entry_artwork,CarelVanManderPassionPortementCroixRotterdam.json,CarelVanManderPassionPortementCroixRotterdam.json,inchangé,
entry_artwork,CarracheCrisBologne.json,SimonGuillainIIAnnibaleCarracheCrisBologne.json,renommé,
entry_artwork,CarracheGalerieFarnese.json,DomenichinoAnnibaleAgostinoCarracheGalerieFarnese.json,renommé,
entry_artwork,CavalliniCrucifixSaintPaul.json,PietroCavalliniCrucifixSaintPaulHorsRome.json,renommé,
entry_artwork,CaveAVinArcimboldo.json,GiuseppeArcimboldoCaveAVinLondres.json,renommé,
entry_artwork,ChairesDonatello.json,DonatelloChairesPassionResurrectionBasiliqueSanLorenzoFlorence.json,renommé,
entry_artwork,ChapellePaulineMichelAnge.json,MichelAngeChapellePaulineVatican.json,renommé,
entry_artwork,CharlesLeBrunAlexandrePorusLouvre.json,CharlesLeBrunAlexandrePorusLouvre.json,inchangé,
entry_artwork,CharlesLeBrunBatailleDArbellesLouvre.json,CharlesLeBrunBatailleDArbellesLouvre.json,inchangé,
entry_artwork,CharlesLeBrunCoupolePavillonAuroreSceaux.json,CharlesLeBrunCoupolePavillonAuroreSceaux.json,inchangé,
entry_artwork,CharlesLeBrunDescenteSaintEspritLouvre.json,CharlesLeBrunDescenteSaintEspritLouvre.json,inchangé,
entry_artwork,CharlesLeBrunEntreeAlexandreDansBabyloneLouvre.json,CharlesLeBrunEntreeAlexandreDansBabyloneLouvre.json,inchangé,
entry_artwork,CharlesLeBrunEscalierDesAmbassadeursQuatreNationsVersailles.json,CharlesLeBrunEscalierDesAmbassadeursQuatreNationsVersailles.json,inchangé,
entry_artwork,CharlesLeBrunExpressionsDesPassionDeLAme.json,CharlesLeBrunExpressionsDesPassionDeLAme.json,inchangé,
entry_artwork,CharlesLeBrunHerculeTuantChevauxDeDiomedeNottingham.json,CharlesLeBrunHerculeTuantChevauxDeDiomedeNottingham.json,inchangé,
entry_artwork,CharlesLeBrunLeSerpentDAirainBristol.json,CharlesLeBrunLeSerpentDAirainBristol.json,inchangé,
entry_artwork,CharlesLeBrunMartyreSaintAndreMayNotreDameParis.json,CharlesLeBrunMartyreSaintAndreMayNotreDameParis.json,inchangé,
entry_artwork,CharlesLeBrunMartyreSaintEtienneMayNotreDameParis.json,CharlesLeBrunMartyreSaintEtienneMayNotreDameParis.json,inchangé,
entry_artwork,CharlesLeBrunPassageGraniqueLouvre.json,CharlesLeBrunPassageGraniqueLouvre.json,inchangé,
entry_artwork,CharlesLeBrunPlafondChambreMusesVauxVicomte.json,CharlesLeBrunPlafondChambreMusesVauxLeVicomte.json,renommé,
entry_artwork,CharlesLeBrunPortraitNicolasLeBrunResidenzgalerie.json,CharlesLeBrunPortraitNicolasLeBrunResidenzgalerie.json,inchangé,
entry_artwork,CharlesLeBrunRoiGouverneParLuiMemeVersailles.json,CharlesLeBrunRoiGouverneParLuiMemeVersailles.json,inchangé,
entry_artwork,CharlesLeBrunTenteDariusVersailles.json,CharlesLeBrunTenteDariusVersailles.json,inchangé,
entry_artwork,CharlesVLeoni.json,LeoneLeoniCharlesVPrado.json,renommé,
entry_artwork,ChevauxSaintMarcVenise.json,ChevauxSaintMarcVenise.json,inchangé,
entry_artwork,ChoirCathedraleMilan.json,RichardTaurignyChoirCathedraleMilan.json,renommé,
entry_artwork,ChoirSantaGiustina.json,RiccardoTaurignyBattistaDaVicenzaChoirSantaGiustinaPadoue.json,renommé,
entry_artwork,ChristALaColonneBramante.json,BramanteChristALaColonnePinacothequeBrera.json,renommé,
entry_artwork,ChristEtLAdultereBoccaccino.json,CamilloBoccaccinoChristEtLAdultereCremona.json,renommé,
entry_artwork,ChristMinerva.json,MichelAngeChristMinerveSantaMariaSopraMinervaRome.json,renommé,
entry_artwork,CloitreScalzoFlorence.json,AndreaDelSartoCloitreScalzoFlorence.json,renommé,
entry_artwork,CockVisitationPiombo.json,HieronymusCockSebastianoDelPiomboVisitation.json,renommé,
entry_artwork,CockVisitationSalviati.json,HieronymusCockFrancescoSalviatiVisitation.json,renommé,
entry_artwork,ColosseNeronRome.json,ColosseNeronRome.json,inchangé,
entry_artwork,CombatDeDieuxMarinsMantegna.json,AndreaMantegnaCombatDeDieuxMarins.json,renommé,
entry_artwork,CopieLeonardCeneParis.json,CopieLeonardCeneParis.json,inchangé,
entry_artwork,CornelisCortCalomnie.json,CornelisCortCalomnieDApelleMET.json,renommé,
entry_artwork,CornelisCortTransfiguration.json,CornelisCortRaphaelTransfiguration.json,renommé,
entry_artwork,CorregeAssomptionViergeParme.json,CorregeAssomptionViergeParme.json,inchangé,
entry_artwork,CorregeCoupoleAssomption.json,CorregeCoupoleAssomptionParme.json,renommé,
entry_artwork,CortAdorationBergersPolidoro.json,CornelisCortPolidoroDaCaravaggioAdorationBergers.json,renommé,
entry_artwork,CortAnnonciationZuccaro.json,CornelisCortFedericoZuccaroAnnonciation.json,renommé,
entry_artwork,CortBatailleScipionZama.json,CornelisCortGiulioRomanoBatailleScipionZama.json,renommé,
entry_artwork,CortCalomnieApelle.json,CornelisCortFedericoZuccaroCalomnieApelle.json,renommé,
entry_artwork,CortMartyreSaintEtienne.json,CornelisCortMarcelloVenustiMartyreSaintEtienne.json,renommé,
entry_artwork,CortMartyreSaintLaurentTitien.json,CornelisCortTitienMartyreSaintLaurent.json,renommé,
entry_artwork,CrucifixdeSantoSpirito.json,MichelAngeCrucifixSantoSpiritoFlorence.json,renommé,
entry_artwork,CusineArcimboldo.json,GiuseppeArcimboldoCuisine.json,renommé,
entry_artwork,CyclePassionVarallo.json,GaudenzioFerrariCyclePassionVarallo.json,renommé,
entry_artwork,DaCarpiDavidGoliath.json,UgoDaCarpiDavidGoliath.json,renommé,
entry_artwork,DaCarpiDescenteCroix.json,UgoDaCarpiDescenteCroix.json,renommé,
entry_artwork,DaCarpiDiogene.json,UgoDaCarpiParmigianinoDiogene.json,renommé,
entry_artwork,DaCarpiEneeAnchise.json,UgoDaCarpiEneeAnchise.json,renommé,
entry_artwork,DaCarpiEnvieHercule.json,UgoDaCarpiBaldassarrePeruzziEnvieTempleDesMuses.json,renommé,
entry_artwork,DaCarpiMortAnanias.json,UgoDaCarpiMortAnanias.json,renommé,
entry_artwork,DaCarpiSybilleFlambeau.json,UgoDaCarpiSybilleFlambeau.json,renommé,
entry_artwork,DaCarpiVenusPutti.json,UgoDaCarpiBaldassarrePeruzziVenusPutti.json,renommé,
entry_artwork,DaCarpiVeroniquePaulPierre.json,UgoDaCarpiVeroniquePaulPierre.json,renommé,
entry_artwork,DanieleDaVolterraEquestreHenriII.json,DanieleDaVolterraEquestreHenriII.json,inchangé,
entry_artwork,DanseusesBorghese.json,DanseusesBorgheseLouvre.json,renommé,
entry_artwork,DapParmesanViergeOvale.json,AntonioDaTrentoParmigianinoViergeOvale.json,renommé,
entry_artwork,DapRaphaelSibylleEnfant.json,AnonymeRaphaelSibylleEnfant.json,renommé,
entry_artwork,DapTitienTriompheChrist.json,AnonymeTitienTriompheChrist.json,renommé,
entry_artwork,DaTrentoMartyrePierrePaul.json,AntonioDaTrentoMartyrePierrePaul.json,renommé,
entry_artwork,DaTrentoSibylle.json,AntonioDaTrentoSibylle.json,renommé,
entry_artwork,DavidMichelAnge.json,MichelAngeDavidGalleriaDellAccademiaFlorence.json,renommé,
entry_artwork,DavidTeniersArchiducLeopoldGuillaumeDansSaGalerieDeBruxellesKunstHistorischesMuseumVienne.json,DavidTeniersArchiducLeopoldGuillaumeDansSaGalerieDeBruxellesKunstHistorischesMuseumVienne.json,inchangé,
entry_artwork,DavidTeniersArchiducLeopoldGuillaumeDansSaGalerieDeBruxellesMuseesRoyauxBeauxArtsBruxelles.json,DavidTeniersArchiducLeopoldGuillaumeDansSaGalerieDeBruxellesMuseesRoyauxBeauxArtsBruxelles.json,inchangé,
entry_artwork,DavidTeniersArchiducLeopoldGuillaumeDansSaGalerieDeBruxellesPrado.json,DavidTeniersArchiducLeopoldGuillaumeDansSaGalerieDeBruxellesPrado.json,inchangé,
entry_artwork,DeCavalieriMartyreSaintPierre.json,GiovanniBattistaDeCavalieriMartyreSaintPierre.json,renommé,
entry_artwork,DecollageBattistaDanti.json,VincenzoDantiDecollationSaintJeanBaptisteMuseoDellOperaDelDuomo.json,renommé,
entry_artwork,DecouverteDuCorpsSaintMarcTintoretto.json,JacopoTintorettoDecouverteDuCorpsSaintMarcPinacothequeDeBrera.json,renommé,
entry_artwork,DenteAnnonciation.json,MarcoDenteAnnonciation.json,renommé,
entry_artwork,DenteCene.json,MarcoDenteCene.json,renommé,
entry_artwork,DenteMassacreInnocents.json,MarcoDenteMassacreInnocents.json,renommé,
entry_artwork,DepositionPontormo.json,PontormoDepositionSantaFelicitaFlorence.json,renommé,
entry_artwork,DiamantBirago.json,ClementeBiragoPortraitCharlesDEspagneDiamant.json,renommé,
entry_artwork,DianeTimarete.json,TimareteDianeEphese.json,renommé,
entry_artwork,DieuLePereEtAngesLanino.json,BernardinoLaninoDieuLePereEtAngesNovare.json,renommé,
entry_artwork,DinerChezSimoneVeronese.json,PaoloVeroneseDinerChezSimoneGalerieSabauda.json,renommé,
entry_artwork,DioscuresQuirinale.json,PraxitelePhidiasFontaineDioscuresQuirinalRome.json,renommé,
entry_artwork,DominiquinAdamEveGrenoble.json,DominiquinAdamEveGrenoble.json,inchangé,
entry_artwork,DominiquinCommunionSaintJeromeVatican.json,DominiquinCommunionSaintJeromeVatican.json,inchangé,
entry_artwork,DominiquinDavidVersailles.json,DominiquinDavidVersailles.json,inchangé,
entry_artwork,DominiquinEvangelistesSantAndreaDellaValleRome.json,DominiquinEvangelistesSantAndreaDellaValleRome.json,inchangé,
entry_artwork,DominiquinPortementCroixGetty.json,DominiquinPortementCroixGetty.json,inchangé,
entry_artwork,DominiquinSaintAndreSanGregorio.json,DominiquinSaintAndreSanGregorioRome.json,renommé,
entry_artwork,DonatelloDavid.json,DonatelloDavidBargello.json,renommé,
entry_artwork,DonatelloGattamelata.json,DonatelloMonumentEquestreGattamelataPadoue.json,renommé,
entry_artwork,DonatelloJudithEtHolopherne.json,DonatelloJudithEtHolophernePalazzoVecchioFlorence.json,renommé,
entry_artwork,DonatelloSaintGeorges.json,DonatelloSaintGeorgesBargello.json,renommé,
entry_artwork,DonatelloZuccone.json,DonatelloZucconeMuseoDellOperaDelDuomoFlorence.json,renommé,
entry_artwork,DurerAdamEtEve.json,AlbrechtDurerAdamEtEve.json,renommé,
entry_artwork,DurerDecollationSaintJeanBaptiste.json,AlbrechtDurerDecollationSaintJeanBaptiste.json,renommé,
entry_artwork,DurerGrandePassionBois.json,AlbrechtDurerGrandePassionBois.json,renommé,
entry_artwork,DurerGrandePassionBoisCene.json,AlbrechtDurerGrandePassionBoisCene.json,renommé,
entry_artwork,DurerMelencolia.json,AlbrechtDurerMelencolia.json,renommé,
entry_artwork,DurerNativite.json,AlbrechtDurerNativite.json,renommé,
entry_artwork,DurerPassion.json,AlbrechtDurerPassion.json,renommé,
entry_artwork,DurerPassionCuivre.json,AlbrechtDurerPassionCuivre.json,renommé,
entry_artwork,DurerSaintEustache.json,AlbrechtDurerSaintEustache.json,renommé,
entry_artwork,DurerSaintJeromeEtude.json,AlbrechtDurerSaintJeromeEtude.json,renommé,
entry_artwork,DurerTriompheMaximilienI.json,AlbrechtDurerTriompheMaximilienI.json,renommé,
entry_artwork,DurerTroisGracesOuQuatreSorcieres.json,AlbrechtDurerTroisGracesOuQuatreSorcieres.json,renommé,
entry_artwork,DurerViergeSinge.json,AlbrechtDurerViergeSinge.json,renommé,
entry_artwork,EneaVicoAnnonciationTitien.json,EneaVicoTitienAnnonciationMET.json,renommé,
entry_artwork,EneaVicoCosmeMedicis.json,EneaVicoPortraitCosmeMedicisBritishMuseum.json,renommé,
entry_artwork,EneaVicoGiovanniMedici.json,EneaVicoGiovanniMediciNGWashington.json,renommé,
entry_artwork,EneaVicoImaginiDeGliImperatori.json,EneaVicoImaginiDeGliImperatori.json,inchangé,
entry_artwork,EneaVicoImaginiDonneAugustee.json,EneaVicoImaginiDonneAugustee.json,inchangé,
entry_artwork,EneaVicoJudith.json,EneaVicoJudithHolopherneMET.json,renommé,
entry_artwork,EneaVicoLedaMichelange.json,EneaVicoMichelangeLedaVictoriaAlbertMuseum.json,renommé,
entry_artwork,EvangelistesPorteNord.json,LorenzoGhibertiEvangelistesPorteNordBaptistereFlorence.json,renommé,
entry_artwork,facadeMisericordiaLuini.json,AurelioLuiniFacadeMisericordia.json,renommé,
entry_artwork,FacadesTempleSanteRome.json,FacadesTempleSanteRome.json,inchangé,
entry_artwork,FedericoZuccaroCalomnie.json,FedericoZuccaroCalomnieRoyalCollectionLondres.json,renommé,
entry_artwork,FedericoZuccaroElisabeth.json,FedericoZuccaroPortraitElisabethI.json,renommé,
entry_artwork,FedericoZuccaroPieta.json,FedericoZuccaroPieta.json,inchangé,
entry_artwork,FedericoZuccaroVenus.json,FedericoZuccaroVenus.json,inchangé,
entry_artwork,FeteDuRosaireDurer.json,AlbrechtDurerFeteDuRosairePrague.json,renommé,
entry_artwork,FilippinoLippiChapelleCarafa.json,FilippinoLippiChapelleCarafaRome.json,renommé,
entry_artwork,FilippoLippiViergeCeinturePrato.json,FilippoLippiViergeCeinturePrato.json,inchangé,
entry_artwork,FlagellationPiombo.json,SebastianoDelPiomboFlagellationSanPietroInMontorio.json,renommé,
entry_artwork,FloreArcimboldo.json,GiuseppeArcimboldoFloreParis.json,renommé,
entry_artwork,FontaineNeptuneGiambologna.json,GiambolognaFontaineNeptuneBologne.json,renommé,
entry_artwork,FontaineNeptuneRicasoli.json,FrancescoCamillianiFontaineNeptuneRicasoli.json,renommé,
entry_artwork,FontaineVenusRicasoli.json,FontaineVenusRicasoli.json,inchangé,
entry_artwork,FraAngelicoChapelleNicoline.json,FraAngelicoChapelleNicolineVatican.json,renommé,
entry_artwork,FrancoAdorationBergersHauteur.json,BattistaFrancoAdorationBergersHauteur.json,renommé,
entry_artwork,FrancoAdorationBergersLargeur.json,BattistaFrancoAdorationBergersLargeur.json,renommé,
entry_artwork,FrancoAdorationDesRois.json,BattistaFrancoAdorationDesRoisMages.json,renommé,
entry_artwork,FrancoisMarieDellaRovereTitien.json,TitienPortraitFrancoisMarieDellaRovereOfficesFlorence.json,renommé,
entry_artwork,FrancoisPerrierGalerieDoreeHotelLaVrilliereParis.json,FrancoisPerrierGalerieDoreeHotelLaVrilliereParis.json,inchangé,
entry_artwork,FrancoNativiteVieChrist.json,BattistaFrancoNativiteVieChrist.json,renommé,
entry_artwork,FrancoPierreJeanGuersisonParalytique.json,BattistaFrancoPierreJeanGuersisonParalytique.json,renommé,
entry_artwork,FransVanMierisBoutiqueEtoffeKunstHistorischesMuseumVienne.json,FransVanMierisBoutiqueEtoffeKunstHistorischesMuseumVienne.json,inchangé,
entry_artwork,FresquesSanGiovanniDecollatoSalviati.json,FrancescoSalviatiFresquesSanGiovanniDecollato.json,renommé,
entry_artwork,GaetanoZumboAdorationBergers.json,GaetanoZumboAdorationBergers.json,inchangé,
entry_artwork,GaetanoZumboDescenteCroix.json,GaetanoZumboDescenteCroix.json,inchangé,
entry_artwork,GBScultoriCavalier.json,GiovanniBattistaScultoriCavalier.json,renommé,
entry_artwork,GBScultoriGuerrierEtendard.json,GiovanniBattistaScultoriGuerrierEtendard.json,renommé,
entry_artwork,GBScultoriMarsVenus.json,GiovanniBattistaScultoriMarsVenus.json,renommé,
entry_artwork,GBScultoriTetesSoldats.json,GiovanniBattistaScultoriTetesSoldats.json,renommé,
entry_artwork,GBScultoriTroyes.json,GiovanniBattistaScultoriGiulioRomanoTroyesRepoussantGrecs.json,renommé,
entry_artwork,GBScultoriViergeCroissant.json,GiovanniBattistaScultoriViergeCroissant.json,renommé,
entry_artwork,GhisiDisputeSacrement.json,GiorgioGhisiDisputeSaintSacrement.json,renommé,
entry_artwork,GhisiEcoleAthenes.json,GiorgioGhisiRaphaelEcoleAthenes.json,renommé,
entry_artwork,GiambolognaStatueHenriIV.json,GiambolognaStatueHenriIV.json,inchangé,
entry_artwork,GianoArcimboldo.json,GiuseppeArcimboldoGiano.json,renommé,
entry_artwork,GianoBifronte.json,AnonymeGianoBifronteVatican.json,renommé,
entry_artwork,GiorgioGhisiAllegorieMaladie.json,GiorgioGhisiGiulioRomanoAllegorieMaladie.json,renommé,
entry_artwork,GiorgioGhisiFuiteEgypte.json,GiorgioGhisiGiulioCampiFuiteEgypte.json,renommé,
entry_artwork,GiorgioneNudaGallerieAccademia.json,GiorgioneNudaGallerieAccademia.json,inchangé,
entry_artwork,GiottoNacelleSaintPierreRome.json,GiottoNacelleSaintPierreRome.json,inchangé,
entry_artwork,GiovanniAcutoUccello.json,PaoloUccelloStatueEquestreGiovanniAcutoSantaMariaDelFioreFlorence.json,renommé,
entry_artwork,GiovanniDiPietroRaphaelJardinOlivier.json,GiovanniDiPietroRaphaelJardinOlivierNGLondres.json,renommé,
entry_artwork,GiovanniPaoloLomazzoMoiseTreVerginiSaggeTreVerginiStolteSantaMariaDellaSteccataParme.json,GiovanniPaoloLomazzoMoiseTreVerginiSaggeTreVerginiStolteSantaMariaDellaSteccataParme.json,inchangé,
entry_artwork,GiovanniPaoloLomazzoTreVerginiSaggeTreVerginiStolteSantaMariaDellaSteccataParme.json,GiovanniPaoloLomazzoTreVerginiSaggeTreVerginiStolteSantaMariaDellaSteccataParme.json,inchangé,
entry_artwork,GiulioRomanoPolypheme.json,GiulioRomanoPolyphemeVillaMadameRome.json,renommé,
entry_artwork,GloireEscorialCambiaso.json,LucaCambiasoGloireMonastereSanLorenzoEscurial.json,renommé,
entry_artwork,GonnelliUrbainVIII.json,GiovanniGonnelliUrbainVIIIPalaisBarberini.json,renommé,
entry_artwork,GraveurAnonymeEneeAnchise.json,AnonymeEneeAnchise.json,renommé,
entry_artwork,GuidoReniCrucifixion.json,GuidoReniCrucifixion.json,inchangé,
entry_artwork,GuidoReniMartyreSaintAndreSanGregorio.json,GuidoReniMartyreSaintAndreSanGregorioAlCelioRome.json,renommé,
entry_artwork,GuillainFrontispiceCarrache.json,SimonGuillainIIAnnibaleCarracciFrontispicePortraitDAnnibaleCarracci.json,renommé,
entry_artwork,HansHolbeinDeJongeEtatPauvrete.json,HansHolbeinDeJongeEtatPauvrete.json,inchangé,
entry_artwork,HansHolbeinDeJongePassion.json,HansHolbeinDeJongePassion.json,inchangé,
entry_artwork,HansHolbeinDeJongePortraitHenriVIIIEtSaFamille.json,HansHolbeinDeJongePortraitHenriVIIIEtSaFamille.json,inchangé,
entry_artwork,HansHolbeinDeJongeTriompheRichesses.json,HansHolbeinDeJongeTriompheRichesses.json,inchangé,
entry_artwork,HeinrichAldegreverNativiteSoest.json,HeinrichAldegreverNativiteSoest.json,inchangé,
entry_artwork,HendrickGoltziusEpitapheHansBol.json,HendrickGoltziusEpitapheHansBol.json,inchangé,
entry_artwork,HerculeFarnese.json,HerculeFarneseNaples.json,renommé,
entry_artwork,HerculesCapitolini.json,HerculeCapitoliniRome.json,renommé,
entry_artwork,HermesBelvedere.json,HermesBelvedereVatican.json,renommé,
entry_artwork,HistoiresViergeLanino.json,BernardinoLaninoHistoireViergeNovare.json,renommé,
entry_artwork,HubertJanVanEyckAgneauMystiqueGand.json,HubertJanVanEyckAgneauMystiqueGand.json,inchangé,
entry_artwork,IsaacMajorRoelandtSaveryPaysageJerome.json,IsaacMajorRoelandtSaveryPaysageJerome.json,inchangé,
entry_artwork,JacquesBlanchardDescenteSaintEspritMayNotreDameParis.json,JacquesBlanchardDescenteSaintEspritMayNotreDameParis.json,inchangé,
entry_artwork,JacquesBlanchardGalerieBullionParis.json,JacquesBlanchardGalerieBullionParis.json,inchangé,
entry_artwork,JacquesBlanchardGalerieChambreDesComptes.json,JacquesBlanchardGalerieChambreDesComptesParis.json,renommé,
entry_artwork,JanCorneliszVermeyenConqueteTunisPeinture.json,JanCorneliszVermeyenConqueteTunisPeintureGemaldegalerie.json,renommé,
entry_artwork,JanCorneliszVermeyenConqueteTunisTapisserie.json,JanCorneliszVermeyenConqueteTunisTapisserieMalines.json,renommé,
entry_artwork,JanSadelerJacobSylvaeSacraeMET.json,JanSadelerJacobSylvaeSacraeMET.json,inchangé,
entry_artwork,JanStevenVanCalcarFabrica.json,JanStevenVanCalcarFabrica.json,inchangé,
entry_artwork,JeanCousinJugementDernierPieterDeJodeI.json,JeanCousinLeJeunePieterDeJodeIJugementDernier.json,renommé,
entry_artwork,JeanCousinJugementDernierReims.json,JeanCousinJugementDernierMBAReims.json,renommé,
entry_artwork,JeanCousinLeJeuneJugementDernierLouvre.json,JeanCousinLeJeuneJugementDernierLouvre.json,inchangé,
entry_artwork,JeanCousinMartyreSaintLaurentSaintGervais.json,JeanCousinMartyreSaintLaurentSaintGervaisSaintProtais.json,renommé,
entry_artwork,JeanCousinParalytiqueSaintGervais.json,JeanCousinParalytiqueSaintGervaisSaintProtais.json,renommé,
entry_artwork,JeanCousinSamaritaineSaintGervais.json,JeanCousinSamaritaineSaintGervaisSaintProtais.json,renommé,
entry_artwork,JeanCousinTombeauPhilippeDeChabotLouvre.json,JeanCousinTombeauPhilippeDeChabotLouvre.json,inchangé,
entry_artwork,JohannWilhelmBaurMetamorphosesOvide.json,JohannWilhelmBaurMetamorphosesOvide.json,inchangé,
entry_artwork,JugementChristTintoretto.json,JacopoTintorettoJugementChristSantaMariaDellOrtoVenise.json,renommé,
entry_artwork,JuristeArcimboldo.json,GiuseppeArcimboldoJuristeNationalMuseumStockholm.json,renommé,
entry_artwork,LaBatailleDuPontMilviusVatican.json,GiulioRomanoRaphaelBatailleDuPontMilviusVatican.json,renommé,
entry_artwork,LAdorationDesRoisMagesCesareDaSesto.json,CesareDaSestoAdorationDesRoisMagesCapodimonte.json,renommé,
entry_artwork,LanfrancoCoupoleSantAndreaDellaValleRome.json,GiovanniLanfrancoCoupoleSantAndreaDellaValleRome.json,renommé,
entry_artwork,Laocoon.json,PolydoreAthenodoreAgesandrosLaocoonVatican.json,renommé,
entry_artwork,LaocoonBandinelli.json,BaccioBandinelliLaocoonOfficesFlorence.json,renommé,
entry_artwork,LaocoonMarcoDaRavenna.json,MarcoDaRavennaRaphaelLaocoon.json,renommé,
entry_artwork,LaprocessionDeMegabizoApelle.json,ApelleLaprocessionDeMegabizoEphese.json,renommé,
entry_artwork,LeMiracleDeLEsclaveTintoretto.json,JacopoTintorettoLeMiracleDeLEsclaveGalleriaDellAccademiaVenise.json,renommé,
entry_artwork,LEnlevementdesSabines.json,GiambolognaEnlevementSabinesLoggiaDeiLanziFlorence.json,renommé,
entry_artwork,LeonardAdamEve.json,LeonardoDaVinciAdamEve.json,renommé,
entry_artwork,LeonardAdorationMages.json,LeonardoDaVinciAdorationMagesOfficesFlorence.json,renommé,
entry_artwork,LeonardAnghiari.json,LeonardoDaVinciBatailleDAnghiari.json,renommé,
entry_artwork,LeonardAssomptionMilan.json,LeonardoDaVinciAssomptionSaintDominiqueSaintPierreLudovicLeMoreBeatriceDEsteMilan.json,renommé,
entry_artwork,LeonardCartonBurlington.json,LeonardoDaVinciCartonBurlingtonNGLondres.json,renommé,
entry_artwork,LeonardCeneMilan.json,LeonardoDaVinciCeneSantaMariaDelleGrazieMilan.json,renommé,
entry_artwork,LeonardDessinNeptune.json,LeonardoDaVinciDessinNeptune.json,renommé,
entry_artwork,LeonardGinevraBenci.json,LeonardoDaVinciPortraitGinevraBenciNGWashington.json,renommé,
entry_artwork,LeonardIsabelleEste.json,LeonardoDaVinciPortraitIsabelleEsteLouvre.json,renommé,
entry_artwork,LeonardLeda.json,LeonardoDaVinciLeda.json,renommé,
entry_artwork,LeonardLionMecanique.json,LeonardoDaVinciLionMecanique.json,renommé,
entry_artwork,LeonardMadoneOeillet.json,LeonardoDaVinciMadoneOeilletAltePinakothekMunich.json,renommé,
entry_artwork,LeonardManuscritMotoMisuraAcqua.json,LeonardoDaVinciManuscritMotoMisuraAcquaVatican.json,renommé,
entry_artwork,LeonardMeduse.json,LeonardoDaVinciMeduse.json,renommé,
entry_artwork,LeonardSainteAnne.json,LeonardoDaVinciSainteAnneLouvre.json,renommé,
entry_artwork,LeonardViergeRochers.json,LeonardoDaVinciViergeRocherLouvre.json,renommé,
entry_artwork,LucaCambiasoFacadeNordPalaisMonaco.json,LucaCambiasoFacadeNordPalaisMonaco.json,inchangé,
entry_artwork,LucaCambiasoParadisEscurial.json,LucaCambiasoParadisEscurial.json,inchangé,
entry_artwork,LucasDeLeydeChristPortantCroix.json,LucasVanLeydenChristPortantCroix.json,renommé,
entry_artwork,LucasDeLeydeCrucifixion.json,LucasVanLeydenCrucifixion.json,renommé,
entry_artwork,LysippeAlexandreLeGrandBlesseAlexandreLeGrandBlesse.json,LysippeAlexandreLeGrandBlesse.json,renommé,
entry_artwork,LysippeZeusTarente.json,LysippeZeusTarente.json,inchangé,
entry_artwork,MaertenDeVosAdriaenCollaertMiracleChristMerGalilee.json,MaertenDeVosAdriaenCollaertMiracleChristMerGalilee.json,inchangé,
entry_artwork,MaitreautelDeLEscorialLeoni.json,LeoneLeoniPompeoLeoniMaitreAutelMonastereSanLorenzoEscurial.json,renommé,
entry_artwork,MantegnaBacchanales.json,AndreaMantegnaBacchanales.json,erreur,Un fichier avec ce nom existe déjà (collision)
entry_artwork,MantegnaBelvedere.json,AndreaMantegnaChapelleBelvedereVatican.json,renommé,
entry_artwork,MantegnaChapelleOvetari.json,AndreaMantegnaChapelleOvetariEgliseDesEremitiquesPadoue.json,renommé,
entry_artwork,MantegnaChristAndreLongin.json,AndreaMantegnaChristSaintAndreSaintLongin.json,renommé,
entry_artwork,MantegnaCombatDieuxMarins.json,AndreaMantegnaCombatDieuxMarins.json,renommé,
entry_artwork,MantegnaDapDescenteCroix.json,AndreaMantegnaDapDescenteCroix.json,renommé,
entry_artwork,MantegnaMiseAuTombeauLargeur.json,AndreaMantegnaMiseAuTombeauLargeur.json,renommé,
entry_artwork,MantegnaMiseAuTombeauQuatreOiseaux.json,AndreaMantegnaGianMarcoCavalliMiseAuTombeauQuatreOiseaux.json,renommé,
entry_artwork,MantegnaRetableSainteSophiePadoue.json,AndreaMantegnaRetableSainteSophiePadoue.json,renommé,
entry_artwork,MantegnaTriompheCesar.json,AndreaMantegnaTriompheCesarRoyalCollectionHamptonCourtPalaceLondres.json,renommé,
entry_artwork,MargaritoArezzoTombeauGregoireX.json,MargaritoArezzoTombeauGregoireXSanDonatoArezzo.json,renommé,
entry_artwork,MariageViergeRosso.json,RossoFiorentinoMariageViergeSanLorenzoFlorence.json,renommé,
entry_artwork,MarieMadeleineDonatello.json,DonatelloMarieMadeleineMuseoDellOperaDelDuomo.json,renommé,
entry_artwork,MarsiaRosso.json,MarsiaRossoOfficesFlorence.json,renommé,
entry_artwork,MartinFreminetChapelleTriniteFontainebleau.json,MartinFreminetChapelleTriniteFontainebleau.json,inchangé,
entry_artwork,MartinoRotaJugementDernier.json,MartinoRotaMichelAngeJugementDernier.json,renommé,
entry_artwork,MartyreSaintLaurentBandinelli.json,MarcantonioRaimondiBaccioBandinelliMartyreSaintLaurent.json,renommé,
entry_artwork,MartyreSaintLaurentMacchietti.json,GirolamoMacchiettiMartyreSaintLaurentSantaMariaNovellaFlorence.json,renommé,
entry_artwork,MartyreSaintVitalBarocci.json,FedericoBarocciMartyreSaintVitalPinacothequeBrera.json,renommé,
entry_artwork,MassacreInnocentsBandinelli.json,MarcoDaRavennaBaccioBandinelliMassacreInnocents.json,renommé,
entry_artwork,MeleagreVatican.json,MeleagreVatican.json,inchangé,
entry_artwork,MelziFlora.json,FrancescoMelziFloraHermitageSaintPetersbourg.json,renommé,
entry_artwork,MenelasetPatrocle.json,MenelasEtPatrocleOfficesFlorence.json,renommé,
entry_artwork,MichelAngeAurore.json,MichelAngeAuroreSanLorenzoFlorence.json,renommé,
entry_artwork,MichelAngeCascina.json,MichelAngeBatailleCascina.json,renommé,
entry_artwork,MichelAngeCupidonDormant.json,MichelAngeCupidonDormant.json,inchangé,
entry_artwork,MichelAngeIsaieSixtine.json,MichelAngePropheteIsaieChapelleSixtineVatican.json,renommé,
entry_artwork,MichelAngeJugementSixtine.json,MichelAngeJugementChapelleSixtineVatican.json,renommé,
entry_artwork,MichelAngeLeda.json,MichelAngeLeda.json,inchangé,
entry_artwork,MichelangeloAurora.json,MichelAngeAuroreSanLorenzoFlorence.json,erreur,Un fichier avec ce nom existe déjà (collision)
entry_artwork,MichelAngeTombeauJulienMedicis.json,MichelAngeTombeauJulienMedicisSanLorenzoFlorence.json,renommé,
entry_artwork,MichelAngeTombeauLaurentIIMedicis.json,MichelAngeTombeauLaurentIIMedicisSanLorenzoFlorence.json,renommé,
entry_artwork,MoiseMichelAnge.json,MichelAngeMoiseSanPietroInVincoliRome.json,renommé,
entry_artwork,MoiseMontorsoli.json,GiovanniAngeloMontorsoliMoiseSantissimaAnnunziataFlorence.json,renommé,
entry_artwork,MonaLisa.json,LeonardoDaVinciMonaLisaLouvre.json,renommé,
entry_artwork,MoschinoAdametEve.json,FrancescoMoscaAdamEveCathedralePise.json,renommé,
entry_artwork,MuzianoDessinTrajane.json,GirolamoMuzianoDessinTrajane.json,renommé,
entry_artwork,NativiteNovaraTitien.json,TitienNativiteNovare.json,renommé,
entry_artwork,NiccoloDaTolentinoCastagno.json,AndreaDelCastagnoMonumentEquestreNiccoloDaTolentinoSantaMariaDelFiore.json,renommé,
entry_artwork,NicolasPoussinGalerieTravauxHerculeLouvre.json,NicolasPoussinGalerieTravauxHerculeLouvre.json,inchangé,
entry_artwork,NicolasPoussinInstitutionEucharistieLouvre.json,NicolasPoussinInstitutionEucharistieLouvre.json,inchangé,
entry_artwork,NicolasPoussinMiracleSaintFrancoisXavierLouvre.json,NicolasPoussinMiracleSaintFrancoisXavierLouvre.json,inchangé,
entry_artwork,NicolasPoussinMortDeLaViergeBelgique.json,NicolasPoussinMortDeLaViergeBelgique.json,inchangé,
entry_artwork,NilVatian.json,StatueNilVatian.json,renommé,
entry_artwork,ObelisqueVatican.json,ObelisqueVatican.json,inchangé,
entry_artwork,OrcagnaJugementDernierPise.json,OrcagnaJugementDernierPise.json,inchangé,
entry_artwork,OrpheeBandinelli.json,BaccioBandinelliOrpheePalazzoMediciRiccardiFlorence.json,renommé,
entry_artwork,OttoVanVeenEmblemesAmour.json,OttoVanVeenEmblemesAmour.json,inchangé,
entry_artwork,OttoVanVeenEmblemesAmourDivin.json,OttoVanVeenEmblemesAmourDivin.json,inchangé,
entry_artwork,OttoVanVeenPortraitAlbertDAutricheIsabelleClaireEugenieDAutricheGloucestershire.json,OttoVanVeenPortraitAlbertDAutricheIsabelleClaireEugenieDAutricheGloucestershire.json,inchangé,
entry_artwork,OttoVanVeenPortraitAlexandreFarneseMuseesRoyauxBruxelles.json,OttoVanVeenPortraitAlexandreFarneseMuseesRoyauxBeauxArtsBruxelles.json,renommé,
entry_artwork,PalaDeiRosso.json,RossoFiorentinoPalaDeiGalleriaPalatinaFlorence.json,renommé,
entry_artwork,PalaisGaddiPolidoro.json,PolidoroDaCaravaggioFacadePalaisGaddiRome.json,renommé,
entry_artwork,PalaisSpinolaPolidoro.json,PolidoroDaCaravaggioFacadePalaisSpinolaRome.json,renommé,
entry_artwork,PalmaVecchioSainteBarbeVenise.json,JacopoPalmaIlVecchioSainteBarbeSantaMariaFormosaVenise.json,renommé,
entry_artwork,ParmesanEauforteNativite.json,ParmigianinoNativite.json,renommé,
entry_artwork,ParmesanEauforteTombeau.json,ParmigianinoTombeau.json,renommé,
entry_artwork,ParmesanPierreJeanMalades.json,ParmigianinoPierreJeanMalades.json,renommé,
entry_artwork,ParmigianinoCupidonFabriquantSonArc.json,ParmigianinoCupidonFabriquantSonArcKunstHistorischesMuseumVienne.json,renommé,
entry_artwork,ParmigianinoViergeAuLongCouOfficesFlorence.json,ParmigianinoViergeAuLongCouOfficesFlorence.json,inchangé,
entry_artwork,PavementDuomoSienne.json,DomenicoBeccafumiPavementDuomoSantaMariaAssuntaSienne.json,renommé,
entry_artwork,PeintureDautelValdugiaFerrari.json,GaudenzioViergeEnfantSaintFrancoisSaintGeorgesSanGiorgioValduggia.json,renommé,
entry_artwork,PeinturesFraBartolomeoSantissimaAnnunziata.json,FraBartolomeoSantissimaAnnunziata.json,renommé,
entry_artwork,PeruginRaphaelTrinita.json,PeruginRaphaelTriniteSanSeveroPerouse.json,renommé,
entry_artwork,PeterCandidAegidiusSadelerSaintAmbroise.json,PeterCandidAegidiusSadelerSaintAmbroise.json,inchangé,
entry_artwork,PeterCandidAegidiusSadelerSaintAugustin.json,PeterCandidAegidiusSadelerSaintAugustin.json,inchangé,
entry_artwork,PeterCandidAegidiusSadelerSaintGregoireLeGrand.json,PeterCandidAegidiusSadelerSaintGregoireLeGrand.json,inchangé,
entry_artwork,PeterCandidAegidiusSadelerSaintJerome.json,PeterCandidAegidiusSadelerSaintJerome.json,inchangé,
entry_artwork,PeterPaulRubensChuteDamnesMunichAltePinakothekMunich.json,PeterPaulRubensChuteDamnesMunichAltePinakothekMunich.json,inchangé,
entry_artwork,PeterPaulRubensCycleHenriIVLuxembourgBatailleDArques.json,PeterPaulRubensCycleHenriIVLuxembourgBatailleDArques.json,inchangé,
entry_artwork,PeterPaulRubensCycleHenriIVLuxembourgBatailleDIvry.json,PeterPaulRubensCycleHenriIVLuxembourgBatailleDIvry.json,inchangé,
entry_artwork,PeterPaulRubensCycleHenriIVLuxembourgCouronnementDHenriIV.json,PeterPaulRubensCycleHenriIVLuxembourgCouronnementDHenriIV.json,inchangé,
entry_artwork,PeterPaulRubensCycleHenriIVLuxembourgNaissanceDuRoi.json,PeterPaulRubensCycleHenriIVLuxembourgNaissanceDuRoi.json,inchangé,
entry_artwork,PeterPaulRubensCycleHenriIVLuxembourgSiegeVilleNormandie.json,PeterPaulRubensCycleHenriIVLuxembourgSiegeVilleNormandie.json,inchangé,
entry_artwork,PeterPaulRubensCycleHenriIVLuxembourgTriompheDHenriIV.json,PeterPaulRubensCycleHenriIVLuxembourgTriompheDHenriIV.json,inchangé,
entry_artwork,PeterPaulRubensCycleHenriIVLuxembourgUnionDHenriIVEtDeMarieDeMedicis.json,PeterPaulRubensCycleHenriIVLuxembourgUnionDHenriIVEtDeMarieDeMedicis.json,inchangé,
entry_artwork,PeterPaulRubensMadonnaDellaVallicellaChiesaNuovaRome.json,PeterPaulRubensMadonnaDellaVallicellaChiesaNuovaRome.json,inchangé,
entry_artwork,PeterPaulRubensRetableSainteHeleneCouronnementDEpinesNotreDameDuPuyGrasse.json,PeterPaulRubensRetableSainteHeleneCouronnementDEpinesNotreDameDuPuyGrasse.json,inchangé,
entry_artwork,PeterPaulRubensRetableSainteHeleneEtLaVraieCroixNotreDameDuPuyGrasse.json,PeterPaulRubensRetableSainteHeleneEtLaVraieCroixNotreDameDuPuyGrasse.json,inchangé,
entry_artwork,PhidiasAthenaParthenos.json,PhidiasAthenaParthenos.json,inchangé,
entry_artwork,PhidiasZeusOlympie.json,PhidiasZeusOlympie.json,inchangé,
entry_artwork,PhilippeDeChampaigneAssomptionLouvre.json,PhilippeDeChampaigneAssomptionLouvre.json,inchangé,
entry_artwork,PhilippeDeChampaignePortraitProfilRichelieuStrasbourg.json,PhilippeDeChampaignePortraitProfilRichelieuMBAStrasbourg.json,renommé,
entry_artwork,PhilippeDeChampaignePortraitRichelieuCollectionsRoyalesLondres.json,PhilippeDeChampaignePortraitRichelieuCollectionsRoyalesLondres.json,inchangé,
entry_artwork,PhilippeDeChampaignePortraitRichelieuLouvre.json,PhilippeDeChampaignePortraitRichelieuLouvre.json,inchangé,
entry_artwork,PhilippeDeChampaignePortraitRichelieuMuseeCondeChantilly.json,PhilippeDeChampaignePortraitRichelieuMuseeCondeChantilly.json,inchangé,
entry_artwork,PhilippeDeChampaignePortraitRichelieuNationalGalleryLondres.json,PhilippeDeChampaignePortraitRichelieuNGLondres.json,renommé,
entry_artwork,PhilippeDeChampaignePortraitRichelieuSorbonne.json,PhilippeDeChampaignePortraitRichelieuSorbonne.json,inchangé,
entry_artwork,PhilippeDeChampaignePortraitRichelieuVarsovie.json,PhilippeDeChampaignePortraitRichelieuVarsovie.json,inchangé,
entry_artwork,PhilippeDeChampaignePresentationTempleDijon.json,PhilippeDeChampaignePresentationTempleMBADijon.json,renommé,
entry_artwork,PhilippeDeChampaigneResurrectionLazareGrenoble.json,PhilippeDeChampaigneResurrectionLazareGrenoble.json,inchangé,
entry_artwork,PhilippeDeChampaigneSalleDuLivreDOrLuxembourg.json,PhilippeDeChampaigneSalleDuLivreDOrLuxembourg.json,inchangé,
entry_artwork,PhilippeDeChampaigneTriplePortraitRichelieu.json,PhilippeDeChampaigneTriplePortraitRichelieuNGLondres.json,renommé,
entry_artwork,PietaDuVaticanMichelAnge.json,MichelAngePietaSaintPierreVatican.json,renommé,
entry_artwork,PietroBuonaccorsiTapisserieDiane.json,PietroBuonaccorsiTapisserieDiane.json,inchangé,
entry_artwork,PinturicchioAppartementsBorgia.json,PinturicchioAppartementsBorgiaVatican.json,renommé,
entry_artwork,PinturicchioViePieII.json,PinturicchioViePieIILibreriaPiccolominiSienne.json,renommé,
entry_artwork,PinturicchioVueVilleBelvedere.json,PinturicchioVueVilleBelvedereVatican.json,renommé,
entry_artwork,PolidoroDaCaravaggioArcCharlesQuint.json,PolidoroDaCaravaggioArcCharlesQuint.json,inchangé,
entry_artwork,PolidoroDaCaravaggioFacadesRome.json,PolidoroDaCaravaggioFacadesRome.json,inchangé,
entry_artwork,Polyphemedormant.json,TimanthePolyphemeDormant.json,renommé,
entry_artwork,PontormoSanLorenzo.json,PontormoChoeurSanLorenzoFlorence.json,renommé,
entry_artwork,PordenoneFresqueSanStefano.json,PordenoneFresqueSanStefanoVenise.json,renommé,
entry_artwork,PordenoneTapisserieEste.json,PordenoneTapisserieHerculesIIEste.json,renommé,
entry_artwork,PortesBaptistereSaintJeanFlorence.json,PortesBaptistereSaintJeanFlorence.json,inchangé,
entry_artwork,PortraitGiovanniGentileBelliniLouvre.json,GiovanniBelliniPortraitGiovanniEtGentileBelliniLouvre.json,renommé,
entry_artwork,PoussinBapteme.json,NicolasPoussinBaptemeNGScotlandGlasgow.json,renommé,
entry_artwork,PoussinDerniereSouper.json,NicolasPoussinDerniereSouperNGScotlandGlasgow.json,renommé,
entry_artwork,PoussinExtremeOnction.json,NicolasPoussinExtremeOnctionNGScotlandGlasgow.json,renommé,
entry_artwork,PoussinMoise.json,PoussinMoise.json,inchangé,
entry_artwork,PoussinMoiseDresde.json,NicolasPoussinMoiseGemaldegalerieAlteMeisterDresde.json,renommé,
entry_artwork,PoussinMoiseLeNotre.json,NicolasPoussinMoiseLeNotreLouvre.json,renommé,
entry_artwork,PoussinMoiseOxford.json,NicolasPoussinMoiseAshmoleanMuseumOxford.json,renommé,
entry_artwork,PoussinMoisePointel.json,NicolasPoussinMoisePointelLouvre.json,renommé,
entry_artwork,PraxiteleAphroditeCnide.json,PraxiteleAphroditeCnide.json,inchangé,
entry_artwork,PriereAuJardinCorrege.json,CorregeAgonieDansLeJardinWellingtonMuseumLondres.json,renommé,
entry_artwork,ProcessionTriomphaleMaximilienDurer.json,AlbrechtDurerHansBurgkmairProcessionTriomphaleMaximilien.json,renommé,
entry_artwork,PropheteIsaieRaphael.json,RaphaelPropheteIsaieBasiliqueSaintAugustinRome.json,renommé,
entry_artwork,ProtogeneJalisus.json,ProtogeneJalisus.json,inchangé,
entry_artwork,QuatreElementsArcimboldo.json,GiuseppeArcimboldoQuatreElements.json,renommé,
entry_artwork,QuatreSaisonsArcimboldo.json,GiuseppeArcimboldoQuatreSaisons.json,renommé,
entry_artwork,QuentinVarinPresentationAuTempleCarmes.json,QuentinVarinPresentationAuTempleEgliseSaintJosephDesCarmesParis.json,renommé,
entry_artwork,QuintenMetsysDeplorationOttawa.json,QuintenMetsysDeplorationNGOttawa.json,renommé,
entry_artwork,RaimondiAllegoriePaix.json,MarcantonioRaimondiAllegoriePaix.json,renommé,
entry_artwork,RaimondiApollonSassi.json,MarcantonioRaimondiApollonCitharedeCasaSassi.json,renommé,
entry_artwork,RaimondiAretin.json,MarcantonioRaimondiTitienPortraitAretin.json,renommé,
entry_artwork,RaimondiAurore.json,MarcantonioRaimondiAurore.json,renommé,
entry_artwork,RaimondiBataille.json,MarcantonioRaimondiRaphaelGiulioRomanoBataille.json,renommé,
entry_artwork,RaimondiCene.json,MarcantonioRaimondiCene.json,renommé,
entry_artwork,RaimondiChristApotres.json,MarcantonioRaimondiChristApotres.json,renommé,
entry_artwork,RaimondiChristPaulCatherine.json,MarcantonioRaimondiChristViergeSaintJeanPaulCatherine.json,renommé,
entry_artwork,RaimondiClementVII.json,MarcantonioRaimondiPortraitClementVII.json,renommé,
entry_artwork,RaimondiDavidGoliath.json,MarcantonioRaimondiDavidGoliath.json,renommé,
entry_artwork,RaimondiDescenteCroix.json,MarcantonioRaimondiRaphaelDescenteCroix.json,renommé,
entry_artwork,RaimondiDouzeCesars.json,MarcantonioRaimondiDouzeCesars.json,renommé,
entry_artwork,RaimondiEnlevementHelene.json,MarcantonioRaimondiEnlevementHelene.json,renommé,
entry_artwork,RaimondiGalatee.json,MarcantonioRaimondiGalatee.json,renommé,
entry_artwork,RaimondiHommeBaseColonne.json,MarcantonioRaimondiHommeBaseColonne.json,renommé,
entry_artwork,RaimondiHommeDrapeau.json,MarcantonioRaimondiHommeAuDrapeau.json,renommé,
entry_artwork,RaimondiJeanBaptisteAssisDesert.json,MarcantonioRaimondiJeanBaptisteAssisDesert.json,renommé,
entry_artwork,RaimondiJugementParis.json,MarcantonioRaimondiRaphaelJugementParis.json,renommé,
entry_artwork,RaimondiLucrece.json,MarcantonioRaimondiLucrece.json,renommé,
entry_artwork,RaimondiMadeleineMarie.json,MarcantonioRaimondiRaphaelNotreDameEscalier.json,renommé,
entry_artwork,RaimondiMariesPleurantChristMort.json,MarcantonioRaimondiMariesPleurantChristMort.json,renommé,
entry_artwork,RaimondiMartyreCecile.json,MarcantonioRaimondiMartyreSainteCecile.json,renommé,
entry_artwork,RaimondiMartyreSaintLaurent.json,MarcantonioRaimondiMartyreSaintLaurent.json,renommé,
entry_artwork,RaimondiMassacreInnocents.json,MarcantonioRaimondiRaphaelMassacreInnocents.json,renommé,
entry_artwork,RaimondiNeptune.json,MarcantonioRaimondiRaphaelNeptune.json,renommé,
entry_artwork,RaimondiNoe.json,MarcantonioRaimondiNoe.json,renommé,
entry_artwork,RaimondiParnasse.json,MarcantonioRaimondiParnasse.json,renommé,
entry_artwork,RaimondiPoesieSignature.json,MarcantonioRaimondiRaphaelPoesieSignature.json,renommé,
entry_artwork,RaimondiPredicationSaintPaul.json,MarcantonioRaimondiPredicationSaintPaul.json,renommé,
entry_artwork,RaimondiRavennaMadonnaPesce.json,MarcantonioRaimondiRaphaelRavennaMadonnaPesce.json,renommé,
entry_artwork,RaimondiReineSaba.json,MarcantonioRaimondiReineSaba.json,renommé,
entry_artwork,RaimondiRepasSimon.json,MarcantonioRaimondiRaphaelRepasSimon.json,renommé,
entry_artwork,RaimondiSainteCecile.json,MarcantonioRaimondiRaphaelSainteCecile.json,renommé,
entry_artwork,RaimondiSaintJerome.json,MarcantonioRaimondiSaintJerome.json,renommé,
entry_artwork,RaimondiTroisGraces.json,MarcantonioRaimondiTroisGraces.json,renommé,
entry_artwork,RaimondiVenusAmourNiche.json,MarcantonioRaimondiRaphaelVenusAmourNiche.json,renommé,
entry_artwork,RaimondiVertus.json,MarcantonioRaimondiVertusTheologalesCardinales.json,renommé,
entry_artwork,RaimondiViergeFoligno.json,MarcantonioRaimondiRaphaelViergeFoligno.json,renommé,
entry_artwork,RaimondiViergeLisantChaise.json,MarcantonioRaimondiViergeLisantChaise.json,renommé,
entry_artwork,RaphaelAdorationMagesOddi.json,RaphaelAdorationMagesPalaOddiVatican.json,renommé,
entry_artwork,RaphaelAgnoloDoni.json,RaphaelPortraitAgnoloDoniOfficesFlorence.json,renommé,
entry_artwork,RaphaelAnnonciationOddi.json,RaphaelAnnonciationPalaOddiVatican.json,renommé,
entry_artwork,RaphaelBaptemeConstantinVatican.json,GiovanniFrancescoPenniGiulioRomanoRaphaelBaptemeConstantinVatican.json,renommé,
entry_artwork,RaphaelBaptemeVatican.json,RaphaelBaptemeVatican.json,inchangé,
entry_artwork,RaphaelBatailleOstie.json,RaphaelBatailleOstieVatican.json,renommé,
entry_artwork,RaphaelBelleJardiniere.json,RaphaelBelleJardiniereLouvre.json,renommé,
entry_artwork,RaphaelBindoAltoviti.json,RaphaelPortraitBindoAltovitiNGWashington.json,renommé,
entry_artwork,RaphaelCalvairePalaColonna.json,RaphaelCalvairePalaColonnaNGLondres.json,renommé,
entry_artwork,RaphaelCeneVatican.json,RaphaelCeneVatican.json,inchangé,
entry_artwork,RaphaelChristJardinOliviersPalaColonna.json,RaphaelChristJardinOliviersPalaColonnaMET.json,renommé,
entry_artwork,RaphaelChuteJerichoVatican.json,RaphaelChuteJerichoVatican.json,inchangé,
entry_artwork,RaphaelConseilDieuxFarnesina.json,RaphaelConseilDieuxFarnesina.json,inchangé,
entry_artwork,RaphaelConstructionArcheNoeVatican.json,RaphaelConstructionArcheNoeVatican.json,inchangé,
entry_artwork,RaphaelCouronnementCharlemagne.json,RaphaelCouronnementCharlemagne.json,inchangé,
entry_artwork,RaphaelCreationAnimauxVatican.json,RaphaelCreationAnimauxVatican.json,inchangé,
entry_artwork,RaphaelCreationEveVatican.json,RaphaelCreationEveVatican.json,inchangé,
entry_artwork,RaphaelDelivrancePierre.json,RaphaelDelivrancePierre.json,inchangé,
entry_artwork,RaphaelDepositionBorghese.json,RaphaelDepositionBorgheseRetableBaglioni.json,renommé,
entry_artwork,RaphaelDisputeSacrement.json,RaphaelDisputeSaintSacrementVatican.json,renommé,
entry_artwork,RaphaelDonationConstantinVatican.json,GiovanniFrancescoPenniGiulioRomanoRaphaelDonationConstantinVatican.json,renommé,
entry_artwork,RaphaelEcoleAthenes.json,RaphaelEcoleAthenesVatican.json,renommé,
entry_artwork,RaphaelEtudeOstie.json,RaphaelEtudeOstieAlbertinaVienne.json,renommé,
entry_artwork,RaphaelEzechiel.json,RaphaelEzechielGalleriaPalatinaFlorence.json,renommé,
entry_artwork,RaphaelGalatee.json,RaphaelGalateeFarnesina.json,renommé,
entry_artwork,RaphaelGracesFarnesina.json,RaphaelGiulioRomanoGracesFarnesina.json,renommé,
entry_artwork,RaphaelHeliodore.json,RaphaelHeliodoreVatican.json,renommé,
entry_artwork,RaphaelIncendieBorgo.json,RaphaelIncendieBorgoVatican.json,renommé,
entry_artwork,RaphaelIsaie.json,RaphaelIsaie.json,inchangé,
entry_artwork,RaphaelJardinOlivier.json,RaphaelJardinOlivier.json,inchangé,
entry_artwork,RaphaelJGiulianoMedici.json,RaphaelPortraitGiulianoMediciMET.json,renommé,
entry_artwork,RaphaelJosueVatican.json,RaphaelJosueVatican.json,inchangé,
entry_artwork,RaphaelJourdainVatican.json,RaphaelJourdainVatican.json,inchangé,
entry_artwork,RaphaelJulesII.json,RaphaelPortraitJulesIINGLondres.json,renommé,
entry_artwork,RaphaelJupiterAmourFarnesina.json,RaphaelGiulioRomanoJupiterAmourFarnesina.json,renommé,
entry_artwork,RaphaelLaPerla.json,RaphaelLaPerlaPrado.json,renommé,
entry_artwork,RaphaelLeonAttila.json,RaphaelLeonIerAttilaVatican.json,renommé,
entry_artwork,RaphaelLeonX.json,RaphaelPortraitLeonXOfficesFlorence.json,renommé,
entry_artwork,RaphaelLorenzoMedici.json,RaphaelPortraitLorenzoMedici.json,renommé,
entry_artwork,RaphaelLunetteDieuPalaColonna.json,RaphaelLunetteDieuPalaColonnaMET.json,renommé,
entry_artwork,RaphaelMaddalenaDoni.json,RaphaelMaddalenaDoniGalleriaPalatinaRome.json,renommé,
entry_artwork,RaphaelMadoneAmourDivin.json,RaphaelGiovanniFrancescoPenniMadoneAmourDivinCapodimonte.json,renommé,
entry_artwork,RaphaelMadoneBaldaquin.json,RaphaelMadoneBaldaquinOfficesFlorence.json,renommé,
entry_artwork,RaphaelMadonnaCardellino.json,RaphaelMadonnaCardellinoOfficesFlorence.json,renommé,
entry_artwork,RaphaelMadonnaOrleans.json,RaphaelMadonnaOrleansMuseeCondeChantilly.json,renommé,
entry_artwork,RaphaelMadonnaPesce.json,RaphaelMadonnaPescePrado.json,renommé,
entry_artwork,RaphaelMadonnaPrato.json,RaphaelMadonnaPratoGemaldegalerieKunsthistorischesMuseumVienne.json,renommé,
entry_artwork,RaphaelMadonneSixtine.json,RaphaelMadonneSixtineGemaldegalerieAlteMeisterDresde.json,renommé,
entry_artwork,RaphaelMercureFarnesine.json,RaphaelMercureFarnesina.json,renommé,
entry_artwork,RaphaelMesseBolsena.json,RaphaelMesseBolsenaVatican.json,renommé,
entry_artwork,RaphaelMoiseSauveEauxVatican.json,RaphaelMoiseSauveEauxVatican.json,inchangé,
entry_artwork,RaphaelNativiteVatican.json,RaphaelNativiteVatican.json,inchangé,
entry_artwork,RaphaelNocesPsycheFarnesina.json,RaphaelNocesPsycheFarnesina.json,inchangé,
entry_artwork,RaphaelPalaAnsidei.json,RaphaelPalaAnsideiNGLondres.json,renommé,
entry_artwork,RaphaelPalaColonna.json,RaphaelPalaColonna.json,inchangé,
entry_artwork,RaphaelPalaGavari.json,RaphaelPalaGavariNGLondres.json,renommé,
entry_artwork,RaphaelPalaOddi.json,RaphaelPalaOddiVatican.json,renommé,
entry_artwork,RaphaelPalaSanNicola.json,RaphaelPalaSanNicola.json,inchangé,
entry_artwork,RaphaelParnasse.json,RaphaelParnasseLouvre.json,renommé,
entry_artwork,RaphaelParnasseVatican.json,RaphaelParnasseVatican.json,inchangé,
entry_artwork,RaphaelPietaPalaColonna.json,RaphaelPietaPredellePalaColonnaIsabellaStewartGardnerMuseumBoston.json,renommé,
entry_artwork,RaphaelPortementCroix.json,RaphaelPortementCroixPrado.json,renommé,
entry_artwork,RaphaelPresentationTempleOddi.json,RaphaelPresentationTemplePredellePalaOddiVatican.json,renommé,
entry_artwork,RaphaelRomanoBatailleMilviusVatican.json,RaphaelRomanoBatailleMilviusVatican.json,inchangé,
entry_artwork,RaphaelRomanoIsabelleRequesens.json,RaphaelGiulioRomanoPortraitIsabelleRequesensLouvre.json,renommé,
entry_artwork,RaphaelSacrificeNoeVatican.json,RaphaelSacrificeNoeVatican.json,inchangé,
entry_artwork,RaphaelSainteCecile.json,RaphaelSainteCecilePinacothequeBologne.json,renommé,
entry_artwork,RaphaelSainteFamilleCanigiani.json,RaphaelSainteFamilleCanigianiAltePinakothekMunich.json,renommé,
entry_artwork,RaphaelSainteFamilleFrancoisIer.json,RaphaelSainteFamilleFrancoisIerLouvre.json,renommé,
entry_artwork,RaphaelSainteFamillePalmier.json,RaphaelSainteFamillePalmierNGScotlandEdimbourg.json,renommé,
entry_artwork,RaphaelSainteMargueriteLouvre.json,RaphaelSainteMargueriteLouvre.json,inchangé,
entry_artwork,RaphaelSaintGeorgesEtLeDragonLouvre.json,RaphaelSaintGeorgesEtLeDragonLouvre.json,inchangé,
entry_artwork,RaphaelSaintGeorgesEtLeDragonNGWashington.json,RaphaelSaintGeorgesEtLeDragonNGWashington.json,inchangé,
entry_artwork,RaphaelSaintJeanBaptisteFlorence.json,RaphaelSaintJeanBaptisteOfficesFlorence.json,renommé,
entry_artwork,RaphaelSaintMichel.json,RaphaelSaintMichelLouvre.json,renommé,
entry_artwork,RaphaelSaintMichelTerrassantLeDemonLouvre.json,RaphaelSaintMichelTerrassantLeDemonLouvre.json,inchangé,
entry_artwork,RaphaelSermentLeonIII.json,RaphaelSermentLeonIIIVatican.json,renommé,
entry_artwork,RaphaelSibyllesProphetesChigi.json,RaphaelSibyllesProphetesChigiSantaMariaDellaPaceRome.json,renommé,
entry_artwork,RaphaelSignatureJustice.json,RaphaelSignatureJusticeVatican.json,renommé,
entry_artwork,RaphaelSignaturePhilosophie.json,RaphaelSignaturePhilosophieVatican.json,renommé,
entry_artwork,RaphaelSignaturePoesie.json,RaphaelSignaturePoesieVatican.json,renommé,
entry_artwork,RaphaelSignatureTheologie.json,RaphaelSignatureTheologieVatican.json,renommé,
entry_artwork,RaphaelSposalizio.json,RaphaelSposalizioPinacothequeBrera.json,renommé,
entry_artwork,RaphaelStLuc.json,RaphaelSaintLucPeignantViergeAcademieSaintLucRome.json,renommé,
entry_artwork,RaphaelTapisseriesSixtine.json,RaphaelTapisseriesSixtineVatican.json,renommé,
entry_artwork,RaphaelTransfiguration.json,RaphaelTransfigurationVatican.json,renommé,
entry_artwork,RaphaelVelata.json,RaphaelVelataGalleriaPalatinaFlorence.json,renommé,
entry_artwork,RaphaelVenusCharFarnesina.json,RaphaelGiulioRomanoVenusCharFarnesina.json,renommé,
entry_artwork,RaphaelVertusVatican.json,RaphaelVertusVatican.json,inchangé,
entry_artwork,RaphaelViergeEnfantErmitage.json,RaphaelViergeEnfantErmitage.json,inchangé,
entry_artwork,RaphaelViergeEnfantSaintsPalaColonna.json,RaphaelViergeEnfantSaintsPalaColonnaMET.json,renommé,
entry_artwork,RaphaelViergeFoligno.json,RaphaelViergeFolignoVatican.json,renommé,
entry_artwork,RaphaelViergeImpannata.json,RaphaelViergeImpannataGalleriaPalatinaFlorence.json,renommé,
entry_artwork,RaphaelViergeLorette.json,RaphaelViergeLoretteMuseeCondeChantilly.json,renommé,
entry_artwork,RaphaelVisionCroixVatican.json,RaphaelVisionCroixVatican.json,inchangé,
entry_artwork,RatSabinesBassano.json,FrancescoBassanoRaptSabinesGalerieSabauda.json,renommé,
entry_artwork,RavennaBatailleCoutelas.json,MarcoDenteGiulioRomanoRavennaBatailleAuCoutelas.json,renommé,
entry_artwork,RembrandtJeuneFilleDulwich.json,RembrandtJeuneFilleDulwichPictureGallery.json,renommé,
entry_artwork,RemiseDeLanneauAuDogeBordone.json,ParisBordonRemiseDeLanneauAuDogeBordoneGalleriaDellAccademiaVenise.json,renommé,
entry_artwork,ResurrectionLazzaroBoccaccino.json,CamilloBoccaccinoResurrectionLazareEgliseDeSanSigismondoCremona.json,renommé,
entry_artwork,RoelandtSaveryPaysageJeromeErmitageSaintPetersbourg.json,RoelandtSaveryPaysageJeromeErmitageSaintPetersbourg.json,inchangé,
entry_artwork,RubensAnghiari.json,RubensAnghiari.json,inchangé,
entry_artwork,RubensNaissanceLouisXIII.json,PeterPaulRubensNaissanceLouisXIIILouvre.json,renommé,
entry_artwork,SaintCosmeMontorsoli.json,GiovanniAngeloMontorsoliMichelAngeSaintCosmeChapelleMedicisFlorence.json,renommé,
entry_artwork,SaintDamianoRaffaelloDaMontelupo.json,RaffaelloDaMontelupoMichelAngeSaintDamianoChapelleMedicisFlorence.json,renommé,
entry_artwork,SaintNicolasEnGloireLotto.json,LorenzoLottoSaintNicolasEnGloireSantaMariaDeiCarminiVenise.json,renommé,
entry_artwork,SaintPaulMontorsoli.json,GiovanniAngeloMontorsoliSaintPaulBasiliqueSantissimaAnnunziataFlorence.json,renommé,
entry_artwork,SaintPaulVico.json,EneaVicoFrancescoSalviatiConversionSaintPaul.json,renommé,
entry_artwork,SaintRochGaudenzio.json,GaudenzioFerrariSaintRoch.json,renommé,
entry_artwork,SaintSebastienFoppa.json,VincenzoFoppaSaintSebastienPinacothequeBrera.json,renommé,
entry_artwork,Salle100Giorni.json,GiorgioVasariSalaDeiCentoGiorniPalazzoDellaCancelleriaRome.json,renommé,
entry_artwork,SalleGualdradaPalazzoVecchio.json,GiorgioVasariGiovanniBattistaDelTassoSalleGualdradaPalazzoVecchioFlorence.json,renommé,
entry_artwork,SallePalaisPoggiTibaldi.json,PellegrinoTibaldiHistoireUlyssePalaisPoggiBologne.json,renommé,
entry_artwork,SalleUdienzaFlorence.json,FrancescoSalviatiSalleUdienzaPalazzoVecchioFlorence.json,renommé,
entry_artwork,SalomeCesareDaSesto.json,CesareDaSestoSalomeKunstHistorischesMuseumVienne.json,renommé,
entry_artwork,SalusPopuliRomaniBasiliqueSainteMarieMajeureRome.json,SalusPopuliRomaniBasiliqueSainteMarieMajeureRome.json,inchangé,
entry_artwork,SantidiTitoResurrection.json,SantidiTitoResurrectionSantaCroceFlorence.json,renommé,
entry_artwork,SculptureCosmeIGiambologna.json,GiambolognaStatueEquestreCosmeIerMedicisFlorence.json,renommé,
entry_artwork,SculptureVenusRicasoli.json,SantiGucciSculptureVenusJardinsRicasoli.json,renommé,
entry_artwork,SebastianoDelPiomboLazare.json,SebastianoDelPiomboResurrectionLazareNGLondres.json,renommé,
entry_artwork,SebastianoDelPiomboVisitation.json,SebastianoDelPiomboVisitationLouvre.json,renommé,
entry_artwork,SebastienBourdonAegrosCurareSeptOeuvresMisericorde.json,SebastienBourdonAegrosCurareSeptOeuvresMisericorde.json,inchangé,
entry_artwork,SebastienBourdonCrucifiementSaintPierreMayNotreDameParis.json,SebastienBourdonCrucifiementSaintPierreMayNotreDameParis.json,inchangé,
entry_artwork,SebastienBourdonEsurientesPascereSeptOeuvresMisericorde.json,SebastienBourdonEsurientesPascereSeptOeuvresMisericorde.json,inchangé,
entry_artwork,SebastienBourdonGrandeGalerieHotelDeBretonvillier.json,SebastienBourdonGrandeGalerieHotelDeBretonvilliersParis.json,renommé,
entry_artwork,SebastienBourdonHospitioExipereAdvenasSeptOeuvresMisericorde.json,SebastienBourdonHospitioExipereAdvenasSeptOeuvresMisericorde.json,inchangé,
entry_artwork,SebastienBourdonLiberareCaptivosSeptOeuvresMisericorde.json,SebastienBourdonLiberareCaptivosSeptOeuvresMisericorde.json,inchangé,
entry_artwork,SebastienBourdonPotareSitientesSeptOeuvresMisericorde.json,SebastienBourdonPotareSitientesSeptOeuvresMisericorde.json,inchangé,
entry_artwork,SebastienBourdonSepelireMortuosSeptOeuvresMisericorde.json,SebastienBourdonSepelireMortuosSeptOeuvresMisericorde.json,inchangé,
entry_artwork,SebastienBourdonVestireNudosSeptOeuvresMisericorde.json,SebastienBourdonVestireNudosSeptOeuvresMisericorde.json,inchangé,
entry_artwork,SeptGouverneursDuMondeLomazzo.json,GiovanniPaoloLomazzoSeptGouverneursDuMonde.json,renommé,
entry_artwork,SepulcreSaintDominique.json,NicolaPisanoSepulcreSaintDominiqueSanDomenicoBologne.json,renommé,
entry_artwork,SibyllesLanino.json,BernardinoLaninoSibyllesNovare.json,renommé,
entry_artwork,SignorelliChapelleSanBrizio.json,LucaSignorelliFraAngelicoChapelleSanBrizioOrvieto.json,renommé,
entry_artwork,SimoneMartiniLaureSade.json,SimoneMartiniPortraitLaureSade.json,renommé,
entry_artwork,SimonVouetBibliothequeSeguier.json,SimonVouetBibliothequeSeguierParis.json,renommé,
entry_artwork,SimonVouetPortraitAhmetI.json,SimonVouetPortraitAhmetI.json,inchangé,
entry_artwork,StatueEquestreMarcAurele.json,StatueEquestreMarcAureleMuseeCapitolinRome.json,renommé,
entry_artwork,StatueNabuchodonosor.json,StatueNabuchodonosor.json,inchangé,
entry_artwork,SuaireTurin.json,SuaireTurinCathedraleSaintJeanBaptisteTurin.json,renommé,
entry_artwork,SustermansCosimoII.json,JustusSustermansPortraitCosimoIIOfficesFlorence.json,renommé,
entry_artwork,TabernacleEscorialNizzola.json,GiacomoNizzolaTabernacleEscorialSanLorenzoEscurial.json,renommé,
entry_artwork,TafiDiRicoChristFlorence.json,AndreaTafiDiRicoChristPantocratorBaptistereFlorence.json,renommé,
entry_artwork,TentureChassesMaximilien.json,BernaertVanOrleyTentureChassesMaximilienLouvre.json,renommé,
entry_artwork,TibaldiAnnonciationSantaMariaAnnunciataCamposanto.json,PellegrinoTibaldiVincenzoSeregniAnnonciationSantaMariaAnnunciataCamposantoMilan.json,renommé,
entry_artwork,TibreLouvre.json,TibreLouvre.json,inchangé,
entry_artwork,TimantheCyclope.json,TimantheCyclope.json,inchangé,
entry_artwork,TimantheSacrificeIphigenie.json,TimantheSacrificeIphigenie.json,inchangé,
entry_artwork,TintoretCrucifixionSanRocco.json,JacopoTintoretCrucifixionSanRoccoVenise.json,renommé,
entry_artwork,TitienAlphonseIEsteBemberg.json,TitienPortraitAlphonseIEsteFondationBembergToulouse.json,renommé,
entry_artwork,TitienAnnoncitationSanSalvador.json,TitienAnnoncitationSanSalvadorVenise.json,renommé,
entry_artwork,TitienBacchanaleAndriens.json,TitienBacchanaleAndriensPrado.json,renommé,
entry_artwork,TitienBacchusAriane.json,TitienBacchusArianeNGLondres.json,renommé,
entry_artwork,TitienCharlesVChienPrado.json,TitienPortraitCharlesVChienPrado.json,renommé,
entry_artwork,TitienCharlesVMunich.json,TitienPortraitCharlesVAltePinakothekMunich.json,renommé,
entry_artwork,TitienCopieBacchanale.json,TitienCopieBacchanale.json,inchangé,
entry_artwork,TitienEquestreCharlesVPrado.json,TitienEquestreCharlesVPrado.json,inchangé,
entry_artwork,TitienJusticeCaDoro.json,TitienJusticeCaDoro.json,inchangé,
entry_artwork,TitienLauraDiantiKreuzlingen.json,TitienPortraitLauraDiantiCollectionHeinzKistersKreuzlingen.json,renommé,
entry_artwork,TitienMartyreSaintLaurentVenise.json,TitienMartyreSaintLaurentSantaMariaAssuntaVenise.json,renommé,
entry_artwork,TitienPalmaPietaGallerieAccademiaVenise.json,TitienJacopoPalmaIlVecchioPietaGalleriaDellAccademiaVenise.json,renommé,
entry_artwork,TitienPapePaulIIIPetitsfilsNaples.json,TitienPortraitPapePaulIIIPetitsfilsCapodimonte.json,renommé,
entry_artwork,TitienRetableSanNicolo.json,TitienRetableSanNicoloVatican.json,renommé,
entry_artwork,TitienSaintJacquesMajeurSanLio.json,TitienSaintJacquesMajeurSanLioVenise.json,renommé,
entry_artwork,TitienSaintJeanBaptisteAccademia.json,TitienSaintJeanBaptisteGalleriaDellAccademiaVenise.json,renommé,
entry_artwork,TitienSaintMarcSaluteVenise.json,TitienSaintMarcSantaMariaDellaSaluteVenise.json,renommé,
entry_artwork,TitienSaintSebastien.json,TitienSaintSebastien.json,inchangé,
entry_artwork,TitienSaintSebastienErmitage.json,TitienSaintSebastienErmitage.json,inchangé,
entry_artwork,TitienTransfigurationSanSalvator.json,TitienTransfigurationSanSalvatorVenise.json,renommé,
entry_artwork,TitienTriompheFoi.json,TitienTriompheFoiBNF.json,renommé,
entry_artwork,TitienVieDouzeCesars.json,TitienVieDouzeCesars.json,inchangé,
entry_artwork,TobiasStimmerNeueKunstlicheFigurenBiblischerHistorien.json,TobiasStimmerNeueKunstlicheFigurenBiblischerHistorien.json,inchangé,
entry_artwork,TombeauAndreaDoriaMontorsoli.json,GiovanniAngeloMontorsoliTombeauAndreaDoriaSanMatteoGenes.json,renommé,
entry_artwork,TombeauCossa.json,DonatelloMichelozzoTombeauBaldassareCossaBaptistereFlorence.json,renommé,
entry_artwork,TombeauDelMonte.json,BartolomeoAmmannatiTombeauDelMonteSanPietroInMontorioRome.json,renommé,
entry_artwork,TombeauJulesII.json,MichelAngeTombeauJulesIISanPietroInVincoliRome.json,renommé,
entry_artwork,TombeauMarioNari.json,BartolomeoAmmannatiTombeauMarioNariBargello.json,renommé,
entry_artwork,TombeauxEscorialLeoni.json,PompeoLeoniTombeauxCharlesVPhilippeIISanLorenzoEscurial.json,renommé,
entry_artwork,TondoDoni.json,MichelAngeTondoDoniOfficesFlorence.json,renommé,
entry_artwork,TorseBelvedere.json,ApollonioDeAteneTorseBelvedereVatican.json,renommé,
entry_artwork,TransfigurationProcaccini.json,CamilloProcacciniTransfiguration.json,renommé,
entry_artwork,TriompheDuBonheurBartoli.json,CosimoBartoliTriompheDuBonheur.json,renommé,
entry_artwork,TroneSalomon.json,TroneSalomon.json,inchangé,
entry_artwork,VasariSepultureMichelAnge.json,GiorgioVasariSepultureMichelAngeSantaCroceFlorence.json,renommé,
entry_artwork,VenezianoAnanias.json,AgostinoVenezianoRaphaelMortDAnanias.json,renommé,
entry_artwork,VenezianoCharlesQuint.json,AgostinoVenezianoPortraitCharlesQuintEnArmure.json,renommé,
entry_artwork,VenezianoCharlesQuintVieux.json,AgostinoVenezianoPortraitCharlesQuintVieux.json,renommé,
entry_artwork,VenezianoChristTroisAnges.json,AgostinoVenezianoChristTroisAnges.json,renommé,
entry_artwork,VenezianoElymas.json,AgostinoVenezianoRaphaelAveuglementElymas.json,renommé,
entry_artwork,VenezianoEvangelistesRomano.json,AgostinoVenezianoEvangelistesRomano.json,renommé,
entry_artwork,VenezianoFerdinand.json,AgostinoVenezianoPortraitFerdinandIer.json,renommé,
entry_artwork,VenezianoLycaonJupiter.json,AgostinoVenezianoRaphaelLycaonJupiter.json,renommé,
entry_artwork,VenezianoManne.json,AgostinoVenezianoManne.json,renommé,
entry_artwork,VenezianoPortementCroix.json,AgostinoVenezianoPortementCroix.json,renommé,
entry_artwork,VenezianoProvidence.json,AgostinoVenezianoRaphaelProvidence.json,renommé,
entry_artwork,VenezianoPsyche.json,AgostinoVenezianoHistoireDePsyche.json,renommé,
entry_artwork,VenezianoTemperence.json,AgostinoVenezianoRaphaelTemperence.json,renommé,
entry_artwork,VenusApelle.json,ApelleVenusAnadyomene.json,renommé,
entry_artwork,VeroneseCana.json,PaoloVeroneseNocesCanaLouvre.json,renommé,
entry_artwork,VerrocchioBartolomeoColleoni.json,AndreaVerrocchioAlessandroLeopardiStatueBartolomeoColleoniCampoDeiSantiGiovanniEPaoloVenise.json,renommé,
entry_artwork,VerrocchioLeonardoBapteme.json,AndreaVerrocchioLeonardoDaVinciBaptemeChristOfficesFlorence.json,renommé,
entry_artwork,VertumneArcimboldo.json,GiuseppeArcimboldoVertumneChâteauDeSkoklosteBalsta.json,renommé,
entry_artwork,VesaleDeHumaniCorporisFabrica.json,AndreasVanWeselDeHumaniCorporisFabrica.json,renommé,
entry_artwork,VicoCentauresLapithes.json,EneaVicoRossoFiorentinoCentauresLapithes.json,renommé,
entry_artwork,VicoFillesPierus.json,EneaVicoFillesPierus.json,renommé,
entry_artwork,VicoVulcainFleches.json,EneaVicoVulcainCyclopesForgentFleches.json,renommé,
entry_artwork,ViergeAuxBalancesLouvre.json,AnonymeViergeAuxBalancesLouvre.json,renommé,
entry_artwork,ViergeEnGloireEtSaintsCampi.json,GiulioCampiViergeEnGloireEtSaintsEgliseDeSanSigismondoCremona.json,renommé,
entry_artwork,ViergeHarpiesSarto.json,AndreaDelSartoViergeHarpiesOfficesFlorence.json,renommé,
entry_artwork,ViergeMedici.json,MichelAngeViergeMediciSanLorenzoFlorence.json,renommé,
entry_artwork,ViergeSurTroneProcaccini.json,ErcoleProcacciniViergeSurTroneSanGiacomoMaggioreBologne.json,renommé,
entry_artwork,VigneAldobrandine.json,VigneAldobrandineVatican.json,renommé,
entry_artwork,VoletsOrgueParmeProcaccini.json,ErcoleProcacciniVoletsOrgueCathedraleParme.json,renommé,
entry_artwork,WillemKeyPortraitFerdinandAlvareDeToledeCollectionPrivee.json,WillemKeyPortraitFerdinandAlvareDeToledeCollectionPrivee.json,inchangé,
entry_artwork,WillemKeyPortraitFerdinandAlvareDeToledeFoundationCasaDeAlba.json,WillemKeyPortraitFerdinandAlvareDeToledeFoundationCasaDeAlbaMadrid.json,renommé,
entry_artwork,WillemKeyPortraitMiCorpsFerdinandAlvareDeToledeFoundationCasaDeAlba.json,WillemKeyPortraitMiCorpsFerdinandAlvareDeToledeFoundationCasaDeAlbaMadrid.json,renommé,
entry_artwork,ZeuxisCentaure.json,ZeuxisCentaure.json,inchangé,
entry_artwork,ZeuxisGarconRaisin.json,ZeuxisGarconRaisin.json,inchangé,
entry_artwork,ZeuxisHeleneNue.json,ZeuxisHeleneNue.json,inchangé,
entry_artwork,ZeuxisJunon.json,ZeuxisJunon.json,inchangé,
entry_artwork,ZeuxisVielleFemme.json,ZeuxisVielleFemme.json,inchangé,
entry_artwork,ZuccariCardinaleBorromeo.json,FedericoZuccaroCardinaleBorromeoCollegioBorromeoPavie.json,renommé,
entry_building,AbbayeDeChiaravalle.json,AbbayeDeChiaravalle.json,inchangé,
entry_building,AbbayeDePortRoyalParis.json,AbbayeDePortRoyalParis.json,inchangé,
entry_building,AcropoleAlatri.json,AcropoleAlatri.json,inchangé,
entry_building,AgnoloGaddiArno.json,TaddeoGaddiPonteVecchioFlorence.json,renommé,
entry_building,AgnoloGaddiGiottoCampanile.json,AgnoloGaddiGiottoCampanileSantaMariaDelFioreFlorence.json,renommé,
entry_building,AlmoCollegioBorromeo.json,AlmoCollegioBorromeoPavie.json,renommé,
entry_building,AmphitheatreCapoue.json,AmphitheatreCapoue.json,inchangé,
entry_building,AmphitheatrePula.json,AmphitheatrePula.json,inchangé,
entry_building,AncienTempleAthenaPoliasAthenes.json,AncienTempleAthenaPoliasAthenes.json,inchangé,
entry_building,AntiqueBasiliqueVaticane.json,BasiliqueVaticaneAntique.json,renommé,
entry_building,ArcAugusteSuse.json,ArcAugusteSuse.json,inchangé,
entry_building,ArcCostantinRome.json,ArcCostantinRome.json,inchangé,
entry_building,ArcMalventuratoRome.json,ArcMalventuratoRome.json,inchangé,
entry_building,ArcoDeiGaviVerone.json,ArcDesGaviVerone.json,renommé,
entry_building,ArcSeptimeSevereRome.json,ArcSeptimeSevereRome.json,inchangé,
entry_building,ArcSergiusPula.json,ArcSergiusPula.json,inchangé,
entry_building,ArcTitusRome.json,ArcTitusRome.json,inchangé,
entry_building,ArcTrajanAncone.json,ArcTrajanAncone.json,inchangé,
entry_building,ArenaVerone.json,ArenaVerone.json,inchangé,
entry_building,BadiaFiesolana.json,BadiaFiesolana.json,inchangé,
entry_building,BaptistereDomeDeMilan.json,VincenzoSeregniPellegrinoTibaldiBaptistereDomeDeMilan.json,renommé,
entry_building,BaptistereDuLatranRome.json,BaptistereDuLatranRome.json,inchangé,
entry_building,BaptistereSaintJeanFlorence.json,BaptistereSaintJeanFlorence.json,inchangé,
entry_building,BasiliqueAemiliaRome.json,BasiliqueAemiliaRome.json,inchangé,
entry_building,BasiliqueDeFano.json,VitruveBasiliqueDeFano.json,renommé,
entry_building,BasiliqueDellaSantaCasa.json,BramanteGiulianoDaSangalloBaccioPontelliBasiliqueDellaSantaCasaLorette.json,renommé,
entry_building,BasiliqueDeMaxenxeConstantinRome.json,BasiliqueDeMaxenxeConstantinRome.json,inchangé,
entry_building,BasiliquePalladienneVicence.json,AndreaPalladioBasiliquePalladienneVicence.json,renommé,
entry_building,BasiliquePorciaRome.json,BasiliquePorciaRome.json,inchangé,
entry_building,BasiliqueSaintAugustinRome.json,BaccioPontelliBasiliqueSaintAugustinRome.json,renommé,
entry_building,BasiliqueSainteAgnesHorsLesMursRome.json,BasiliqueSainteAgnesHorsLesMursRome.json,inchangé,
entry_building,BasiliqueSainteMarieMajeureRome.json,BasiliqueSainteMarieMajeureRome.json,inchangé,
entry_building,BasiliqueSaintJeanLatranRome.json,FrancescoBorrominiGiacomoDellaPortaDomenicoFontanaBasiliqueSaintJeanLatranRome.json,renommé,
entry_building,BasiliqueSaintMarcVenise.json,BasiliqueSaintMarcVenise.json,inchangé,
entry_building,BasiliqueSaintPaulHorsLesMurs.json,BasiliqueSaintPaulHorsLesMursRome.json,renommé,
entry_building,BasiliqueSaintPierreRome.json,BasiliqueSaintPierreRome.json,inchangé,
entry_building,BasiliqueSaintsApotresRome.json,CarloFontanaFrancescoFontanaBasiliqueSaintsApotresRome.json,renommé,
entry_building,BasiliqueSaintSebastienHorsLesMursRome.json,FlaminioPonzioBasiliqueSaintSebastienHorsLesMursRome.json,renommé,
entry_building,BasiliqueSanGiacomoMaggioreBologne.json,BasiliqueSanGiacomoMaggioreBologne.json,inchangé,
entry_building,BasiliqueSanGiorgioMaggioreVenise.json,BasiliqueSanGiorgioMaggioreVenise.json,inchangé,
entry_building,BasiliqueSanGiovanniInConcaMilan.json,BasiliqueSanGiovanniInConcaMilan.json,inchangé,
entry_building,BasiliqueSanLorenzoFlorence.json,BasiliqueSanLorenzoFlorence.json,inchangé,
entry_building,BasiliqueSanMarcoFlorence.json,BasiliqueSanMarcoFlorence.json,inchangé,
entry_building,BasiliqueSanMiniatoFlorence.json,BasiliqueSanMiniatoAlMonteFlorence.json,renommé,
entry_building,BasiliqueSanNicolaInCarcereRome.json,BasiliqueSanNicolaInCarcereRome.json,inchangé,
entry_building,BasiliqueSantaCroceFlorence.json,ArnolfoDiCambioBasiliqueSantaCroceFlorence.json,renommé,
entry_building,BasiliqueSantaFrancescaRomanaRome.json,CarloLambardiBasiliqueSantaFrancescaRomanaRome.json,renommé,
entry_building,BasiliqueSantaGiustinaPadoue.json,BasiliqueSantaGiustinaPadoue.json,inchangé,
entry_building,BasiliqueSantaMariaDellaSaluteVenise.json,BaldassarreLonghenaBasiliqueSantaMariaDellaSaluteVenise.json,renommé,
entry_building,BasiliqueSantaMariaDelPopolo.json,AndreaBregnoGiovanninoDeDolciBasiliqueSantaMariaDelPopoloRome.json,renommé,
entry_building,BasiliqueSantaMariaNovellaFlorence.json,LeonBattistaAlbertiBasiliqueSantaMariaNovellaFlorence.json,renommé,
entry_building,BasiliqueSantaMariaSopraMinerva.json,CarloMadernoBasiliqueSantaMariaSopraMinerva.json,renommé,
entry_building,BasiliqueSantiCosmaDamianoRome.json,LuigiArrigucciOrazioTorrianiBasiliqueSantiCosmaDamianoRome.json,renommé,
entry_building,BasiliqueSantiGiovanniEPaoloVenise.json,BasiliqueSantiGiovanniEPaoloVenise.json,inchangé,
entry_building,BasiliqueSantissimaAnnunziataFlorence.json,LeonBattistaAlbertiMichelozzoBasiliqueSantissimaAnnunziataFlorence.json,renommé,
entry_building,BasiliqueSantoSpiritoFlorence.json,BrunelleschiAntonioManettiBasiliqueSantoSpiritoFlorence.json,renommé,
entry_building,BasiliqueSanVitaleRavenna.json,BasiliqueSanVitaleRavenna.json,inchangé,
entry_building,BelvedereVatican.json,BramanteBelvedereVatican.json,renommé,
entry_building,BernardoPanizzariEgliseSantAgostinoPlaisance.json,BernardoPanizzariEgliseSantAgostinoPlaisance.json,inchangé,
entry_building,BibliothequeAmbrosienneMilan.json,FabioMangoneGiacomoMoragliaFrancescoMariaRichiniBibliothequeAmbrosienneMilan.json,renommé,
entry_building,BibliothequeMediceaLaurenzianaFlorence.json,MichelAngeBibliothequeMediceaLaurenzianaFlorence.json,renommé,
entry_building,CampanileSaintMarcVenise.json,JacopoSansovinoCampanileSaintMarcVenise.json,renommé,
entry_building,CasaBuonarroti.json,CasaBuonarroti.json,inchangé,
entry_building,CastelSantAngeloRome.json,AntonioDaSangalloIlGiovaneCastelSantAngeloRome.json,renommé,
entry_building,CastelvecchioVerone.json,CastelVecchioVerone.json,erreur,Un fichier avec ce nom existe déjà (collision)
entry_building,CathedraleMilan.json,SimoneDaOrsenigoGiovanniSolariGiovanniAntonioAmadeoPellegrinoTibaldiCathedraleMilan.json,renommé,
entry_building,CathedraleNotreDameAnvers.json,RombautIIKeldermansCathedraleNotreDameAnvers.json,renommé,
entry_building,CathedraleNotreDameParis.json,CathedraleNotreDameParis.json,inchangé,
entry_building,CathedraleParme.json,BenedettoAntelamiCathedraleParme.json,renommé,
entry_building,CathedralePise.json,BuschettoRainaldoCathedralePise.json,renommé,
entry_building,CathedraleSaintBavonGand.json,AdrienDeCroyCathedraleSaintBavonGand.json,renommé,
entry_building,CathedraleSaintDonatienBruges.json,CathedraleSaintDonatienBruges.json,inchangé,
entry_building,CathedraleSaintJeanLaValette.json,GirolamoCassarCathedraleSaintJeanLaValette.json,renommé,
entry_building,CathedraleSantaMariaDelFioreFlorence.json,GiottoBrunelleschiAndreaPisanoCathedraleSantaMariaDelFioreFlorence.json,renommé,
entry_building,ChapelleBilliSantissimaAnnunziata.json,PieroDiJacopoRosselliChapelleBilliSantissimaAnnunziataFlorence.json,renommé,
entry_building,ChapelleDesOrleans.json,ChapelleDesOrleans.json,inchangé,
entry_building,ChapelleSaintJosephNovara.json,ChapelleSaintJosephNovara.json,inchangé,
entry_building,ChapelleScaliSantissimaAnnunziata.json,PassignanoChapelleScaliSantissimaAnnunziataFlorence.json,renommé,
entry_building,ChapitreNotreDameParis.json,ChapitreNotreDameParis.json,inchangé,
entry_building,ChartreuseGalluzzoFlorence.json,ChartreuseGalluzzoFlorence.json,inchangé,
entry_building,ChateauChambord.json,JacquesSourdeauPierreNepveuChateauChambord.json,renommé,
entry_building,ChateauDuRaincy.json,LouisLeVauChateauDuRaincy.json,renommé,
entry_building,ChateauSaintGermainEnLaye.json,PierreChambigesChateauSaintGermainEnLaye.json,renommé,
entry_building,ChateauVauxLeVicomte.json,LouisLeVauChateauVauxLeVicomteMaincy.json,renommé,
entry_building,ChiostrinoDeiVoti.json,MichelozzoChiostrinoDeiVotiFlorence.json,renommé,
entry_building,CircusMaximusRome.json,CircusMaximusRome.json,inchangé,
entry_building,ColonneAntonineRome.json,ColonneAntonineRome.json,inchangé,
entry_building,ColonneMarcAureleRome.json,ColonneMarcAureleRome.json,inchangé,
entry_building,ColonneTrajaneRome.json,ColonneTrajaneRome.json,inchangé,
entry_building,ColosseRhodes.json,ColosseRhodes.json,inchangé,
entry_building,ColosseumRome.json,ColiseeRome.json,renommé,
entry_building,ComplexeSantApolloniaFlorence.json,ComplexeSantApolloniaFlorence.json,inchangé,
entry_building,CouventCarmelitesFaubourgSaintJacquesParis.json,CouventCarmelitesFaubourgSaintJacquesParis.json,inchangé,
entry_building,CouventCarmelitesRueChapon.json,CouventCarmelitesRueChaponParis.json,renommé,
entry_building,CouventDesFeuillantsParis.json,DenisAntoineCouventDesFeuillantsParis.json,renommé,
entry_building,CouventMinimesVincennes.json,CouventMinimesVincennes.json,inchangé,
entry_building,CouventMoinesDePicpusParis.json,CouventMoinesDePicpusParis.json,inchangé,
entry_building,CouventNotreDameDuCalvaireParis.json,CouventNotreDameDuCalvaireParis.json,inchangé,
entry_building,CouventSanFrancescoMacciFlorence.json,CouventSanFrancescoMacciFlorence.json,inchangé,
entry_building,CuriaJuliaRome.json,CuriaJuliaRome.json,inchangé,
entry_building,CurieHostiliaRome.json,CurieHostiliaRome.json,inchangé,
entry_building,DedaleLabyrinthe.json,DedaleLabyrinthe.json,inchangé,
entry_building,DomusAureaRome.json,DomusAureaRome.json,inchangé,
entry_building,DuomoTurin.json,MeodelCaprinoCathedraleSaintJeanBaptisteTurin.json,renommé,
entry_building,EgliseCarmineFlorence.json,EgliseSantaMariaDelCarmineFlorence.json,renommé,
entry_building,EgliseCarminiVenise.json,SebastianoMarianiEgliseSantaMariaDeiCarminiVenise.json,renommé,
entry_building,EgliseCelestinsParis.json,EgliseCelestinsParis.json,inchangé,
entry_building,EgliseMadonnaDellOrtoVenise.json,EgliseMadonnaDellOrtoVenise.json,inchangé,
entry_building,EgliseOrsanMicheleFlorence.json,BenciDiCioneDamiNeriDiFioravanteSimoneTalentiEgliseOrsanMicheleFlorence.json,renommé,
entry_building,EgliseSaintDonatienBruges.json,EgliseSaintDonatienBruges.json,inchangé,
entry_building,EgliseSainteMarieDesPresSoest.json,EgliseSainteMarieDesPresSoest.json,inchangé,
entry_building,EgliseSainteMariePaixRome.json,BramantePierreDeCortoneEgliseSainteMariePaixRome.json,renommé,
entry_building,EgliseSaintEtienneLeRondRome.json,EgliseSaintEtienneLeRondRome.json,inchangé,
entry_building,EgliseSaintGervaisSaintProtaisParis.json,EgliseSaintGervaisSaintProtaisParis.json,inchangé,
entry_building,EgliseSaintGeryBruxelles.json,EgliseSaintGeryBruxelles.json,inchangé,
entry_building,EgliseSaintJosephDesCarmesParis.json,EgliseSaintJosephDesCarmesParis.json,inchangé,
entry_building,EgliseSaintPaulDominicainsAnvers.json,FransStuyckDominikusDeWaghemakereEgliseSaintPaulDominicainsAnvers.json,renommé,
entry_building,EgliseSaintSeverinParis.json,EgliseSaintSeverinParis.json,inchangé,
entry_building,EgliseSanBartolomeoMonteOlivetoFlorence.json,EgliseSanBartolomeoMonteOlivetoFlorence.json,inchangé,
entry_building,EgliseSanBartolomeoVenise.json,EgliseSanBartolomeoVenise.json,inchangé,
entry_building,EgliseSanDionisioFlorence.json,EgliseSanDionisioFlorence.json,inchangé,
entry_building,EgliseSanFedeleMilan.json,PellegrinoTibaldiEgliseSanFedeleMilan.json,renommé,
entry_building,EgliseSanGiovanniDecollato.json,GiovanniBattistaDaSangalloEgliseSanGiovanniDecollatoRome.json,renommé,
entry_building,EgliseSanGirolamoCaritaRome.json,CarloRainaldiDomenicoCastelliEgliseSanGirolamoCaritaRome.json,renommé,
entry_building,EgliseSanGregorioCelioRome.json,GiovanniBattistaSoriaEgliseSanGregorioCelioRome.json,renommé,
entry_building,EgliseSanLioVenise.json,EgliseSanLioVenise.json,inchangé,
entry_building,EgliseSanMarcoMilan.json,EgliseSanMarcoMilan.json,inchangé,
entry_building,EgliseSanNiccoloDeiGentiluominiMessina.json,AndreaCalamechEgliseSanNiccoloDeiGentiluominiMessine.json,renommé,
entry_building,EgliseSanPaoloNaples.json,GiovanGiacomoDiConfortoGiovanBattistaCavagnaFrancescoGrimaldiEgliseSanPaoloNaples.json,renommé,
entry_building,EgliseSanPietroinMontorio.json,BaccioPontelliEgliseSanPietroInMontorio.json,renommé,
entry_building,EgliseSanSalvadorVenise.json,VincenzoScamozziJacopoSansovinoEgliseSanSalvadorVenise.json,renommé,
entry_building,EgliseSanSebastianoVenise.json,AntonioAbbondiEgliseSanSebastianoVenise.json,renommé,
entry_building,EgliseSanSigismondoCremona.json,BartolomeoGadioEgliseSanSigismondoCremona.json,renommé,
entry_building,EgliseSantaMariaAnnunciataCamposantoMilan.json,AurelioTrezziEgliseSantaMariaAnnunciataCamposantoMilan.json,renommé,
entry_building,EgliseSantaMariaCelana.json,EgliseSantaMariaCelana.json,inchangé,
entry_building,EgliseSantaMariaDellaFebbreVatican.json,EgliseSantaMariaDellaFebbreVatican.json,inchangé,
entry_building,EgliseSantaMariaDellaPieveArezzo.json,GiorgioVasariEgliseSantaMariaDellaPieveArezzo.json,renommé,
entry_building,EgliseSantaMariaEgiziacaRome.json,EgliseSantaMariaEgiziacaRome.json,inchangé,
entry_building,EgliseSantaMariaFormosaVenise.json,MauroCodussiEgliseSantaMariaFormosaVenise.json,renommé,
entry_building,EgliseSantaMariaInBrera.json,GiovanniDiBalduccioEgliseSantaMariaInBreraMilan.json,renommé,
entry_building,EgliseSantaMariaPressoSanSatiroMilan.json,BramanteEgliseSantaMariaPressoSanSatiroMilan.json,renommé,
entry_building,EgliseSantAndreaCelioRome.json,EgliseSantAndreaCelioRome.json,inchangé,
entry_building,EgliseSantAndreaDellaValleRome.json,CarloMadernoGiacomoDellaPortaFrancescoGrimaldiEgliseSantAndreaDellaValleRome.json,renommé,
entry_building,EgliseSantiNazaroECelsoVerone.json,EgliseSantiNazaroECelsoVerone.json,inchangé,
entry_building,EgliseSanTomasoMilan.json,EgliseSanTomasoMilan.json,inchangé,
entry_building,EgliseSantoSpiritoInSassiaRome.json,GuidettoGuidettiBaccioPontelliAntonioDaSangalloIlGiovaneEgliseSantoSpiritoInSassiaRome.json,renommé,
entry_building,EgliseSantoStefanoVenise.json,EgliseSantoStefanoVenise.json,inchangé,
entry_building,EtemenankiBabylone.json,EtemenankiBabylone.json,inchangé,
entry_building,FontaineDesDioscuresRome.json,FontaineDesDioscuresRome.json,inchangé,
entry_building,FontaineNeptuneFlorence.json,BartolomeoAmmannatiFontaineNeptuneFlorence.json,renommé,
entry_building,ForumAugusteRome.json,ForumAugusteRome.json,inchangé,
entry_building,ForumBoariumRome.json,ForumBoariumRome.json,inchangé,
entry_building,ForumDeLaPaixRome.json,ForumDeLaPaixRome.json,inchangé,
entry_building,GaleazzoAlessiCristoforoLombardoCouventSantAgostinoPlaisance.json,GaleazzoAlessiCristoforoLombardoCouventSantAgostinoPlaisance.json,inchangé,
entry_building,GaleriedesOfficesFlorence.json,GiorgioVasariBernardoBuontalentiGalerieDesOfficesFlorence.json,renommé,
entry_building,GiovanniPaoloLomazzoChapelleFoppa.json,GiovanniPaoloLomazzoChapelleFoppa.json,inchangé,
entry_building,GrandeGalerieLouvreParis.json,GrandeGalerieLouvreParis.json,inchangé,
entry_building,HagiaSophiaIstanbul.json,HagiaSophiaIstanbul.json,inchangé,
entry_building,HeraionArgos.json,HeraionArgos.json,inchangé,
entry_building,HopitalInnocentiFlorence.json,BrunelleschiHopitalInnocentiFlorence.json,renommé,
entry_building,HopitalSanBonifatioFlorence.json,HopitalSanBonifatioFlorence.json,inchangé,
entry_building,HotelDeVilleBale.json,HotelDeVilleBale.json,inchangé,
entry_building,HotelSeguierParis.json,HotelSeguierParis.json,inchangé,
entry_building,HotelVilleParis.json,HotelVilleParis.json,inchangé,
entry_building,HuisTenBoschLaHaye.json,HuisTenBoschLaHaye.json,inchangé,
entry_building,JardinsBabylone.json,JardinsBabylone.json,inchangé,
entry_building,LabyrintheEgypte.json,LabyrintheEgypte.json,inchangé,
entry_building,LescotGoujonFontaineInnocents.json,PierreLescotJeanGoujonFontaineInnocentsParis.json,renommé,
entry_building,LibreriaPiccolomini.json,LorenzoDiMarianoLibreriaPiccolominiSienne.json,renommé,
entry_building,LoggiaOdeoCornaroPadoue.json,GiovanniMariaFalconettoLoggiaOdeoCornaroPadoue.json,renommé,
entry_building,LouvreParis.json,PalaisDuLouvreParis.json,renommé,
entry_building,MaisonCarreeNimes.json,MaisonCarreeNimes.json,inchangé,
entry_building,MausoleeAugusteRome.json,MausoleeAugusteRome.json,inchangé,
entry_building,MausoleeCyrusLeGrandPasargades.json,MausoleeCyrusLeGrandPasargades.json,inchangé,
entry_building,MausoleeHalicarnasse.json,MausoleeHalicarnasseBodrum.json,renommé,
entry_building,MausoleeHonoriVatican.json,MausoleeHonoriVatican.json,inchangé,
entry_building,MausoleeMaxenceRome.json,MausoleeMaxenceRome.json,inchangé,
entry_building,MausoleeSainteCostanceRome.json,MausoleeSainteCostanceRome.json,inchangé,
entry_building,MausoleeTheodoricRavenne.json,MausoleeTheodoricRavenne.json,inchangé,
entry_building,MetaRomuliRome.json,MetaRomuliRome.json,inchangé,
entry_building,MichelAngeCapitoleRome.json,MichelAngeGiacomoDellaPortaCapitoleRome.json,renommé,
entry_building,MonastereSanChiaritoFlorence.json,MonastereSanChiaritoFlorence.json,inchangé,
entry_building,MonastereSanLorenzoEscurial.json,MonastereSanLorenzoEscurial.json,inchangé,
entry_building,MonastereSanLucaFlorence.json,MonastereSanLucaFlorence.json,inchangé,
entry_building,MonastereSantaCaterinaFlorence.json,MonastereSantaCaterinaFlorence.json,inchangé,
entry_building,MonastereSantAgataFlorence.json,AlessandroAlloriMonastereSantAgataFlorence.json,renommé,
entry_building,MontSacreDeVarallo.json,MontSacreDeVarallo.json,inchangé,
entry_building,MuraillesConstantinople.json,MuraillesConstantinople.json,inchangé,
entry_building,MurailleServienne.json,MurailleServienneRome.json,renommé,
entry_building,MuraillesNaples.json,MuraillesNaples.json,inchangé,
entry_building,MurAntoninGrandeBretagne.json,MurAntoninGrandeBretagne.json,inchangé,
entry_building,MurHadrienGrandeBretagne.json,MurHadrienGrandeBretagne.json,inchangé,
entry_building,MursdeFlorence.json,AntonioDaSangalloIlGiovaneBernardoBuontalentiArnolfoDiCambioMursDeFlorence.json,renommé,
entry_building,NoviciatJesuitesParis.json,EtienneMartellangeNoviciatJesuitesParis.json,renommé,
entry_building,NympheeAlexandreRome.json,NympheeAlexandreRome.json,inchangé,
entry_building,OratoireSanSebastianoBini.json,OratoireSanSebastianoDeBiniFlorence.json,renommé,
entry_building,OudeKerkAmsterdam.json,OudeKerkAmsterdam.json,inchangé,
entry_building,PalaisAntoniniUdine.json,AndreaPalladioMartinoFischerPalaisAntoniniUdine.json,renommé,
entry_building,PalaisBarbaranDaPortoVicence.json,AndreaPalladioPalaisBarbaranDaPortoVicence.json,renommé,
entry_building,PalaisBarberiniRome.json,CarloMadernGianLorenzoBerniniFrancescoBorrominiPalaisBarberiniRome.json,renommé,
entry_building,PalaisCapriniRome.json,PalaisCapriniRome.json,inchangé,
entry_building,PalaisChancellerieRome.json,BaccioPontelliPalaisChancellerieRome.json,renommé,
entry_building,PalaisChiericatiVicence.json,AndreaPalladioPalaisChiericatiVicence.json,renommé,
entry_building,PalaisCiteParis.json,PalaisCiteParis.json,inchangé,
entry_building,PalaisDallaTorreVerone.json,PalaisDallaTorreVerone.json,inchangé,
entry_building,PalaisDeLaLogeBrescia.json,BramantePalaisDeLaLogeBrescia.json,renommé,
entry_building,PalaisDogesVenise.json,PalaisDogesVenise.json,inchangé,
entry_building,PalaisFarneseRome.json,MichelAngePalaisFarneseRome.json,renommé,
entry_building,PalaisFontanaSilvestriMilan.json,BramantePalaisFontanaSilvestriMilan.json,renommé,
entry_building,PalaisLuxembourg.json,PalaisLuxembourgParis.json,renommé,
entry_building,PalaisMediciFlorence.json,MichelozzoPalaisMedicisFlorence.json,renommé,
entry_building,PalaisMonaco.json,PalaisMonaco.json,inchangé,
entry_building,PalaisOttavianoDeMedici.json,PalaisBernardettoDeMediciFlorence.json,renommé,
entry_building,PalaisPamphiljRome.json,GirolamoRainaldiPalaisPamphiljRome.json,renommé,
entry_building,PalaisPortoVicence.json,AndreaPalladioPalaisPortoVicence.json,renommé,
entry_building,PalaisProsperoVisconti.json,PellegrinoTibaldiGiuseppeMedaPalaisProsperoViscontiMilan.json,renommé,
entry_building,PalaisRicasoliCarraia.json,PalaisRicasoliPonteAllaCarraiaFlorence.json,renommé,
entry_building,PalaisRicasoliFlorence.json,PalaisScaliRicasoliFlorence.json,renommé,
entry_building,PalaisRoyalParis.json,JacquesLemercierPalaisRoyalParis.json,renommé,
entry_building,PalaisTeMantoue.json,GiulioRomanoPalaisDuTeMantoue.json,renommé,
entry_building,PalaisThieneVicence.json,AndreaPalladioGiulioRomanoPalaisThieneVicence.json,renommé,
entry_building,PalaisTuileriesParis.json,PalaisTuileriesParis.json,inchangé,
entry_building,PalaisValmaranaVicence.json,AndreaPalladioPalaisValmaranaVicence.json,renommé,
entry_building,PalazzoBartoliniSalimbeniFlorence.json,BaccioDAgnoloPalaisBartoliniSalimbeniFlorence.json,renommé,
entry_building,PalazzoBranconioAquilaRome.json,RaphaelPalaisBranconioAquilaRome.json,renommé,
entry_building,PalazzoDellaRagionePadoue.json,BartolomeoRizzoFraGiovanniDegliEremitaniPalaisDellaRagionePadoue.json,renommé,
entry_building,PalazzoPandolfiniFlorence.json,RaphaelPalaisPandolfiniFlorence.json,renommé,
entry_building,PalazzoPazziFlorence.json,GiulianoDaMaianoPalaisPazziFlorence.json,renommé,
entry_building,PalazzoPittiFlorence.json,LucaFancelliPalaisPittiFlorence.json,renommé,
entry_building,PalazzoStrozziFlorence.json,BenedettoDaMaianoPalaisStrozziFlorence.json,renommé,
entry_building,PalazzoVecchioFlorence.json,ArnolfoDiCambioPalazzoVecchioFlorence.json,renommé,
entry_building,PantheonRome.json,PantheonRome.json,inchangé,
entry_building,ParthenonAthenes.json,PhidiasParthenonAthenes.json,renommé,
entry_building,PerugiaSanSevero.json,GiovanFrancescoDiSangroAlessandroDiSangroChapelleSanSeveroPerouse.json,renommé,
entry_building,PhareAlexandrie.json,PhareAlexandrie.json,inchangé,
entry_building,PiazzaDiPietraRome.json,PiazzaDiPietraRome.json,inchangé,
entry_building,PioLuogoDellaMisericordiaMilan.json,PioLuogoDellaMisericordiaMilan.json,inchangé,
entry_building,PlaceSanPietroRome.json,DomenicoFontanaGianLorenzoBerniniPlaceSanPietroRome.json,renommé,
entry_building,PlaceSantissimaAnnunziata.json,BrunelleschiPlaceSantissimaAnnunziataFlorence.json,renommé,
entry_building,PonteAemiliusRome.json,PontAemiliusRome.json,renommé,
entry_building,PonteAltinatePadoue.json,PontAltinatePadoue.json,renommé,
entry_building,PonteAugusteNarni.json,PontAugusteNarni.json,renommé,
entry_building,PonteCestiusRome.json,PontCestiusRome.json,renommé,
entry_building,PonteCorvoPadoue.json,PontCorvoPadoue.json,renommé,
entry_building,PonteDegliAngeliVicence.json,PontDesAngesVicence.json,renommé,
entry_building,PonteDiCesareSulReno.json,PontDeCesarSurLeRhinNeuwied.json,renommé,
entry_building,PonteFabriciusRome.json,PontFabriciusRome.json,renommé,
entry_building,PonteMallioCagli.json,PontMallioCagli.json,renommé,
entry_building,PonteMilvioRome.json,PontMilviusRome.json,renommé,
entry_building,PonteMolinoPadoue.json,PontMolinoPadoue.json,renommé,
entry_building,PonteNeronianoRome.json,PontNeronianoRome.json,renommé,
entry_building,PonteRialtoPalladioVenise.json,AndreaPalladioPontRialtoVenise.json,renommé,
entry_building,PonteSanLorenzoPadoue.json,PontSanLorenzoPadoue.json,renommé,
entry_building,PonteSanPaoloVicence.json,PontSanPaoloVicence.json,renommé,
entry_building,PonteSantAngeloRome.json,PontSantAngeloRome.json,renommé,
entry_building,PonteSistoRome.json,PontSistoRome.json,renommé,
entry_building,PonteSubliciusRome.json,PontSubliciusRome.json,renommé,
entry_building,PonteSulCismonBassanoDelGrappa.json,PontSulCismonBassanoDelGrappa.json,renommé,
entry_building,PonteTibereRimini.json,PontTibereRimini.json,renommé,
entry_building,PonteTraianoDanube.json,ApollodoreDeDamasPontDeTrajanDanube.json,renommé,
entry_building,PonteVecchioBassanoDelGrappa.json,AndreaPalladioPonteVecchioBassanoDelGrappa.json,renommé,
entry_building,PortaCapenaRome.json,PortaCapenaRome.json,inchangé,
entry_building,PortaDelPopoloRome.json,PortaDelPopoloRome.json,inchangé,
entry_building,PortaEsquilinaRome.json,PortaEsquilinaRome.json,inchangé,
entry_building,PortaLeoniVerone.json,PortaLeoniVerone.json,inchangé,
entry_building,PortAncienGenes.json,PortAncienGenes.json,inchangé,
entry_building,PortaSanPancrazioRome.json,PortaSanPancrazioRome.json,inchangé,
entry_building,PortaSanPaoloRome.json,PortaSanPaoloRome.json,inchangé,
entry_building,PortaSanSebastianoRome.json,PortaSanSebastianoRome.json,inchangé,
entry_building,PortComasinaMilan.json,PortaComasinaMilan.json,renommé,
entry_building,PorteBasiliqueSaintiCosmaDamianoRome.json,PorteBasiliqueSantiCosmaDamianoRome.json,renommé,
entry_building,PorteNaeviaRome.json,PorteNaeviaRome.json,inchangé,
entry_building,PorteOrientaleMilan.json,PorteOrientaleMilan.json,inchangé,
entry_building,PortePantheonRome.json,PortePantheonRome.json,inchangé,
entry_building,PorteSanGalloFlorence.json,PorteSanGalloFlorence.json,inchangé,
entry_building,PorteSantApollonia.json,MichelAngePorteSantApolloniaFlorence.json,renommé,
entry_building,PorteViminaleRome.json,PorteViminaleRome.json,inchangé,
entry_building,PortiqueAtheniensDelphes.json,PortiqueAtheniensDelphes.json,inchangé,
entry_building,PortiqueDeLivieRome.json,PortiqueDeLivieRome.json,inchangé,
entry_building,PortiquePompeeRome.json,PortiqueDePompeeRome.json,renommé,
entry_building,PortiqueVipsaniaRome.json,PortiqueDeVipsaniaRome.json,renommé,
entry_building,PortSyracuse.json,PorteDeSyracuse.json,renommé,
entry_building,ProcuratieVenise.json,BaldassarreLonghenaVincenzoScamozziJacopoSansovinoProcuratiesVenise.json,renommé,
entry_building,PyramideCaiusCestius.json,PyramideCaiusCestiusRome.json,renommé,
entry_building,PyramideKefrenGizeh.json,PyramideKhephrenGizeh.json,renommé,
entry_building,PyramideKheopsGizeh.json,PyramideKheopsGizeh.json,inchangé,
entry_building,PythagoreionSamos.json,PythagoreionSamos.json,inchangé,
entry_building,RaphaelGiulioRomanoVillaMadamaRome.json,RaphaelGiulioRomanoVillaMadamaRome.json,inchangé,
entry_building,ResidenceMunich.json,LeoVonKlenzeResidenceMunich.json,renommé,
entry_building,SaintGermainLAuxerroisParis.json,SaintGermainLAuxerroisParis.json,inchangé,
entry_building,SaintLucEtMartineRome.json,PierreDeCortoneEgliseSaintLucEtMartineRome.json,renommé,
entry_building,SaintThomasPavie.json,EgliseSaintThomasPavie.json,renommé,
entry_building,SalaClementinaVatican.json,DomenicoFontanaSalaClementinaVatican.json,renommé,
entry_building,Salle500Florence.json,LeonardoDaVinciGiorgioVasariMichelAngeSalleDesCinqCentsPalazzoVecchioFlorence.json,renommé,
entry_building,SanDomenicoMaggioreNaples.json,PierreDAngicourtPierreDeChaulEgliseSanDomenicoMaggioreNaples.json,renommé,
entry_building,SanFrancescoGrandeMilan.json,AntonioNuvoloneEgliseSanFrancescoGrandeMilan.json,renommé,
entry_building,SantaMariaDegliAngeliMartiriRome.json,MichelAngeGiacomoDelDucaLuigiVanvitelliBasiliqueSantaMariaDegliAngeliMartiriRome.json,renommé,
entry_building,SantaMariaDellaCaritaVenise.json,BartolomeoBonoEgliseSantaMariaDellaCaritaVenise.json,renommé,
entry_building,SantaMariaDellAnimaRome.json,BramanteGiulianoDaSangalloAndreaSansovinoEgliseSantaMariaDellAnimaRome.json,renommé,
entry_building,SantaMariaGrazieMilan.json,BramanteGiovanniAntonioAmadeoEgliseSantaMariaGrazieMilan.json,renommé,
entry_building,SantaMariaMaggioreRome.json,DomenicoFontanaFlaminioPonzioCarloRainaldiBasiliqueSantaMariaMaggioreRome.json,renommé,
entry_building,SantaMariaVallicelliRome.json,DomenicoFontanaEgliseSantaMariaVallicelliRome.json,renommé,
entry_building,SantuarioMariaDellaRotondaRome.json,SantuarioMariaDellaRotondaAlbanoLaziale.json,renommé,
entry_building,ScuolaGrandeSanMarcoVenise.json,PietroLombardoScuolaGrandeSanMarcoVenise.json,renommé,
entry_building,ScuolaGrandeSanRoccoVenise.json,AntonioAbbondiPietroBonSanteLombardoScuolaGrandeSanRoccoVenise.json,renommé,
entry_building,ScuroloSanCarloMilan.json,ScuroloSanCarloMilan.json,inchangé,
entry_building,SerapeumAlexandrie.json,SerapeumAlexandrie.json,inchangé,
entry_building,SphinxGizeh.json,SphinxGizeh.json,inchangé,
entry_building,StadeOlympie.json,StadeOlympie.json,inchangé,
entry_building,TempiettoSanPietroMontorioRome.json,BramanteTempiettoSanPietroMontorioRome.json,renommé,
entry_building,TempleAntoninFaustineRome.json,TempleAntoninFaustineRome.json,inchangé,
entry_building,TempleApollonDelphes.json,TempleApollonDelphes.json,inchangé,
entry_building,TempleApollonPalatinRome.json,TempleApollonPalatinRome.json,inchangé,
entry_building,TempleApollonThermo.json,TempleApollonThermo.json,inchangé,
entry_building,TempleArtemisEphese.json,MetagenesTheodoreDeSamosChersiphronTempleArtemisEphese.json,renommé,
entry_building,TempleAthenaNikeAthenes.json,CallicratesTempleAthenaNikeAthenes.json,renommé,
entry_building,TempleAugustePula.json,TempleAugustePula.json,inchangé,
entry_building,TempleAugusteRome.json,TempleAugusteRome.json,inchangé,
entry_building,TempleCampelloSulClitunno.json,TempleCampelloSulClitunno.json,inchangé,
entry_building,TempleDeDianeNimes.json,TempleDeDianeNimes.json,inchangé,
entry_building,TempleDeJerusalem.json,TempleDeJerusalem.json,inchangé,
entry_building,TempleDeLaConcordeRome.json,TempleDeLaConcordeRome.json,inchangé,
entry_building,TempleDeLaLuneRome.json,TempleDeLaLuneRome.json,inchangé,
entry_building,TempleDeSaturneRome.json,TempleDeSaturneRome.json,inchangé,
entry_building,TempleDesDioscuresNaples.json,TempleDesDioscuresNaples.json,inchangé,
entry_building,TempleDesDioscuresRome.json,TempleDesDioscuresRome.json,inchangé,
entry_building,TempleDeSolRome.json,TempleDeSolRome.json,inchangé,
entry_building,TempleHadrienRome.json,TempleHadrienRome.json,inchangé,
entry_building,TempleHerculeVictorRome.json,TempleHerculeVictorRome.json,inchangé,
entry_building,TempleJanusForumHolitoriumRome.json,TempleJanusForumHolitoriumRome.json,inchangé,
entry_building,TempleJanusRome.json,TempleJanusRome.json,inchangé,
entry_building,TempleJupiterCapitolinRome.json,TempleJupiterCapitolinRome.json,inchangé,
entry_building,TempleJupiterStatorRome.json,TempleJupiterStatorRome.json,inchangé,
entry_building,TempleJupiterTonnantRome.json,TempleJupiterTonnantRome.json,inchangé,
entry_building,TempleMarsVengeur.json,TempleMarsVengeur.json,inchangé,
entry_building,TempleMinerveAssise.json,TempleMinerveAssise.json,inchangé,
entry_building,TempleMinerveMedicaRome.json,TempleMinerveMedicaRome.json,inchangé,
entry_building,TempleMinerveRome.json,TempleMinerveRome.json,inchangé,
entry_building,TempleNabuPalmyre.json,TempleNabuPalmyre.json,inchangé,
entry_building,TemplePietasRome.json,TemplePietasRome.json,inchangé,
entry_building,TemplePortunusRome.json,TemplePortunusRome.json,inchangé,
entry_building,TempleRomulusRome.json,TempleRomulusRome.json,inchangé,
entry_building,TempleSalomonJerusalem.json,TempleSalomonJerusalem.json,inchangé,
entry_building,TempleSante.json,TempleSanteRome.json,renommé,
entry_building,TempleSerapisRome.json,TempleSerapisRome.json,inchangé,
entry_building,TempleTrajanRome.json,TempleTrajanRome.json,inchangé,
entry_building,TempleVenusErycinaErice.json,TempleVenusErycinaErice.json,inchangé,
entry_building,TempleVenusGenitrixRome.json,TempleVenusGenitrixRome.json,inchangé,
entry_building,TempleVenusRomeRome.json,TempleVenusRome.json,renommé,
entry_building,TempleVespasienRome.json,TempleVespasienRome.json,inchangé,
entry_building,TempleVestaRome.json,TempleVestaRome.json,inchangé,
entry_building,TempleVestaTivoli.json,TempleVestaTivoli.json,inchangé,
entry_building,TempleZeusOlympie.json,TempleZeusOlympie.json,inchangé,
entry_building,TheatreBergaVicence.json,TheatreBergaVicence.json,inchangé,
entry_building,TheatreDePompeeRome.json,TheatreDePompeeRome.json,inchangé,
entry_building,TheatreMarcellusRome.json,TheatreMarcellusRome.json,inchangé,
entry_building,TheatrePula.json,TheatrePula.json,inchangé,
entry_building,TheatreRomainGubbio.json,TheatreRomainGubbio.json,inchangé,
entry_building,TheatreRomainVerone.json,TheatreRomainVerone.json,inchangé,
entry_building,ThermesAgrippaRome.json,ThermesAgrippaRome.json,inchangé,
entry_building,ThermesCaracallaRome.json,ThermesCaracallaRome.json,inchangé,
entry_building,ThermesDiocletienRome.json,ThermesDiocletienRome.json,inchangé,
entry_building,ThermesNeronRome.json,ThermesNeronRome.json,inchangé,
entry_building,ThermesStufeNeroneBaies.json,ThermesStufeNeroneBaies.json,inchangé,
entry_building,ThermesTitusRome.json,ThermesTitusRome.json,inchangé,
entry_building,TombeAlyatteIISardes.json,TombeAlyatteIISardes.json,inchangé,
entry_building,TombeArchimedeSyracuse.json,TombeArchimedeSyracuse.json,inchangé,
entry_building,TombeauDeDavidJerusalem.json,TombeauDeDavidJerusalem.json,inchangé,
entry_building,TorreDelleMilizieRome.json,TourDesMilicesRome.json,renommé,
entry_building,TourArnolfo.json,ArnolfoDiCambioTourArnolfo.json,renommé,
entry_building,TourBabel.json,TourBabel.json,inchangé,
entry_building,ToursDesContiRome.json,ToursDesContiRome.json,inchangé,
entry_building,TriniteMontsRome.json,EgliseTriniteMontsRome.json,renommé,
entry_building,VestibuleBibliothequeMediceaLaurenziana.json,VestibuleBibliothequeMediceaLaurenzianaFlorence.json,renommé,
entry_building,ViaAppia.json,ViaAppiaRome.json,renommé,
entry_building,ViaAurelia.json,ViaAureliaRome.json,renommé,
entry_building,ViaFlaminia.json,ViaFlaminiaRome.json,renommé,
entry_building,ViaLabicana.json,ViaLabicanaRome.json,renommé,
entry_building,ViaNomentana.json,ViaNomentanaRome.json,renommé,
entry_building,ViaOstiense.json,ViaOstienseRome.json,renommé,
entry_building,ViaPortuense.json,ViaPortuenseRome.json,renommé,
entry_building,ViaPraenestina.json,ViaPraenestinaRome.json,renommé,
entry_building,ViaSacraRome.json,ViaSacraRome.json,inchangé,
entry_building,VillaAlmericoCapraVicence.json,AndreaPalladioVincenzoScamozziVillaAlmericoCapraVicence.json,renommé,
entry_building,VillaAngaranoBassanoDelGrappa.json,AndreaPalladioBaldassarreLonghenaVillaAngaranoBassanoDelGrappa.json,renommé,
entry_building,VillaBadoerFrattaPolesine.json,AndreaPalladioVillaBadoerFrattaPolesine.json,renommé,
entry_building,VillaBarbaroMaser.json,AndreaPalladioVillaBarbaroMaser.json,renommé,
entry_building,VillaCastello.json,GiorgioVasariNiccoloTriboloVillaCastello.json,renommé,
entry_building,VillaCornaroPiombinoDese.json,AndreaPalladioVillaCornaroPiombinoDese.json,renommé,
entry_building,VilladelPrincipeGenes.json,PerinDelVagaVillaDelPrincipeGenes.json,renommé,
entry_building,VillaEmoFanzolo.json,AndreaPalladioVillaEmoFanzolo.json,renommé,
entry_building,VillaFarneseCaprarola.json,JacopoBarozziDaVignolaAntonioDaSangalloIlGiovaneBaldassarrePeruzziVillaFarneseCaprarola.json,renommé,
entry_building,VillaFarnesineRome.json,BaldassarrePeruzziVillaFarnesineRome.json,renommé,
entry_building,VillaFoscariMira.json,AndreaPalladioVillaFoscariMira.json,renommé,
entry_building,VillaGodiLugo.json,AndreaPalladioVillaGodiLugo.json,renommé,
entry_building,VillaHadrienTivoli.json,VillaHadrienTivoli.json,inchangé,
entry_building,VillaMediceaCareggi.json,MichelozzoVillaMediceaCareggi.json,renommé,
entry_building,VillaMediceaPoggioCaiano.json,GiulianoDaSangalloVillaMediceaPoggioCaiano.json,renommé,
entry_building,VillaMocenigoMarocco.json,AndreaPalladioVillaMocenigoMarocco.json,renommé,
entry_building,VillaPisaniBagnolo.json,AndreaPalladioVillaPisaniBagnolo.json,renommé,
entry_building,VillaPisaniMontagnana.json,AndreaPalladioVillaPisaniMontagnana.json,renommé,
entry_building,VillaPojana.json,AndreaPalladioVillaPojanaMaggiore.json,renommé,
entry_building,VillaRagonaMontegaldella.json,AndreaPalladioVillaRagonaMontegaldella.json,renommé,
entry_building,VillaRepetaCampigliaDeiBerici.json,AndreaPalladioVillaRepetaCampigliaDeiBerici.json,renommé,
entry_building,VillaSaracenoAgugliaro.json,AndreaPalladioVillaSaracenoAgugliaro.json,renommé,
entry_building,VillaSaregoLaMigaVeronella.json,AndreaPalladioVillaSaregoLaMigaVeronella.json,renommé,
entry_building,VillaSeregoPedemonte.json,AndreaPalladioVillaSeregoPedemonte.json,renommé,
entry_building,VillaThieneQuintoVicentino.json,AndreaPalladioVillaThieneQuintoVicentino.json,renommé,
entry_building,VillaThieneVillafrancaPadovana.json,AndreaPalladioVillaThieneVillafrancaPadovana.json,renommé,
entry_building,VillaTrissinoSarego.json,AndreaPalladioVillaTrissinoSarego.json,renommé,
entry_building,VillaValmaranaLisiera.json,AndreaPalladioVillaValmaranaLisiera.json,renommé,
entry_building,VillaZenoCessalto.json,AndreaPalladioVillaZenoCessalto.json,renommé,
entry_ensemble,AbrahamJanszVanDiepenbeeckTempleDesMuses.json,AbrahamJanszVanDiepenbeeckTempleDesMuses.json,inchangé,
entry_ensemble,AcropoleAthenes.json,AcropoleAthenes.json,inchangé,
entry_ensemble,CarelVanManderHistoirePassion.json,CarelVanManderHistoirePassion.json,inchangé,
entry_ensemble,CesariBataillesCapitole.json,GiuseppeCesariBataillesCapitoleMuseeCapitolinRome.json,renommé,
entry_ensemble,ChapelleDelMonteSanPietroInMontorioRome.json,ChapelleDelMonteSanPietroInMontorioRome.json,inchangé,
entry_ensemble,ChapelleSixtine.json,ChapelleSixtineVatican.json,renommé,
entry_ensemble,CharlesLeBrunCycleHistoireAlexandre.json,CharlesLeBrunCycleHistoireAlexandre.json,inchangé,
entry_ensemble,CharlesLeBrunEscalierDesAmbassadeursVersailles.json,CharlesLeBrunEscalierDesAmbassadeursVersailles.json,inchangé,
entry_ensemble,CharlesLeBrunGalerieDesGlacesVersailles.json,CharlesLeBrunGalerieDesGlacesVersailles.json,inchangé,
entry_ensemble,CharlesLeBrunMystereSainteViergeAncienSeminaireSaintSulpice.json,CharlesLeBrunMystereSainteViergeAncienSeminaireSaintSulpice.json,inchangé,
entry_ensemble,DapMantegnaTriomphesBurin.json,GianMarcoCavalliGiovanniAntonioDaBresciaGiulioCampagnolaAndreaMantegnaTriompheCesarBurin.json,renommé,
entry_ensemble,DomeDeMilan.json,DomeDeMilan.json,inchangé,
entry_ensemble,DurerViedelaVierge.json,AlbrechtDurerVieDeLaVierge.json,renommé,
entry_ensemble,FondacoTedeschiVenise.json,GiorgioneTitienFondacoTedeschiVenise.json,renommé,
entry_ensemble,FrancoisPerrierVieSaintBrunoCloitreChartreuxLyon.json,FrancoisPerrierHoraceLeBlancVieSaintBrunoCloitreChartreuxLyon.json,renommé,
entry_ensemble,GalerieFrancoisIer.json,GalerieFrancoisIerFontainebleau.json,renommé,
entry_ensemble,GalerieUlysseFontainebleau.json,GalerieUlysseFontainebleau.json,inchangé,
entry_ensemble,GalleriaGiustiniana.json,GalleriaGiustiniana.json,inchangé,
entry_ensemble,HendrickGoudtAdamElsheimerLesSeptTableauxGraves.json,HendrickGoudtAdamElsheimerLesSeptTableauxGraves.json,inchangé,
entry_ensemble,JacobDeGheynIIHistoirePassionCarelVanMander.json,JacobDeGheynIIZachariasDolendoCarelVanManderHistoirePassion.json,renommé,
entry_ensemble,JardinRicasoliFlorence.json,JardinRicasoliFlorence.json,inchangé,
entry_ensemble,JoachimVonSandrartCornelisIIBloemaertGalleriaGiustiniana.json,JoachimVonSandrartCornelisIIBloemaertGalleriaGiustiniana.json,inchangé,
entry_ensemble,LanfrancoSistoBadalocchioLogesVatican.json,GiovanniLanfrancoSistoBadalocchioRaphaelLogesVatican.json,renommé,
entry_ensemble,LoggiaPsyche.json,LoggiaPsycheFarnesina.json,renommé,
entry_ensemble,MaertenDeVosAdriaenCollaertVieChrist.json,AdriaenCollaertMaertenDeVosVieChrist.json,renommé,
entry_ensemble,MichelAngePlafondSixtine.json,MichelAngePlafondSixtineVatican.json,renommé,
entry_ensemble,ObelisquesRome.json,ObelisquesRome.json,inchangé,
entry_ensemble,OttoVanVeenEmblemesHorace.json,OttoVanVeenEmblemesHorace.json,inchangé,
entry_ensemble,OttoVanVeenThomasAquin.json,OttoVanVeenRecueilVieThomasAquin.json,renommé,
entry_ensemble,PeterCandidAegidiusSadelerQuatreDocteursEglise.json,AegidiusSadelerPeterCandidQuatreDocteursEglise.json,renommé,
entry_ensemble,PeterPaulRubensCycleHenriIVLuxembourg.json,PeterPaulRubensCycleHenriIVLuxembourg.json,inchangé,
entry_ensemble,PeterPaulRubensRetableSainteHeleneCathedraleNotreDameDuPuyGrasse.json,PeterPaulRubensRetableSainteHeleneCathedraleNotreDameDuPuyGrasse.json,inchangé,
entry_ensemble,PhilippeDeChampaigneAppartementMarieMedicisLuxembourg.json,PhilippeDeChampaigneAppartementMarieMedicisLuxembourg.json,inchangé,
entry_ensemble,PieterCoeckeVanAelstMoeursFachonsDeFaireDeTurcz.json,PieterCoeckeVanAelstMoeursFachonsDeFaireDesTurcz.json,renommé,
entry_ensemble,PieterCoeckeVanAelstTentureSaintPaul.json,PieterCoeckeVanAelstTentureSaintPaul.json,inchangé,
entry_ensemble,PietroSantiBartoliHistoireSaintPierre.json,PietroSantiBartoliGiovanniLanfrancoHistoireSaintPierre.json,renommé,
entry_ensemble,PoussinSeptSacrements.json,NicolasPoussinSeptSacrements.json,renommé,
entry_ensemble,RaimondiRomanoIModi.json,MarcantonioRaimondiGiulioRomanoIModi.json,renommé,
entry_ensemble,RaphaelCartonsTapisseriesApotres.json,RaphaelCartonsTapisseriesApotresVictoriaAlbertMuseum.json,renommé,
entry_ensemble,RaphaelChambreConstantinVatican.json,RaphaelChambreConstantinVatican.json,inchangé,
entry_ensemble,RaphaelChambreHeliodore.json,RaphaelChambreHeliodoreVatican.json,renommé,
entry_ensemble,RaphaelChambreIncendieBorgo.json,RaphaelChambreIncendieBorgoVatican.json,renommé,
entry_ensemble,RaphaelChambreSignature.json,RaphaelChambreSignatureVatican.json,renommé,
entry_ensemble,RaphaelLogesVatican.json,RaphaelLogesVatican.json,inchangé,
entry_ensemble,RaphaelSadelerHansSadelerErmites.json,RaphaelSadelerJanSadelerMaertenDeVosErmites.json,renommé,
entry_ensemble,RubensCycleMedicisLuxembourg.json,PeterPaulRubensCycleMedicisLuxembourgLouvre.json,renommé,
entry_ensemble,SagrestiaNuovaFlorence.json,MichelAngeSagrestiaNuovaFlorence.json,renommé,
entry_ensemble,SallePalfreniersVatican.json,SallePalfreniersVatican.json,inchangé,
entry_ensemble,SebastienBourdonSeptOeuvresMisericorde.json,SebastienBourdonSeptOeuvresMisericorde.json,inchangé,
entry_ensemble,StanzeVatican.json,StanzeVatican.json,inchangé,
entry_ensemble,StudioloCosmeIMedicis.json,GiorgioVasariStudioloCosmeIMedicisPalazzoVecchioFlorence.json,renommé,
entry_ensemble,StudioloFrancoisIMedicis.json,GiorgioVasariVincenzoBorghiniStudioloFrancoisIMedicisPalazzoVecchioFlorence.json,renommé,
entry_ensemble,TitienSaintAntoinePadoue.json,TitienSaintAntoinePadoue.json,inchangé,
entry_ensemble,WierixBibliaNatalis.json,HieronymusWierixJohannesWierixAntonIIWierixBernardinoPasseriMaertenDeVosBibliaNatalis.json,renommé,
