xml_id,region,latitude,longitude,count
Agucchi,Émilie-Romagne,44.75,11.0,2
AlbrechtDurer,Allemagne,51.0,10.0,1
AlessandroAlgardi,Émilie-Romagne,44.75,11.0,3
AndreaDelSarto,Toscane,43.45,11.2,1
BaldassarrePeruzzi,Toscane,43.45,11.2,1
Caravage,Lombardie,45.65,9.95,1
Carrache,Émilie-Romagne,44.75,11.0,96
Correge,Émilie-Romagne,44.75,11.0,6
DomenicoBeccafumi,Toscane,43.45,11.2,1
JacopoBassano,Vénétie,45.733333333,11.85,1
LeonardoDaVinci,Toscane,43.45,11.2,1
MichelAnge,Toscane,43.45,11.2,3
Raphael,Marches,43.316666666,13.0,7
Titien,Vénétie,45.733333333,11.85,5
FrancescoSalviati,Toscane,43.45,11.2,1
Giotto,Toscane,43.45,11.2,1
LeonBattistaAlberti,Ligurie,44.45,8.766666666,4
AlbrechtDurer,Allemagne,51.0,10.0,2
AndreaDelSarto,Toscane,43.45,11.2,2
BaccioBandinelli,Toscane,43.45,11.2,1
BaldassarrePeruzzi,Toscane,43.45,11.2,1
BernardinoCampi,Lombardie,45.65,9.95,2
Cimabue,Toscane,43.45,11.2,1
Correge,Émilie-Romagne,44.75,11.0,9
CosimoRosselli,Toscane,43.45,11.2,1
DanieleBarbaro,Vénétie,45.733333333,11.85,1
DanieleDaVolterra,Toscane,43.45,11.2,1
GiorgioVasari,Toscane,43.45,11.2,2
Giorgione,Vénétie,45.733333333,11.85,3
Giotto,Toscane,43.45,11.2,8
GiovanniBattistiArmenini,Émilie-Romagne,44.75,11.0,4
GiulioRomano,Latium,41.9,12.716666666,20
GuidoReni,Émilie-Romagne,44.75,11.0,1
HennequinDeBruges,Belgique,50.641111111,4.668055555,1
LeonBattistaAlberti,Ligurie,44.45,8.766666666,2
LeonardoDaVinci,Toscane,43.45,11.2,16
MartinoBassi,Lombardie,45.65,9.95,2
MaturinoFiorentino,Toscane,43.45,11.2,3
MichelAnge,Toscane,43.45,11.2,31
Parmigianino,Émilie-Romagne,44.75,11.0,7
Perugin,Ombrie,42.983333333,12.566666666,6
PietroBuonaccorsi,Toscane,43.45,11.2,3
PolidoroDaCaravaggio,Lombardie,45.65,9.95,2
Pordenone,Frioul-Vénétie Julienne,46.1,13.116666666,6
Raphael,Marches,43.316666666,13.0,14
RossoFiorentino,Toscane,43.45,11.2,5
SebastianoDelPiombo,Vénétie,45.733333333,11.85,1
SebastianoSerlio,Émilie-Romagne,44.75,11.0,2
Titien,Vénétie,45.733333333,11.85,6
Agucchi,Émilie-Romagne,44.75,11.0,3
AlbertiDurante,Toscane,43.45,11.2,9
AlbrechtDurer,Allemagne,51.0,10.0,3
AndreaDelSarto,Toscane,43.45,11.2,4
AndreaMantegna,Vénétie,45.733333333,11.85,1
AndreaPalladio,Vénétie,45.733333333,11.85,2
BaccioBandinelli,Toscane,43.45,11.2,2
Baroccio,Marches,43.316666666,13.0,13
Bramante,Marches,43.316666666,13.0,5
Caravage,Lombardie,45.65,9.95,20
Carrache,Émilie-Romagne,44.75,11.0,12
CesareDaSesto,Lombardie,45.65,9.95,1
CesareNebbia,Ombrie,42.983333333,12.566666666,7
CesareRipa,Ombrie,42.983333333,12.566666666,11
CherubinoAlberti,Toscane,43.45,11.2,5
Correge,Émilie-Romagne,44.75,11.0,12
DanieleDaVolterra,Toscane,43.45,11.2,4
Dante,Toscane,43.45,11.2,1
DomenicoFontana,Suisse,46.798562,8.231973,9
Dominiquin,Émilie-Romagne,44.75,11.0,1
Donatello,Toscane,43.45,11.2,3
EneaVico,Émilie-Romagne,44.75,11.0,1
FrancescoCapriani,Toscane,43.45,11.2,2
FrancescoPrimaticcio,Émilie-Romagne,44.75,11.0,1
Gaudenzio,Piémont,45.25,7.916666666,2
GiorgioVasari,Toscane,43.45,11.2,25
Giorgione,Vénétie,45.733333333,11.85,1
Giotto,Toscane,43.45,11.2,6
GiovanniBaglione,Latium,41.9,12.716666666,3
GiovanniFrancescoRustici,Toscane,43.45,11.2,1
GiovanniGiacomoDellaPorta,Lombardie,45.65,9.95,9
GirolamoMuziano,Lombardie,45.65,9.95,17
GiulioRomano,Latium,41.9,12.716666666,8
Guerchin,Émilie-Romagne,44.75,11.0,1
GuidoReni,Émilie-Romagne,44.75,11.0,3
JacopoBarozziDaVignola,Émilie-Romagne,44.75,11.0,3
JacopoTintoretto,Vénétie,45.733333333,11.85,2
LaviniaFontana,Émilie-Romagne,44.75,11.0,6
LeonardoDaVinci,Toscane,43.45,11.2,12
Maggiore,Lombardie,45.65,9.95,86
MarcantonioRaimondi,Émilie-Romagne,44.75,11.0,1
MarcoPino,Toscane,43.45,11.2,4
MichelAnge,Toscane,43.45,11.2,83
MinoDaFiesole,Toscane,43.45,11.2,1
NicoloDellAbbate,Émilie-Romagne,44.75,11.0,14
PaoloGuidotti,Toscane,43.45,11.2,2
PaoloVeronese,Vénétie,45.733333333,11.85,1
Parmigianino,Émilie-Romagne,44.75,11.0,3
Perugin,Ombrie,42.983333333,12.566666666,2
PeterPaulRubens,Allemagne,51.0,10.0,10
PierreDeCortone,Toscane,43.45,11.2,4
PietroBuonaccorsi,Toscane,43.45,11.2,11
PietroCavallini,Latium,41.9,12.716666666,2
PirroLigorio,Campanie,40.910555555,14.920555555,11
PolidoroDaCaravaggio,Lombardie,45.65,9.95,3
Raphael,Marches,43.316666666,13.0,36
RinaldoMantovano,Lombardie,45.65,9.95,4
RossoFiorentino,Toscane,43.45,11.2,2
SebastianoDelPiombo,Vénétie,45.733333333,11.85,2
Titien,Vénétie,45.733333333,11.85,6
AgnoloDiVentura,Toscane,43.45,11.2,7
AlbrechtDurer,Allemagne,51.0,10.0,6
AlessandroAlgardi,Émilie-Romagne,44.75,11.0,1
AlessandroBonvicino,Lombardie,45.65,9.95,1
AmbrogioLorenzetti,Toscane,43.45,11.2,7
AndreFelibien,France,47.0,2.0,2
AndreaDelSarto,Toscane,43.45,11.2,4
AndreaMantegna,Vénétie,45.733333333,11.85,2
AndreaPisano,Toscane,43.45,11.2,10
AndreaVerrocchio,Toscane,43.45,11.2,2
ArtemisiaGentileschi,Latium,41.9,12.716666666,1
BaccioBandinelli,Toscane,43.45,11.2,3
Baroccio,Marches,43.316666666,13.0,3
Bramante,Marches,43.316666666,13.0,1
BuonamicoBuffalmacco,Toscane,43.45,11.2,135
Caravage,Lombardie,45.65,9.95,4
CarelVanMander,Belgique,50.641111111,4.668055555,6
CarloRidolfi,Vénétie,45.733333333,11.85,15
Carrache,Émilie-Romagne,44.75,11.0,1
CesareDaSesto,Lombardie,45.65,9.95,2
CesareRipa,Ombrie,42.983333333,12.566666666,7
Cimabue,Toscane,43.45,11.2,181
Correge,Émilie-Romagne,44.75,11.0,2
CosimoRosselli,Toscane,43.45,11.2,6
Dante,Toscane,43.45,11.2,75
DavidTeniers,Belgique,50.641111111,4.668055555,1
DenysCalvaert,Belgique,50.641111111,4.668055555,1
Dominiquin,Émilie-Romagne,44.75,11.0,2
Donatello,Toscane,43.45,11.2,97
Duccio,Toscane,43.45,11.2,3
FrancescoFrancia,Émilie-Romagne,44.75,11.0,1
FrancescoPrimaticcio,Émilie-Romagne,44.75,11.0,1
FrancescoSalviati,Toscane,43.45,11.2,1
GaddoGaddi,Toscane,43.45,11.2,14
Gaudenzio,Piémont,45.25,7.916666666,2
GiorgioVasari,Toscane,43.45,11.2,304
Giorgione,Vénétie,45.733333333,11.85,1
Giotto,Toscane,43.45,11.2,344
GiovanniFrancescoPenni,Toscane,43.45,11.2,2
GiovanniPaoloLomazzo,Lombardie,45.65,9.95,4
GirolamoGenga,Marches,43.316666666,13.0,2
GiulioRomano,Latium,41.9,12.716666666,1
Guerchin,Émilie-Romagne,44.75,11.0,2
GuidoReni,Émilie-Romagne,44.75,11.0,25
HendrickGoltzius,Allemagne,51.0,10.0,2
HennequinDeBruges,Belgique,50.641111111,4.668055555,10
JanGossaert,France,47.0,2.0,1
LaviniaFontana,Émilie-Romagne,44.75,11.0,1
LeonardoDaVinci,Toscane,43.45,11.2,37
LippoMemmi,Toscane,43.45,11.2,25
LorenzoGhiberti,Toscane,43.45,11.2,7
Maggiore,Lombardie,45.65,9.95,32
MarcantonioRaimondi,Émilie-Romagne,44.75,11.0,6
MarcoZoppo,Émilie-Romagne,44.75,11.0,2
MariottoAlbertinelli,Toscane,43.45,11.2,3
MartinoBassi,Lombardie,45.65,9.95,5
Masaccio,Toscane,43.45,11.2,71
MasoFiniguerra,Toscane,43.45,11.2,3
MaturinoFiorentino,Toscane,43.45,11.2,1
MichelAnge,Toscane,43.45,11.2,43
MinoDaFiesole,Toscane,43.45,11.2,3
NicolasPoussin,France,47.0,2.0,5
PaoloUccello,Toscane,43.45,11.2,22
Perugin,Ombrie,42.983333333,12.566666666,6
PeterPaulRubens,Allemagne,51.0,10.0,1
PierreDeCortone,Toscane,43.45,11.2,4
PieterSaenredam,Pays-Bas,52.316666666,5.55,1
PietroBuonaccorsi,Toscane,43.45,11.2,1
PietroCavallini,Latium,41.9,12.716666666,10
PietroLorenzetti,Toscane,43.45,11.2,6
Pisanello,Toscane,43.45,11.2,1
RaffaelleSoprani,Ligurie,44.45,8.766666666,2
Raphael,Marches,43.316666666,13.0,27
Rembrandt,Pays-Bas,52.316666666,5.55,3
RinaldoMantovano,Lombardie,45.65,9.95,2
RossoFiorentino,Toscane,43.45,11.2,2
SpinelloAretino,Toscane,43.45,11.2,18
Titien,Vénétie,45.733333333,11.85,5
VitaleDaBologna,Émilie-Romagne,44.75,11.0,6
AlbertiDurante,Toscane,43.45,11.2,1
AndreaDelSarto,Toscane,43.45,11.2,2
AndreaPalladio,Vénétie,45.733333333,11.85,1
BenedettoVarchi,Toscane,43.45,11.2,1
BenvenutoCellini,Toscane,43.45,11.2,3
Caradosso,Lombardie,45.65,9.95,1
CarelVanMander,Belgique,50.641111111,4.668055555,1
CarloDati,Toscane,43.45,11.2,2
CesareDaSesto,Lombardie,45.65,9.95,1
Cimabue,Toscane,43.45,11.2,3
DanieleBarbaro,Vénétie,45.733333333,11.85,1
Dante,Toscane,43.45,11.2,2
DomenicoFontana,Suisse,46.798562,8.231973,2
Donatello,Toscane,43.45,11.2,3
GiorgioVasari,Toscane,43.45,11.2,6
Giotto,Toscane,43.45,11.2,2
GiovanniFrancescoRustici,Toscane,43.45,11.2,2
GuidoReni,Émilie-Romagne,44.75,11.0,1
HennequinDeBruges,Belgique,50.641111111,4.668055555,2
LeonardoDaVinci,Toscane,43.45,11.2,2
Maggiore,Lombardie,45.65,9.95,3
MichelAnge,Toscane,43.45,11.2,8
PaoloVeronese,Vénétie,45.733333333,11.85,1
Perugin,Ombrie,42.983333333,12.566666666,3
PeterPaulRubens,Allemagne,51.0,10.0,1
PierreDeCortone,Toscane,43.45,11.2,1
PietroBuonaccorsi,Toscane,43.45,11.2,1
PolidoroDaCaravaggio,Lombardie,45.65,9.95,1
Raphael,Marches,43.316666666,13.0,4
RinaldoMantovano,Lombardie,45.65,9.95,1
RossoFiorentino,Toscane,43.45,11.2,8
Titien,Vénétie,45.733333333,11.85,4
AlbrechtDurer,Allemagne,51.0,10.0,1
BaccioBandinelli,Toscane,43.45,11.2,1
BartolomeoAmmannati,Toscane,43.45,11.2,2
BenedettoVarchi,Toscane,43.45,11.2,1
BenvenutoCellini,Toscane,43.45,11.2,1
CosimoBartoli,Toscane,43.45,11.2,267
Dante,Toscane,43.45,11.2,77
Donatello,Toscane,43.45,11.2,1
GiorgioVasari,Toscane,43.45,11.2,1
LeonBattistaAlberti,Ligurie,44.45,8.766666666,1
MichelAnge,Toscane,43.45,11.2,17
Petrarque,Toscane,43.45,11.2,5
PietroBembo,Vénétie,45.733333333,11.85,1
AlbrechtDurer,Allemagne,51.0,10.0,1
AlessandroAlgardi,Émilie-Romagne,44.75,11.0,1
AndreaSacchi,Latium,41.9,12.716666666,2
BenedettoVarchi,Toscane,43.45,11.2,1
Bramante,Marches,43.316666666,13.0,16
Bramantino,Lombardie,45.65,9.95,1
Carrache,Émilie-Romagne,44.75,11.0,3
Correge,Émilie-Romagne,44.75,11.0,3
Dante,Toscane,43.45,11.2,3
Gaudenzio,Piémont,45.25,7.916666666,2
GiorgioVasari,Toscane,43.45,11.2,23
Giorgione,Vénétie,45.733333333,11.85,1
Giotto,Toscane,43.45,11.2,2
GiovanniFrancescoPenni,Toscane,43.45,11.2,3
GiulioRomano,Latium,41.9,12.716666666,6
LeonardoDaVinci,Toscane,43.45,11.2,2
MaturinoFiorentino,Toscane,43.45,11.2,1
NicolasPoussin,France,47.0,2.0,1
NicoloDellAbbate,Émilie-Romagne,44.75,11.0,2
Perugin,Ombrie,42.983333333,12.566666666,3
PeterPaulRubens,Allemagne,51.0,10.0,1
PierreDeCortone,Toscane,43.45,11.2,1
PietroBembo,Vénétie,45.733333333,11.85,1
PietroBuonaccorsi,Toscane,43.45,11.2,4
PolidoroDaCaravaggio,Lombardie,45.65,9.95,1
Raphael,Marches,43.316666666,13.0,9
RossoFiorentino,Toscane,43.45,11.2,1
SebastianoDelPiombo,Vénétie,45.733333333,11.85,1
Titien,Vénétie,45.733333333,11.85,7
Agucchi,Émilie-Romagne,44.75,11.0,14
AlessandroAlgardi,Émilie-Romagne,44.75,11.0,6
AndreaDelSarto,Toscane,43.45,11.2,1
AndreaPalladio,Vénétie,45.733333333,11.85,1
AndreaSacchi,Latium,41.9,12.716666666,1
Baroccio,Marches,43.316666666,13.0,6
Bramante,Marches,43.316666666,13.0,3
CamilloProcaccini,Émilie-Romagne,44.75,11.0,1
Caravage,Lombardie,45.65,9.95,32
Carrache,Émilie-Romagne,44.75,11.0,60
CesareRipa,Ombrie,42.983333333,12.566666666,1
Cimabue,Toscane,43.45,11.2,1
Correge,Émilie-Romagne,44.75,11.0,21
DomenicoFontana,Suisse,46.798562,8.231973,4
Dominiquin,Émilie-Romagne,44.75,11.0,34
Donatello,Toscane,43.45,11.2,1
FrancescoPrimaticcio,Émilie-Romagne,44.75,11.0,1
FrancoisPerrier,France,47.0,2.0,2
GiorgioVasari,Toscane,43.45,11.2,3
Giorgione,Vénétie,45.733333333,11.85,3
Giotto,Toscane,43.45,11.2,1
GiovanniFrancescoPenni,Toscane,43.45,11.2,1
GiovanniGiacomoDellaPorta,Lombardie,45.65,9.95,6
GiovanniPaoloLomazzo,Lombardie,45.65,9.95,3
GirolamoGenga,Marches,43.316666666,13.0,2
GiulioRomano,Latium,41.9,12.716666666,6
GuidoReni,Émilie-Romagne,44.75,11.0,30
JacopoBassano,Vénétie,45.733333333,11.85,2
JacopoTintoretto,Vénétie,45.733333333,11.85,3
LeonBattistaAlberti,Ligurie,44.45,8.766666666,2
LeonardoDaVinci,Toscane,43.45,11.2,9
Maggiore,Lombardie,45.65,9.95,8
MartinoBassi,Lombardie,45.65,9.95,1
MichelAnge,Toscane,43.45,11.2,20
NicolasPoussin,France,47.0,2.0,43
NicoloDellAbbate,Émilie-Romagne,44.75,11.0,7
PaoloVeronese,Vénétie,45.733333333,11.85,13
Parmigianino,Émilie-Romagne,44.75,11.0,1
PaulFreartDeChantelou,France,47.0,2.0,2
PeterPaulRubens,Allemagne,51.0,10.0,42
PierreDeCortone,Toscane,43.45,11.2,1
PirroLigorio,Campanie,40.910555555,14.920555555,2
ProsperoFontana,Émilie-Romagne,44.75,11.0,1
Raphael,Marches,43.316666666,13.0,65
RossoFiorentino,Toscane,43.45,11.2,1
SistoBadalocchio,Émilie-Romagne,44.75,11.0,5
Titien,Vénétie,45.733333333,11.85,35
AlbertiDurante,Toscane,43.45,11.2,2
AlbrechtDurer,Allemagne,51.0,10.0,2
AlviseCornaro,Vénétie,45.733333333,11.85,1
AndreaDelSarto,Toscane,43.45,11.2,14
AndreaMantegna,Vénétie,45.733333333,11.85,2
AndreaVerrocchio,Toscane,43.45,11.2,3
BaccioBandinelli,Toscane,43.45,11.2,5
BaldassarrePeruzzi,Toscane,43.45,11.2,1
BenedettoVarchi,Toscane,43.45,11.2,2
Bramante,Marches,43.316666666,13.0,2
Brunelleschi,Toscane,43.45,11.2,1
Caravage,Lombardie,45.65,9.95,1
CarloRidolfi,Vénétie,45.733333333,11.85,1
CesareRipa,Ombrie,42.983333333,12.566666666,4
Cimabue,Toscane,43.45,11.2,15
Correge,Émilie-Romagne,44.75,11.0,1
CosimoRosselli,Toscane,43.45,11.2,4
DanieleDaVolterra,Toscane,43.45,11.2,2
Dante,Toscane,43.45,11.2,2
DomenicoGhirlandaio,Toscane,43.45,11.2,11
Donatello,Toscane,43.45,11.2,24
Duccio,Toscane,43.45,11.2,2
FrancescoPrimaticcio,Émilie-Romagne,44.75,11.0,1
FrancescoSquarcione,Vénétie,45.733333333,11.85,1
GaddoGaddi,Toscane,43.45,11.2,1
Giambologna,France,47.0,2.0,21
GiorgioVasari,Toscane,43.45,11.2,34
Giorgione,Vénétie,45.733333333,11.85,10
Giotto,Toscane,43.45,11.2,20
GiovanniBaglione,Latium,41.9,12.716666666,2
GiovanniFrancescoPenni,Toscane,43.45,11.2,3
GiovanniFrancescoRustici,Toscane,43.45,11.2,2
GirolamoGenga,Marches,43.316666666,13.0,2
GirolamoMuziano,Lombardie,45.65,9.95,6
GiulioRomano,Latium,41.9,12.716666666,7
GuidoReni,Émilie-Romagne,44.75,11.0,2
HennequinDeBruges,Belgique,50.641111111,4.668055555,2
JacopoSansovino,Toscane,43.45,11.2,1
JacopoTintoretto,Vénétie,45.733333333,11.85,4
LaviniaFontana,Émilie-Romagne,44.75,11.0,1
LeonardoDaVinci,Toscane,43.45,11.2,27
LucaSignorelli,Toscane,43.45,11.2,2
Maggiore,Lombardie,45.65,9.95,14
MarcantonioRaimondi,Émilie-Romagne,44.75,11.0,4
MariottoAlbertinelli,Toscane,43.45,11.2,2
Masaccio,Toscane,43.45,11.2,8
MaturinoFiorentino,Toscane,43.45,11.2,7
MichelAnge,Toscane,43.45,11.2,54
NiccoloTribolo,Toscane,43.45,11.2,3
Parmigianino,Émilie-Romagne,44.75,11.0,4
Perugin,Ombrie,42.983333333,12.566666666,11
PierreDeCortone,Toscane,43.45,11.2,4
PietroBembo,Vénétie,45.733333333,11.85,1
PietroBuonaccorsi,Toscane,43.45,11.2,14
Pordenone,Frioul-Vénétie Julienne,46.1,13.116666666,1
Raphael,Marches,43.316666666,13.0,65
RossoFiorentino,Toscane,43.45,11.2,19
SandroBotticelli,Toscane,43.45,11.2,4
SpinelloAretino,Toscane,43.45,11.2,3
Titien,Vénétie,45.733333333,11.85,16
AlbertiDurante,Toscane,43.45,11.2,4
AndreaDelSarto,Toscane,43.45,11.2,1
AndreaMantegna,Vénétie,45.733333333,11.85,1
AndreaPalladio,Vénétie,45.733333333,11.85,1
BaccioBandinelli,Toscane,43.45,11.2,1
BaldassarrePeruzzi,Toscane,43.45,11.2,1
Bramante,Marches,43.316666666,13.0,4
Caravage,Lombardie,45.65,9.95,6
CesareDaSesto,Lombardie,45.65,9.95,1
CesareNebbia,Ombrie,42.983333333,12.566666666,3
CesareRipa,Ombrie,42.983333333,12.566666666,1
Correge,Émilie-Romagne,44.75,11.0,1
CristoforoRoncalli,Toscane,43.45,11.2,2
DanieleDaVolterra,Toscane,43.45,11.2,8
Dominiquin,Émilie-Romagne,44.75,11.0,6
Donatello,Toscane,43.45,11.2,3
FedericoZuccaro,Marches,43.316666666,13.0,12
Gaudenzio,Piémont,45.25,7.916666666,3
GiorgioVasari,Toscane,43.45,11.2,5
GiovanniDeVecchi,Toscane,43.45,11.2,1
GiovanniGiacomoDellaPorta,Lombardie,45.65,9.95,3
GiovanniLanfranco,Émilie-Romagne,44.75,11.0,1
GirolamoMassei,Toscane,43.45,11.2,2
GirolamoMuziano,Lombardie,45.65,9.95,3
GirolamoSiciolante,Latium,41.9,12.716666666,2
GiulioRomano,Latium,41.9,12.716666666,11
GiuseppeCesari,Latium,41.9,12.716666666,2
GuidoReni,Émilie-Romagne,44.75,11.0,2
HendrickGoltzius,Allemagne,51.0,10.0,1
JacopoBassano,Vénétie,45.733333333,11.85,1
JacopoSansovino,Toscane,43.45,11.2,2
LaviniaFontana,Émilie-Romagne,44.75,11.0,3
LudovicoAriosto,Émilie-Romagne,44.75,11.0,2
Maggiore,Lombardie,45.65,9.95,13
MarcelloVenusti,Lombardie,45.65,9.95,9
MarcoPino,Toscane,43.45,11.2,2
MaturinoFiorentino,Toscane,43.45,11.2,1
MichelAnge,Toscane,43.45,11.2,13
NiccoloCircignani,Toscane,43.45,11.2,2
PaoloRomano,Latium,41.9,12.716666666,2
Parmigianino,Émilie-Romagne,44.75,11.0,1
PellegrinoAretusi,Émilie-Romagne,44.75,11.0,1
PellegrinoTibaldi,Lombardie,45.65,9.95,1
Perugin,Ombrie,42.983333333,12.566666666,2
PierreDeCortone,Toscane,43.45,11.2,1
PietroBuonaccorsi,Toscane,43.45,11.2,16
Pisanello,Toscane,43.45,11.2,1
PolidoroDaCaravaggio,Lombardie,45.65,9.95,2
Raphael,Marches,43.316666666,13.0,59
RossoFiorentino,Toscane,43.45,11.2,1
TaddeoZuccaro,Marches,43.316666666,13.0,1
Titien,Vénétie,45.733333333,11.85,2
AlbertiDurante,Toscane,43.45,11.2,8
AlviseCornaro,Vénétie,45.733333333,11.85,18
BaccioBandinelli,Toscane,43.45,11.2,3
BenedettoVarchi,Toscane,43.45,11.2,6
BenvenutoCellini,Toscane,43.45,11.2,8
Bramante,Marches,43.316666666,13.0,1
Caradosso,Lombardie,45.65,9.95,5
CarloRidolfi,Vénétie,45.733333333,11.85,1
DanieleDaVolterra,Toscane,43.45,11.2,1
Dante,Toscane,43.45,11.2,4
DomenicoFontana,Suisse,46.798562,8.231973,1
Donatello,Toscane,43.45,11.2,4
FrancescoPrimaticcio,Émilie-Romagne,44.75,11.0,1
Giotto,Toscane,43.45,11.2,1
GiovanniBaglione,Latium,41.9,12.716666666,5
GiovanniFrancescoPenni,Toscane,43.45,11.2,2
GiulioRomano,Latium,41.9,12.716666666,2
GuidoReni,Émilie-Romagne,44.75,11.0,10
LeonardoDaVinci,Toscane,43.45,11.2,8
Masaccio,Toscane,43.45,11.2,1
MichelAnge,Toscane,43.45,11.2,63
NiccoloTribolo,Toscane,43.45,11.2,7
PaoloRomano,Latium,41.9,12.716666666,2
Perugin,Ombrie,42.983333333,12.566666666,11
PierreDeCortone,Toscane,43.45,11.2,1
PietroBembo,Vénétie,45.733333333,11.85,1
Raphael,Marches,43.316666666,13.0,21
RossoFiorentino,Toscane,43.45,11.2,7
SebastianoDelPiombo,Vénétie,45.733333333,11.85,1
Titien,Vénétie,45.733333333,11.85,1
AlbrechtDurer,Allemagne,51.0,10.0,1
BenedettoVarchi,Toscane,43.45,11.2,1
Bramante,Marches,43.316666666,13.0,14
CarloRidolfi,Vénétie,45.733333333,11.85,2
CesareDaSesto,Lombardie,45.65,9.95,1
CesareRipa,Ombrie,42.983333333,12.566666666,2
Dante,Toscane,43.45,11.2,4
Donatello,Toscane,43.45,11.2,2
LeonardoDaVinci,Toscane,43.45,11.2,2
MichelAnge,Toscane,43.45,11.2,198
Perugin,Ombrie,42.983333333,12.566666666,1
PietroTorrigiano,Toscane,43.45,11.2,2
Raphael,Marches,43.316666666,13.0,5
AgostinoVeneziano,Vénétie,45.733333333,11.85,6
AlbrechtDurer,Allemagne,51.0,10.0,4
AlessandroCasolani,Toscane,43.45,11.2,1
AndreaDelSarto,Toscane,43.45,11.2,1
AndreaMantegna,Vénétie,45.733333333,11.85,3
AntoineLafrery,France,47.0,2.0,1
AntonioDaTrento,Trentin-Haut-Adige,46.383333333,11.416666666,1
AntonioLabacco,Piémont,45.25,7.916666666,1
AntonioTempesta,Toscane,43.45,11.2,2
BaccioBaldini,Toscane,43.45,11.2,1
BaccioBandinelli,Toscane,43.45,11.2,6
BaldassareCastiglione,Lombardie,45.65,9.95,1
BaldassarrePeruzzi,Toscane,43.45,11.2,1
Baroccio,Marches,43.316666666,13.0,2
BattistaDelMoro,Vénétie,45.733333333,11.85,1
BattistaFranco,Vénétie,45.733333333,11.85,1
Bramante,Marches,43.316666666,13.0,4
Carrache,Émilie-Romagne,44.75,11.0,6
CherubinoAlberti,Toscane,43.45,11.2,1
CornelisCort,Pays-Bas,52.316666666,5.55,1
Correge,Émilie-Romagne,44.75,11.0,2
DanieleDaVolterra,Toscane,43.45,11.2,1
DomenicoBeccafumi,Toscane,43.45,11.2,3
EneaVico,Émilie-Romagne,44.75,11.0,1
FedericoZuccaro,Marches,43.316666666,13.0,1
FraBartolomeo,Toscane,43.45,11.2,2
FrancescoSalviati,Toscane,43.45,11.2,2
FrancescoVanni,Toscane,43.45,11.2,1
FrancescoVillamena,Ombrie,42.983333333,12.566666666,2
Giambologna,France,47.0,2.0,1
GiorgioGhisi,Lombardie,45.65,9.95,1
GiorgioVasari,Toscane,43.45,11.2,12
GiovanniAlberti,Toscane,43.45,11.2,2
GiovanniBattistaDeCavalieri,Trentin-Haut-Adige,46.383333333,11.416666666,1
GiovanniBattistaPittoni,Vénétie,45.733333333,11.85,1
GiovanniBattistaScultori,Lombardie,45.65,9.95,2
GiovanniDaUdine,Frioul-Vénétie Julienne,46.1,13.116666666,4
GiovanniFrancescoPenni,Toscane,43.45,11.2,5
GiovanniJacopoCaraglio,Vénétie,45.733333333,11.85,5
GiovanniMaggi,Latium,41.9,12.716666666,1
GiovanniSanti,Marches,43.316666666,13.0,3
GirolamoMuziano,Lombardie,45.65,9.95,2
GiulioBonasone,Émilie-Romagne,44.75,11.0,1
GiulioClovio,Croatie,45.25,15.466667,1
GiulioRomano,Latium,41.9,12.716666666,13
GiuseppeCesari,Latium,41.9,12.716666666,1
HendrickGoltzius,Allemagne,51.0,10.0,1
JacopoBarozziDaVignola,Émilie-Romagne,44.75,11.0,1
JacopoTintoretto,Vénétie,45.733333333,11.85,2
JeanCousin,France,47.0,2.0,1
LeonardoDaVinci,Toscane,43.45,11.2,6
LucasVanLeyden,Pays-Bas,52.316666666,5.55,1
MarcantonioRaimondi,Émilie-Romagne,44.75,11.0,21
MarcelloVenusti,Lombardie,45.65,9.95,1
MarcoDente,Émilie-Romagne,44.75,11.0,4
Masaccio,Toscane,43.45,11.2,2
MasoFiniguerra,Toscane,43.45,11.2,1
MichelAnge,Toscane,43.45,11.2,18
NicolasBeatrizet,France,47.0,2.0,1
PaoloVeronese,Vénétie,45.733333333,11.85,1
Parmigianino,Émilie-Romagne,44.75,11.0,5
PellegrinoAretusi,Émilie-Romagne,44.75,11.0,2
Perugin,Ombrie,42.983333333,12.566666666,13
PietroAretino,Toscane,43.45,11.2,2
PietroBembo,Vénétie,45.733333333,11.85,1
PietroBuonaccorsi,Toscane,43.45,11.2,3
Pinturicchio,Ombrie,42.983333333,12.566666666,1
PolidoroDaCaravaggio,Lombardie,45.65,9.95,3
RaffaelloGuidi,Toscane,43.45,11.2,1
Raphael,Marches,43.316666666,13.0,103
RidolfoDelGhirlandaio,Toscane,43.45,11.2,1
RossoFiorentino,Toscane,43.45,11.2,6
SandroBotticelli,Toscane,43.45,11.2,1
SebastianoDelPiombo,Vénétie,45.733333333,11.85,1
SebastianoSerlio,Émilie-Romagne,44.75,11.0,1
TaddeoZuccaro,Marches,43.316666666,13.0,1
Titien,Vénétie,45.733333333,11.85,5
UgoDaCarpi,Émilie-Romagne,44.75,11.0,4
VincenzoTamagni,Toscane,43.45,11.2,2
AlbrechtDurer,Allemagne,51.0,10.0,2
AndreaDelSarto,Toscane,43.45,11.2,2
Bramante,Marches,43.316666666,13.0,1
Correge,Émilie-Romagne,44.75,11.0,2
Dante,Toscane,43.45,11.2,7
Donatello,Toscane,43.45,11.2,2
EneaVico,Émilie-Romagne,44.75,11.0,1
GiorgioVasari,Toscane,43.45,11.2,4
Giorgione,Vénétie,45.733333333,11.85,7
GiovanniBellini,Vénétie,45.733333333,11.85,3
GiulioRomano,Latium,41.9,12.716666666,3
LeonardoDaVinci,Toscane,43.45,11.2,3
Maggiore,Lombardie,45.65,9.95,1
MichelAnge,Toscane,43.45,11.2,73
Parmigianino,Émilie-Romagne,44.75,11.0,4
PietroBuonaccorsi,Toscane,43.45,11.2,2
PolidoroDaCaravaggio,Lombardie,45.65,9.95,1
Raphael,Marches,43.316666666,13.0,78
Titien,Vénétie,45.733333333,11.85,44
AlbrechtDurer,Allemagne,51.0,10.0,2
Correge,Émilie-Romagne,44.75,11.0,1
Dante,Toscane,43.45,11.2,1
Donatello,Toscane,43.45,11.2,7
Giorgione,Vénétie,45.733333333,11.85,1
Giotto,Toscane,43.45,11.2,5
GiulioRomano,Latium,41.9,12.716666666,1
LeonardoDaVinci,Toscane,43.45,11.2,1
MaturinoFiorentino,Toscane,43.45,11.2,1
Raphael,Marches,43.316666666,13.0,4
RossoFiorentino,Toscane,43.45,11.2,3
Titien,Vénétie,45.733333333,11.85,3
AgnoloGaddi,Toscane,43.45,11.2,1
AlbrechtDurer,Allemagne,51.0,10.0,25
AmbroiseFredeau,France,47.0,2.0,1
AndreFelibien,France,47.0,2.0,12
AndreLebre,France,47.0,2.0,1
AndreaPalladio,Vénétie,45.733333333,11.85,2
AntoineDurand,France,47.0,2.0,3
AntonioVerrio,Pouilles,41.008611111,16.512777777,1
Bernin,Campanie,40.910555555,14.920555555,1
Caravage,Lombardie,45.65,9.95,16
CarloMaratti,Marches,43.316666666,13.0,1
CarloRidolfi,Vénétie,45.733333333,11.85,1
Carrache,Émilie-Romagne,44.75,11.0,28
CharlesLeBrun,France,47.0,2.0,4
Cimabue,Toscane,43.45,11.2,3
Correge,Émilie-Romagne,44.75,11.0,9
DanieleBarbaro,Vénétie,45.733333333,11.85,7
Dominiquin,Émilie-Romagne,44.75,11.0,5
Donatello,Toscane,43.45,11.2,9
EustacheLeSueur,France,47.0,2.0,3
FedericoZuccaro,Marches,43.316666666,13.0,1
FrancescoPrimaticcio,Émilie-Romagne,44.75,11.0,4
FrancoisDuQuesnoy,Belgique,50.641111111,4.668055555,2
FrancoisGuy,France,47.0,2.0,1
FrancoisPerrier,France,47.0,2.0,3
GaddoGaddi,Toscane,43.45,11.2,2
GiorgioVasari,Toscane,43.45,11.2,22
Giorgione,Vénétie,45.733333333,11.85,6
Giotto,Toscane,43.45,11.2,3
GiovanniLanfranco,Émilie-Romagne,44.75,11.0,1
GiovanniPaoloLomazzo,Lombardie,45.65,9.95,33
GiovanniPietroBellori,Latium,41.9,12.716666666,1
GiovanniPisano,Toscane,43.45,11.2,1
GiulioRomano,Latium,41.9,12.716666666,11
Guerchin,Émilie-Romagne,44.75,11.0,2
GuidoReni,Émilie-Romagne,44.75,11.0,5
HansHolbeinDeJonge,Allemagne,51.0,10.0,1
HilairePader,France,47.0,2.0,12
JacopoTintoretto,Vénétie,45.733333333,11.85,5
JeanChalette,France,47.0,2.0,5
JeanCousin,France,47.0,2.0,2
JeanPierreRivalz,France,47.0,2.0,2
LambertLombard,Belgique,50.641111111,4.668055555,1
LeonBattistaAlberti,Ligurie,44.45,8.766666666,7
LeonardoDaVinci,Toscane,43.45,11.2,17
LucaCambiaso,Ligurie,44.45,8.766666666,1
MartinFreminet,France,47.0,2.0,1
Masaccio,Toscane,43.45,11.2,1
MichelAnge,Toscane,43.45,11.2,34
NicolaPisano,Pouilles,41.008611111,16.512777777,1
NicolasBachelier,France,47.0,2.0,30
NicolasChaperon,France,47.0,2.0,1
NicolasPoussin,France,47.0,2.0,23
NicolasTournier,France,47.0,2.0,10
OttoVanVeen,Pays-Bas,52.316666666,5.55,1
PaoloVeronese,Vénétie,45.733333333,11.85,14
Parmigianino,Émilie-Romagne,44.75,11.0,2
Perugin,Ombrie,42.983333333,12.566666666,3
PeterPaulRubens,Allemagne,51.0,10.0,8
Petrarque,Toscane,43.45,11.2,1
PierreDeCortone,Toscane,43.45,11.2,7
PierreMignard,France,47.0,2.0,5
PierrePuget,France,47.0,2.0,1
PietroAretino,Toscane,43.45,11.2,1
PomponioGaurico,Campanie,40.910555555,14.920555555,13
RaffaelleSoprani,Ligurie,44.45,8.766666666,1
Raphael,Marches,43.316666666,13.0,45
RaymondLafage,France,47.0,2.0,7
Rembrandt,Pays-Bas,52.316666666,5.55,1
RogerDePiles,France,47.0,2.0,3
SebastianoSerlio,Émilie-Romagne,44.75,11.0,4
SimonVouet,France,47.0,2.0,20
TaddeoGaddi,Toscane,43.45,11.2,2
Titien,Vénétie,45.733333333,11.85,20
Valentin,France,47.0,2.0,3
VanDyck,Belgique,50.641111111,4.668055555,2
VanEyck,Belgique,50.641111111,4.668055555,3
AlbrechtDurerElder,Hongrie,47.0,19.0,2
AmbrogioLorenzetti,Toscane,43.45,11.2,2
AndreaDelCastagno,Toscane,43.45,11.2,5
AndreaDelSarto,Toscane,43.45,11.2,6
AndreaMantegna,Vénétie,45.733333333,11.85,2
AndreaVerrocchio,Toscane,43.45,11.2,4
BaccioBandinelli,Toscane,43.45,11.2,1
BaldassarrePeruzzi,Toscane,43.45,11.2,2
BartolomeoBellano,Vénétie,45.733333333,11.85,1
Bramante,Marches,43.316666666,13.0,8
Bramantino,Lombardie,45.65,9.95,1
BuonamicoBuffalmacco,Toscane,43.45,11.2,3
CesareDaSesto,Lombardie,45.65,9.95,1
Cimabue,Toscane,43.45,11.2,14
Dante,Toscane,43.45,11.2,6
Donatello,Toscane,43.45,11.2,2
DossoDossi,Émilie-Romagne,44.75,11.0,1
Duccio,Toscane,43.45,11.2,1
FraAngelico,Toscane,43.45,11.2,4
FraFilippoLippi,Toscane,43.45,11.2,3
FrancescoFrancia,Émilie-Romagne,44.75,11.0,1
FrancescoMelzi,Lombardie,45.65,9.95,1
FrancescoPrimaticcio,Émilie-Romagne,44.75,11.0,2
FrancescoSalviati,Toscane,43.45,11.2,1
GaddoGaddi,Toscane,43.45,11.2,2
Gaudenzio,Piémont,45.25,7.916666666,1
GentileBellini,Vénétie,45.733333333,11.85,3
GherardoStarnina,Toscane,43.45,11.2,1
GiorgioVasari,Toscane,43.45,11.2,6
Giorgione,Vénétie,45.733333333,11.85,5
Giotto,Toscane,43.45,11.2,26
GiovanniBellini,Vénétie,45.733333333,11.85,10
GiovanniFrancescoPenni,Toscane,43.45,11.2,2
GiovanniPaoloLomazzo,Lombardie,45.65,9.95,1
GiovanniSanti,Marches,43.316666666,13.0,1
GiulioRomano,Latium,41.9,12.716666666,15
JacopoBellini,Vénétie,45.733333333,11.85,2
JeanGoujon,France,47.0,2.0,1
LeonardoDaVinci,Toscane,43.45,11.2,8
LippoMemmi,Toscane,43.45,11.2,2
LucaPenni,Toscane,43.45,11.2,1
LudovicoAriosto,Émilie-Romagne,44.75,11.0,1
MarcantonioRaimondi,Émilie-Romagne,44.75,11.0,1
MarcoDente,Émilie-Romagne,44.75,11.0,1
MariottoAlbertinelli,Toscane,43.45,11.2,2
Masaccio,Toscane,43.45,11.2,2
MichelAnge,Toscane,43.45,11.2,31
Orcagna,Toscane,43.45,11.2,2
Perugin,Ombrie,42.983333333,12.566666666,14
Petrarque,Toscane,43.45,11.2,9
PieroDellaFrancesca,Toscane,43.45,11.2,1
PieroDiCosimo,Toscane,43.45,11.2,3
PietroAretino,Toscane,43.45,11.2,1
PietroBuonaccorsi,Toscane,43.45,11.2,5
PietroCavallini,Latium,41.9,12.716666666,4
Pisanello,Toscane,43.45,11.2,3
PolidoroDaCaravaggio,Lombardie,45.65,9.95,2
Raphael,Marches,43.316666666,13.0,121
RossoFiorentino,Toscane,43.45,11.2,1
SebastianoSerlio,Émilie-Romagne,44.75,11.0,1
SpinelloAretino,Toscane,43.45,11.2,3
Titien,Vénétie,45.733333333,11.85,13
AgostinoVeneziano,Vénétie,45.733333333,11.85,2
AlbertiDurante,Toscane,43.45,11.2,2
AlbrechtDurer,Allemagne,51.0,10.0,3
AlbrechtDurerElder,Hongrie,47.0,19.0,8
AndreaDelSarto,Toscane,43.45,11.2,6
AndreaMantegna,Vénétie,45.733333333,11.85,1
AndreaSacchi,Latium,41.9,12.716666666,1
AnthonisMorVanDashorst,Pays-Bas,52.316666666,5.55,1
BaccioBandinelli,Toscane,43.45,11.2,2
Baroccio,Marches,43.316666666,13.0,1
BernaertVanOrley,Belgique,50.641111111,4.668055555,1
Bramante,Marches,43.316666666,13.0,4
Caravage,Lombardie,45.65,9.95,1
Carrache,Émilie-Romagne,44.75,11.0,3
CesareDaSesto,Lombardie,45.65,9.95,1
CharlesLeBrun,France,47.0,2.0,1
Correge,Émilie-Romagne,44.75,11.0,1
DanieleDaVolterra,Toscane,43.45,11.2,2
Dante,Toscane,43.45,11.2,2
DomenicoGhirlandaio,Toscane,43.45,11.2,1
Dominiquin,Émilie-Romagne,44.75,11.0,1
FrancescoFrancia,Émilie-Romagne,44.75,11.0,1
FrancescoPrimaticcio,Émilie-Romagne,44.75,11.0,14
FrancescoSalviati,Toscane,43.45,11.2,1
GiorgioVasari,Toscane,43.45,11.2,6
Giorgione,Vénétie,45.733333333,11.85,6
Giotto,Toscane,43.45,11.2,1
GiovanniBellini,Vénétie,45.733333333,11.85,3
GiovanniFrancescoPenni,Toscane,43.45,11.2,2
GiovanniJacopoCaraglio,Vénétie,45.733333333,11.85,1
GiovanniPaoloLomazzo,Lombardie,45.65,9.95,1
GirolamoGenga,Marches,43.316666666,13.0,5
GiulioRomano,Latium,41.9,12.716666666,20
Guerchin,Émilie-Romagne,44.75,11.0,3
HansHolbeinDeJonge,Allemagne,51.0,10.0,16
HendrickGoltzius,Allemagne,51.0,10.0,3
HieronymusCock,Belgique,50.641111111,4.668055555,1
JacopoBarozziDaVignola,Émilie-Romagne,44.75,11.0,1
JacopoPalmaIlVecchio,Lombardie,45.65,9.95,1
JeanGoujon,France,47.0,2.0,1
LeonBattistaAlberti,Ligurie,44.45,8.766666666,1
LeonardoDaVinci,Toscane,43.45,11.2,18
MaertenDeVos,Belgique,50.641111111,4.668055555,1
MarcantonioRaimondi,Émilie-Romagne,44.75,11.0,11
MariottoAlbertinelli,Toscane,43.45,11.2,1
MaturinoFiorentino,Toscane,43.45,11.2,7
MichelAnge,Toscane,43.45,11.2,72
NicolasPoussin,France,47.0,2.0,2
NicoloDellAbbate,Émilie-Romagne,44.75,11.0,1
Parmigianino,Émilie-Romagne,44.75,11.0,4
Perugin,Ombrie,42.983333333,12.566666666,4
PieroDiCosimo,Toscane,43.45,11.2,1
PierreCorneille,France,47.0,2.0,3
PietroAretino,Toscane,43.45,11.2,2
PietroBuonaccorsi,Toscane,43.45,11.2,21
PolidoroDaCaravaggio,Lombardie,45.65,9.95,3
Pontormo,Toscane,43.45,11.2,6
Pordenone,Frioul-Vénétie Julienne,46.1,13.116666666,7
ProsperoFontana,Émilie-Romagne,44.75,11.0,1
QuintenMetsys,Belgique,50.641111111,4.668055555,6
Raphael,Marches,43.316666666,13.0,88
SebastianoDelPiombo,Vénétie,45.733333333,11.85,1
SebastianoSerlio,Émilie-Romagne,44.75,11.0,1
Titien,Vénétie,45.733333333,11.85,16
UgoDaCarpi,Émilie-Romagne,44.75,11.0,1
Valentin,France,47.0,2.0,1
Albane,Émilie-Romagne,44.75,11.0,8
AlonsoChacon,Espagne,40.2,-3.5,1
AmbroiseDubois,Belgique,50.641111111,4.668055555,1
AndreaDelSarto,Toscane,43.45,11.2,3
AndreaPalladio,Vénétie,45.733333333,11.85,2
AntonioBadile,Vénétie,45.733333333,11.85,1
AntonioCarracci,Vénétie,45.733333333,11.85,2
AntonioTempesta,Toscane,43.45,11.2,1
BartolomeoManfredi,Lombardie,45.65,9.95,1
Caravage,Lombardie,45.65,9.95,25
Carrache,Émilie-Romagne,44.75,11.0,37
CharlesLeBrun,France,47.0,2.0,3
ClaudeLorrain,France,47.0,2.0,1
Correge,Émilie-Romagne,44.75,11.0,8
DanieleBarbaro,Vénétie,45.733333333,11.85,2
DanieleDaVolterra,Toscane,43.45,11.2,5
Dominiquin,Émilie-Romagne,44.75,11.0,9
FrancescoBassano,Vénétie,45.733333333,11.85,1
FrancescoPrimaticcio,Émilie-Romagne,44.75,11.0,4
FrancescoVecellio,Vénétie,45.733333333,11.85,1
GiorgioVasari,Toscane,43.45,11.2,6
Giorgione,Vénétie,45.733333333,11.85,2
GiovanniBaglione,Latium,41.9,12.716666666,1
GiovanniBellini,Vénétie,45.733333333,11.85,3
GiovanniGiocondo,Suisse,46.798562,8.231973,2
GiovanniLanfranco,Émilie-Romagne,44.75,11.0,6
GiovanniPaoloLomazzo,Lombardie,45.65,9.95,2
GirolamoMuziano,Lombardie,45.65,9.95,2
GiulioRomano,Latium,41.9,12.716666666,3
GuidoReni,Émilie-Romagne,44.75,11.0,5
GuillaumeMarcillat,France,47.0,2.0,1
HansBol,Belgique,50.641111111,4.668055555,2
HendrickGoltzius,Allemagne,51.0,10.0,2
JacopoBarozziDaVignola,Émilie-Romagne,44.75,11.0,2
JacopoBassano,Vénétie,45.733333333,11.85,6
JacopoSansovino,Toscane,43.45,11.2,1
JacopoTintoretto,Vénétie,45.733333333,11.85,28
JanHarmenszMuller,Pays-Bas,52.316666666,5.55,1
JeanBullant,France,47.0,2.0,1
JeanCousin,France,47.0,2.0,4
JusepeDeRibera,Espagne,40.2,-3.5,1
LeonBattistaAlberti,Ligurie,44.45,8.766666666,2
LeonardoDaVinci,Toscane,43.45,11.2,7
LudovicoAriosto,Émilie-Romagne,44.75,11.0,7
MaertenDeVos,Belgique,50.641111111,4.668055555,1
MarcantonioRaimondi,Émilie-Romagne,44.75,11.0,1
MartinFreminet,France,47.0,2.0,9
MatthijsBril,Belgique,50.641111111,4.668055555,1
MichelAnge,Toscane,43.45,11.2,20
NicolasPoussin,France,47.0,2.0,15
PaoloVeronese,Vénétie,45.733333333,11.85,18
Parmigianino,Émilie-Romagne,44.75,11.0,2
PaulBril,Pays-Bas,52.316666666,5.55,5
PaulFreartDeChantelou,France,47.0,2.0,1
PhilibertDelorme,France,47.0,2.0,1
PierreCorneille,France,47.0,2.0,5
PierreMignard,France,47.0,2.0,1
PieterDeJodeI,Belgique,50.641111111,4.668055555,1
PietroAretino,Toscane,43.45,11.2,6
PietroBuonaccorsi,Toscane,43.45,11.2,4
PirroLigorio,Campanie,40.910555555,14.920555555,1
Pontormo,Toscane,43.45,11.2,1
ProsperoFontana,Émilie-Romagne,44.75,11.0,1
Raphael,Marches,43.316666666,13.0,47
Titien,Vénétie,45.733333333,11.85,109
ToussaintDubreuil,France,47.0,2.0,4
Valentin,France,47.0,2.0,1
AbrahamBosse,France,47.0,2.0,2
AdamVanNoort,Belgique,50.641111111,4.668055555,1
Agucchi,Émilie-Romagne,44.75,11.0,7
Albane,Émilie-Romagne,44.75,11.0,25
AlbrechtDurerElder,Hongrie,47.0,19.0,2
AndreaCamassei,Ombrie,42.983333333,12.566666666,1
AndreaDelSarto,Toscane,43.45,11.2,2
AndreaSacchi,Latium,41.9,12.716666666,1
AntonioCarracci,Vénétie,45.733333333,11.85,1
AntonioTempesta,Toscane,43.45,11.2,10
Caravage,Lombardie,45.65,9.95,16
Carrache,Émilie-Romagne,44.75,11.0,36
CharlesLeBrun,France,47.0,2.0,2
CharlesPoerson,France,47.0,2.0,1
CherubinoAlberti,Toscane,43.45,11.2,1
ClaudeLorrain,France,47.0,2.0,2
CornelisVanPoelenburgh,Pays-Bas,52.316666666,5.55,1
Correge,Émilie-Romagne,44.75,11.0,4
DanieleDaVolterra,Toscane,43.45,11.2,1
DenysCalvaert,Belgique,50.641111111,4.668055555,3
Dominiquin,Émilie-Romagne,44.75,11.0,48
Duccio,Toscane,43.45,11.2,1
EustacheLeSueur,France,47.0,2.0,1
FerdinandElle,Belgique,50.641111111,4.668055555,1
FrancescoSalviati,Toscane,43.45,11.2,1
FrancescoVanni,Toscane,43.45,11.2,2
FrancoisDuQuesnoy,Belgique,50.641111111,4.668055555,1
FrancoisPerrier,France,47.0,2.0,2
FrancoisTortebat,France,47.0,2.0,2
Gaudenzio,Piémont,45.25,7.916666666,1
GiovanniLanfranco,Émilie-Romagne,44.75,11.0,12
GiulioRomano,Latium,41.9,12.716666666,3
Guerchin,Émilie-Romagne,44.75,11.0,4
GuidoReni,Émilie-Romagne,44.75,11.0,31
JacopoTintoretto,Vénétie,45.733333333,11.85,2
JacquesBellange,France,47.0,2.0,2
JacquesBlanchard,France,47.0,2.0,3
JacquesLemercier,France,47.0,2.0,2
JosephVarin,France,47.0,2.0,3
LeonBattistaAlberti,Ligurie,44.45,8.766666666,1
LeonardoDaVinci,Toscane,43.45,11.2,5
MichelAnge,Toscane,43.45,11.2,3
MichelDorigny,France,47.0,2.0,2
NicolasPoussin,France,47.0,2.0,190
OttoVanVeen,Pays-Bas,52.316666666,5.55,3
PaoloVeronese,Vénétie,45.733333333,11.85,4
Parmigianino,Émilie-Romagne,44.75,11.0,1
PaulBril,Pays-Bas,52.316666666,5.55,2
PaulFreartDeChantelou,France,47.0,2.0,24
PeterPaulRubens,Allemagne,51.0,10.0,42
PhilippeThomassin,France,47.0,2.0,1
PierreCorneille,France,47.0,2.0,1
PierreMignard,France,47.0,2.0,3
PietroBuonaccorsi,Toscane,43.45,11.2,1
PietroTesta,Toscane,43.45,11.2,6
QuintenMetsys,Belgique,50.641111111,4.668055555,1
Raphael,Marches,43.316666666,13.0,32
RolandFreartDeChambray,France,47.0,2.0,5
SimonVouet,France,47.0,2.0,8
Titien,Vénétie,45.733333333,11.85,13
Valentin,France,47.0,2.0,2
AbrahamBosse,France,47.0,2.0,1
Albane,Émilie-Romagne,44.75,11.0,2
AlbrechtDurerElder,Hongrie,47.0,19.0,1
AndreaSacchi,Latium,41.9,12.716666666,1
BenedettoGhirlandaio,Toscane,43.45,11.2,1
Carrache,Émilie-Romagne,44.75,11.0,5
CharlesLeBrun,France,47.0,2.0,1
ClaudeLorrain,France,47.0,2.0,1
ClaudeMellan,France,47.0,2.0,1
Dominiquin,Émilie-Romagne,44.75,11.0,1
EustacheLeSueur,France,47.0,2.0,5
FrancescoPrimaticcio,Émilie-Romagne,44.75,11.0,1
FrancoisPerrier,France,47.0,2.0,4
GiovanniBellini,Vénétie,45.733333333,11.85,2
GiovanniLanfranco,Émilie-Romagne,44.75,11.0,1
GirardDesargues,France,47.0,2.0,1
Guerchin,Émilie-Romagne,44.75,11.0,1
GuidoReni,Émilie-Romagne,44.75,11.0,1
JacquesCallot,France,47.0,2.0,1
JosephVarin,France,47.0,2.0,6
LeonardoDaVinci,Toscane,43.45,11.2,4
MartinFreminet,France,47.0,2.0,1
MichelAnge,Toscane,43.45,11.2,3
NicholasMignard,France,47.0,2.0,2
NicolasPoussin,France,47.0,2.0,25
PaoloVeronese,Vénétie,45.733333333,11.85,1
PaulFreartDeChantelou,France,47.0,2.0,2
PeterPaulRubens,Allemagne,51.0,10.0,2
PierreMignard,France,47.0,2.0,17
PietroBuonaccorsi,Toscane,43.45,11.2,1
Raphael,Marches,43.316666666,13.0,9
RolandFreartDeChambray,France,47.0,2.0,1
SebastienBourdon,France,47.0,2.0,11
SimonFrancois,France,47.0,2.0,1
Titien,Vénétie,45.733333333,11.85,9
AlbrechtDurer,Allemagne,51.0,10.0,6
AndreaMantegna,Vénétie,45.733333333,11.85,1
BaldassarrePeruzzi,Toscane,43.45,11.2,1
Bramante,Marches,43.316666666,13.0,2
Carrache,Émilie-Romagne,44.75,11.0,2
Dominiquin,Émilie-Romagne,44.75,11.0,2
GiorgioVasari,Toscane,43.45,11.2,10
GiovanniLanfranco,Émilie-Romagne,44.75,11.0,1
GiulioRomano,Latium,41.9,12.716666666,6
GuidoReni,Émilie-Romagne,44.75,11.0,2
JacopoTintoretto,Vénétie,45.733333333,11.85,1
LeonardoDaVinci,Toscane,43.45,11.2,6
MarcantonioRaimondi,Émilie-Romagne,44.75,11.0,7
MichelAnge,Toscane,43.45,11.2,18
NicolasPoussin,France,47.0,2.0,8
PaoloVeronese,Vénétie,45.733333333,11.85,1
Parmigianino,Émilie-Romagne,44.75,11.0,1
Raphael,Marches,43.316666666,13.0,63
RolandFreartDeChambray,France,47.0,2.0,1
AmbrogioLorenzetti,Toscane,43.45,11.2,1
AndreaDelSarto,Toscane,43.45,11.2,2
AndreaPisano,Toscane,43.45,11.2,1
BartolomeoBellano,Vénétie,45.733333333,11.85,1
Bramante,Marches,43.316666666,13.0,8
BuonamicoBuffalmacco,Toscane,43.45,11.2,4
Caradosso,Lombardie,45.65,9.95,1
Cimabue,Toscane,43.45,11.2,12
Dante,Toscane,43.45,11.2,11
Donatello,Toscane,43.45,11.2,22
Duccio,Toscane,43.45,11.2,2
Franciabigio,Toscane,43.45,11.2,1
GaddoGaddi,Toscane,43.45,11.2,2
Giotto,Toscane,43.45,11.2,27
GuidoReni,Émilie-Romagne,44.75,11.0,1
LeonardoDaVinci,Toscane,43.45,11.2,14
LippoMemmi,Toscane,43.45,11.2,5
Maggiore,Lombardie,45.65,9.95,3
Masaccio,Toscane,43.45,11.2,6
MichelAnge,Toscane,43.45,11.2,4
PaoloUccello,Toscane,43.45,11.2,1
Perugin,Ombrie,42.983333333,12.566666666,5
PierreDeCortone,Toscane,43.45,11.2,1
Raphael,Marches,43.316666666,13.0,16
RossoFiorentino,Toscane,43.45,11.2,2
SandroBotticelli,Toscane,43.45,11.2,1
SpinelloAretino,Toscane,43.45,11.2,3
AndreaDelSarto,Toscane,43.45,11.2,1
AndreaPisano,Toscane,43.45,11.2,2
BartolomeoBellano,Vénétie,45.733333333,11.85,1
BuonamicoBuffalmacco,Toscane,43.45,11.2,8
Cimabue,Toscane,43.45,11.2,10
Dante,Toscane,43.45,11.2,10
Donatello,Toscane,43.45,11.2,26
Duccio,Toscane,43.45,11.2,1
GaddoGaddi,Toscane,43.45,11.2,2
Giotto,Toscane,43.45,11.2,18
LeonardoDaVinci,Toscane,43.45,11.2,5
LippoMemmi,Toscane,43.45,11.2,5
Maggiore,Lombardie,45.65,9.95,1
Masaccio,Toscane,43.45,11.2,7
MichelAnge,Toscane,43.45,11.2,3
Perugin,Ombrie,42.983333333,12.566666666,1
SpinelloAretino,Toscane,43.45,11.2,5
AlbrechtDurer,Allemagne,51.0,10.0,11
AlessandroVittoria,Trentin-Haut-Adige,46.383333333,11.416666666,1
AndreaDelSarto,Toscane,43.45,11.2,3
AndreaMantegna,Vénétie,45.733333333,11.85,16
AndreaSolario,Lombardie,45.65,9.95,1
AnnibaleFontana,Lombardie,45.65,9.95,1
AurelioLuini,Lombardie,45.65,9.95,3
BaccioBandinelli,Toscane,43.45,11.2,2
BaldassareCastiglione,Lombardie,45.65,9.95,1
BaldassarrePeruzzi,Toscane,43.45,11.2,4
Baroccio,Marches,43.316666666,13.0,4
BartolomeoPassarotti,Émilie-Romagne,44.75,11.0,1
BenedettoVarchi,Toscane,43.45,11.2,2
BernardinoButinone,Lombardie,45.65,9.95,2
BernardinoCampi,Lombardie,45.65,9.95,2
BernardinoGatti,Lombardie,45.65,9.95,1
BernardinoLanino,Lombardie,45.65,9.95,2
BernardinoLuini,Lombardie,45.65,9.95,2
BernardoZenale,Lombardie,45.65,9.95,6
Bramante,Marches,43.316666666,13.0,6
Bramantino,Lombardie,45.65,9.95,4
CamilloBoccaccino,Lombardie,45.65,9.95,6
CamilloProcaccini,Émilie-Romagne,44.75,11.0,1
Caradosso,Lombardie,45.65,9.95,1
CesareCesariano,Lombardie,45.65,9.95,1
CesareDaSesto,Lombardie,45.65,9.95,4
Cimabue,Toscane,43.45,11.2,2
Correge,Émilie-Romagne,44.75,11.0,8
DanieleBarbaro,Vénétie,45.733333333,11.85,1
DanieleDaVolterra,Toscane,43.45,11.2,2
Dante,Toscane,43.45,11.2,2
DenysCalvaert,Belgique,50.641111111,4.668055555,3
DirckBarendsz,Pays-Bas,52.316666666,5.55,1
DomenicoFontana,Suisse,46.798562,8.231973,1
ErcoleProcacciniI,Émilie-Romagne,44.75,11.0,2
FedericoZuccaro,Marches,43.316666666,13.0,1
FrancescoBassano,Vénétie,45.733333333,11.85,2
FrancescoMelzi,Lombardie,45.65,9.95,3
FrancescoPrimaticcio,Émilie-Romagne,44.75,11.0,1
FrancescoSalviati,Toscane,43.45,11.2,1
GentileBellini,Vénétie,45.733333333,11.85,1
GiacomoNizzola,Lombardie,45.65,9.95,1
Giambologna,France,47.0,2.0,2
GianelloTorriani,Lombardie,45.65,9.95,1
GiorgioVasari,Toscane,43.45,11.2,4
Giorgione,Vénétie,45.733333333,11.85,4
Giotto,Toscane,43.45,11.2,1
GiovanniBattistaCastello,Lombardie,45.65,9.95,1
GiovanniBattistaClarici,Marches,43.316666666,13.0,1
GiovanniBellini,Vénétie,45.733333333,11.85,1
GiovanniFrancescoPenni,Toscane,43.45,11.2,1
GiovanniPaoloLomazzo,Lombardie,45.65,9.95,7
GirolamoMacchietti,Toscane,43.45,11.2,1
GiulioCampi,Lombardie,45.65,9.95,2
GiulioClovio,Croatie,45.25,15.466667,1
GiulioRomano,Latium,41.9,12.716666666,3
GiuseppeArchimboldo,Lombardie,45.65,9.95,5
GiuseppeCesari,Latium,41.9,12.716666666,1
GiuseppeMeda,Lombardie,45.65,9.95,2
HansSebaldLautensack,Allemagne,51.0,10.0,1
HennequinDeBruges,Belgique,50.641111111,4.668055555,1
JacopoBassano,Vénétie,45.733333333,11.85,2
JacopoBertoia,Émilie-Romagne,44.75,11.0,1
JacopoLigozzi,Vénétie,45.733333333,11.85,1
JacopoPalmaIlGiovane,Vénétie,45.733333333,11.85,2
JacopoPalmaIlVecchio,Lombardie,45.65,9.95,2
JacopoTintoretto,Vénétie,45.733333333,11.85,4
JanSoens,Pays-Bas,52.316666666,5.55,1
JuanDeHerreraDeMaliano,Espagne,40.2,-3.5,1
LaviniaFontana,Émilie-Romagne,44.75,11.0,1
LazzaroCalvi,Ligurie,44.45,8.766666666,1
LeonBattistaAlberti,Ligurie,44.45,8.766666666,2
LeonardoDaVinci,Toscane,43.45,11.2,27
LeoneLeoni,Toscane,43.45,11.2,3
Lorenzetto,Toscane,43.45,11.2,3
LorenzoSabatini,Émilie-Romagne,44.75,11.0,1
LucaCambiaso,Ligurie,44.45,8.766666666,4
LucasVanLeyden,Pays-Bas,52.316666666,5.55,1
LudovicoMazzolino,Émilie-Romagne,44.75,11.0,2
MaertenDeVos,Belgique,50.641111111,4.668055555,1
Maggiore,Lombardie,45.65,9.95,1
MarcoPino,Toscane,43.45,11.2,3
MartinoBassi,Lombardie,45.65,9.95,1
MaturinoFiorentino,Toscane,43.45,11.2,2
MichelAnge,Toscane,43.45,11.2,40
NicoloDellAbbate,Émilie-Romagne,44.75,11.0,1
OttavioSemino,Ligurie,44.45,8.766666666,1
PaoloCamilloLandriani,Lombardie,45.65,9.95,1
PaoloPino,Vénétie,45.733333333,11.85,1
PaoloVeronese,Vénétie,45.733333333,11.85,3
ParisBordone,Vénétie,45.733333333,11.85,1
Parmigianino,Émilie-Romagne,44.75,11.0,1
PellegrinoTibaldi,Lombardie,45.65,9.95,3
PietroBuonaccorsi,Toscane,43.45,11.2,3
PolidoroDaCaravaggio,Lombardie,45.65,9.95,16
PompeoLeoni,Lombardie,45.65,9.95,2
PomponioGaurico,Campanie,40.910555555,14.920555555,1
Pordenone,Frioul-Vénétie Julienne,46.1,13.116666666,1
ProsperoFontana,Émilie-Romagne,44.75,11.0,2
Raphael,Marches,43.316666666,13.0,35
RossoFiorentino,Toscane,43.45,11.2,3
SebastianoDelPiombo,Vénétie,45.733333333,11.85,3
SebastianoSerlio,Émilie-Romagne,44.75,11.0,1
SimonePeterzano,Lombardie,45.65,9.95,2
Stradanus,Belgique,50.641111111,4.668055555,1
Titien,Vénétie,45.733333333,11.85,22
VincenzoCiverchio,Lombardie,45.65,9.95,1
VincenzoFoppa,Lombardie,45.65,9.95,6
AlbrechtDurer,Allemagne,51.0,10.0,4
AmbrogioFigino,Lombardie,45.65,9.95,1
AndreaDelSarto,Toscane,43.45,11.2,1
AndreaMantegna,Vénétie,45.733333333,11.85,1
AntonioTempesta,Toscane,43.45,11.2,1
BaldassarrePeruzzi,Toscane,43.45,11.2,10
BernardinoLuini,Lombardie,45.65,9.95,1
BernardoZenale,Lombardie,45.65,9.95,2
Bramante,Marches,43.316666666,13.0,2
Bramantino,Lombardie,45.65,9.95,1
Caravage,Lombardie,45.65,9.95,1
CherubinoAlberti,Toscane,43.45,11.2,1
Correge,Émilie-Romagne,44.75,11.0,2
FedericoZuccaro,Marches,43.316666666,13.0,1
Gaudenzio,Piémont,45.25,7.916666666,5
GiorgioVasari,Toscane,43.45,11.2,1
Giotto,Toscane,43.45,11.2,1
GiovanniPaoloLomazzo,Lombardie,45.65,9.95,57
GiuseppeCesari,Latium,41.9,12.716666666,2
Guerchin,Émilie-Romagne,44.75,11.0,1
GuidoReni,Émilie-Romagne,44.75,11.0,2
HansSebaldLautensack,Allemagne,51.0,10.0,1
HilairePader,France,47.0,2.0,6
JacopoBarozziDaVignola,Émilie-Romagne,44.75,11.0,8
JacopoTintoretto,Vénétie,45.733333333,11.85,1
LeonBattistaAlberti,Ligurie,44.45,8.766666666,1
LeonardoDaVinci,Toscane,43.45,11.2,6
MarcoPino,Toscane,43.45,11.2,1
MichelAnge,Toscane,43.45,11.2,13
NiccoloTornioli,Toscane,43.45,11.2,1
NicolasPoussin,France,47.0,2.0,1
Parmigianino,Émilie-Romagne,44.75,11.0,2
PietroBuonaccorsi,Toscane,43.45,11.2,1
PolidoroDaCaravaggio,Lombardie,45.65,9.95,4
Raphael,Marches,43.316666666,13.0,12
RossoFiorentino,Toscane,43.45,11.2,1
SebastianoSerlio,Émilie-Romagne,44.75,11.0,4
Titien,Vénétie,45.733333333,11.85,8
VincenzoFoppa,Lombardie,45.65,9.95,1
AlbrechtDurer,Allemagne,51.0,10.0,30
AndreaDelSarto,Toscane,43.45,11.2,6
AndreaMantegna,Vénétie,45.733333333,11.85,14
AndreaSolario,Lombardie,45.65,9.95,1
AnnibaleFontana,Lombardie,45.65,9.95,2
BaccioBandinelli,Toscane,43.45,11.2,4
BaldassarrePeruzzi,Toscane,43.45,11.2,14
Baroccio,Marches,43.316666666,13.0,2
BenedettoVarchi,Toscane,43.45,11.2,2
BernardinoButinone,Lombardie,45.65,9.95,2
BernardinoCampi,Lombardie,45.65,9.95,1
BernardinoGatti,Lombardie,45.65,9.95,1
BernardinoLanino,Lombardie,45.65,9.95,1
BernardoZenale,Lombardie,45.65,9.95,9
Bramante,Marches,43.316666666,13.0,16
Bramantino,Lombardie,45.65,9.95,13
Caradosso,Lombardie,45.65,9.95,3
CesareCesariano,Lombardie,45.65,9.95,1
CesareDaSesto,Lombardie,45.65,9.95,16
Cimabue,Toscane,43.45,11.2,3
Correge,Émilie-Romagne,44.75,11.0,14
DanieleBarbaro,Vénétie,45.733333333,11.85,2
DanieleDaVolterra,Toscane,43.45,11.2,3
Dante,Toscane,43.45,11.2,34
Donatello,Toscane,43.45,11.2,3
FedericoZuccaro,Marches,43.316666666,13.0,2
Gaudenzio,Piémont,45.25,7.916666666,49
GiorgioVasari,Toscane,43.45,11.2,6
Giorgione,Vénétie,45.733333333,11.85,8
Giotto,Toscane,43.45,11.2,3
GiovanniBattistaClarici,Marches,43.316666666,13.0,1
GiovanniFrancescoPenni,Toscane,43.45,11.2,3
GiovanniPaoloLomazzo,Lombardie,45.65,9.95,11
GirolamoMuziano,Lombardie,45.65,9.95,1
GiulioRomano,Latium,41.9,12.716666666,8
GiuseppeArchimboldo,Lombardie,45.65,9.95,2
GuidoReni,Émilie-Romagne,44.75,11.0,2
HansSebaldLautensack,Allemagne,51.0,10.0,4
JacopoBarozziDaVignola,Émilie-Romagne,44.75,11.0,2
JacopoTintoretto,Vénétie,45.733333333,11.85,1
LeonBattistaAlberti,Ligurie,44.45,8.766666666,2
LeonardoDaVinci,Toscane,43.45,11.2,66
Lorenzetto,Toscane,43.45,11.2,1
LucaCambiaso,Ligurie,44.45,8.766666666,6
LucasVanLeyden,Pays-Bas,52.316666666,5.55,2
LudovicoMazzolino,Émilie-Romagne,44.75,11.0,10
Maggiore,Lombardie,45.65,9.95,1
MarcoPino,Toscane,43.45,11.2,2
MarioEquicola,Latium,41.9,12.716666666,2
MartinoBassi,Lombardie,45.65,9.95,1
Masaccio,Toscane,43.45,11.2,1
MaturinoFiorentino,Toscane,43.45,11.2,5
MichelAnge,Toscane,43.45,11.2,26
NicoloDellAbbate,Émilie-Romagne,44.75,11.0,1
ParisBordone,Vénétie,45.733333333,11.85,1
Parmigianino,Émilie-Romagne,44.75,11.0,6
PellegrinoTibaldi,Lombardie,45.65,9.95,2
Perugin,Ombrie,42.983333333,12.566666666,1
PietroBuonaccorsi,Toscane,43.45,11.2,11
PolidoroDaCaravaggio,Lombardie,45.65,9.95,1
Raphael,Marches,43.316666666,13.0,73
RossoFiorentino,Toscane,43.45,11.2,18
SebastianoDelPiombo,Vénétie,45.733333333,11.85,2
SebastianoSerlio,Émilie-Romagne,44.75,11.0,5
SimonePeterzano,Lombardie,45.65,9.95,1
Titien,Vénétie,45.733333333,11.85,37
VincenzoCiverchio,Lombardie,45.65,9.95,3
VincenzoFoppa,Lombardie,45.65,9.95,9
AndreaDelSarto,Toscane,43.45,11.2,1
CesareDaSesto,Lombardie,45.65,9.95,1
Correge,Émilie-Romagne,44.75,11.0,1
FrancescoSalviati,Toscane,43.45,11.2,1
Giorgione,Vénétie,45.733333333,11.85,1
GiovanniFrancescoPenni,Toscane,43.45,11.2,3
JacopoTintoretto,Vénétie,45.733333333,11.85,1
LucaCambiaso,Ligurie,44.45,8.766666666,1
MichelAnge,Toscane,43.45,11.2,2
PaoloVeronese,Vénétie,45.733333333,11.85,1
Parmigianino,Émilie-Romagne,44.75,11.0,1
PietroBuonaccorsi,Toscane,43.45,11.2,1
Pordenone,Frioul-Vénétie Julienne,46.1,13.116666666,1
Raphael,Marches,43.316666666,13.0,2
Titien,Vénétie,45.733333333,11.85,1
AdriaenCollaert,Belgique,50.641111111,4.668055555,1
AgnoloBronzino,Toscane,43.45,11.2,3
AgnoloDiVentura,Toscane,43.45,11.2,2
AgostinoBusti,Lombardie,45.65,9.95,4
AgostinoDiGiovanni,Toscane,43.45,11.2,2
AgostinoVeneziano,Vénétie,45.733333333,11.85,2
Albane,Émilie-Romagne,44.75,11.0,1
AlbrechtDurer,Allemagne,51.0,10.0,16
AlessandroAlgardi,Émilie-Romagne,44.75,11.0,1
AlessandroBonvicino,Lombardie,45.65,9.95,2
AlessandroVittoria,Trentin-Haut-Adige,46.383333333,11.416666666,1
AlessoBaldovinetti,Toscane,43.45,11.2,1
AlfonsoLombardi,Émilie-Romagne,44.75,11.0,1
AltichieroDaZevio,Vénétie,45.733333333,11.85,1
AlviseCornaro,Vénétie,45.733333333,11.85,1
AlviseVivarini,Vénétie,45.733333333,11.85,1
AmbrogioLorenzetti,Toscane,43.45,11.2,1
AndreFelibien,France,47.0,2.0,1
AndreaDelCastagno,Toscane,43.45,11.2,2
AndreaDelSarto,Toscane,43.45,11.2,9
AndreaMantegna,Vénétie,45.733333333,11.85,8
AndreaPalladio,Vénétie,45.733333333,11.85,4
AndreaPisano,Toscane,43.45,11.2,6
AndreaPrevitali,Lombardie,45.65,9.95,1
AndreaSansovino,Toscane,43.45,11.2,1
AndreaSolario,Lombardie,45.65,9.95,1
AndreaVerrocchio,Toscane,43.45,11.2,6
AngePolitien,Toscane,43.45,11.2,1
AnthonisMorVanDashorst,Pays-Bas,52.316666666,5.55,2
AntonelloDeMessine,Sicile,37.599958333,14.015377777,7
AntonioBadile,Vénétie,45.733333333,11.85,1
AntonioCampi,Lombardie,45.65,9.95,1
AntonioDaSangalloIlGiovane,Toscane,43.45,11.2,6
AntonioDaSangalloIlVecchio,Toscane,43.45,11.2,3
AntonioLabacco,Piémont,45.25,7.916666666,1
AntonioPollaiuolo,Toscane,43.45,11.2,1
AntonioVivarini,Vénétie,45.733333333,11.85,1
ArnolfoDiLapo,Toscane,43.45,11.2,5
BaccioBandinelli,Toscane,43.45,11.2,10
BaccioDaMontelupo,Toscane,43.45,11.2,1
BaldassareCastiglione,Lombardie,45.65,9.95,1
BaldassarrePeruzzi,Toscane,43.45,11.2,11
Baroccio,Marches,43.316666666,13.0,6
BartolomeoAmmannati,Toscane,43.45,11.2,1
BartolomeoBellano,Vénétie,45.733333333,11.85,1
BartolomeoCincani,Lombardie,45.65,9.95,2
BartolomeoGenga,Émilie-Romagne,44.75,11.0,1
BartolomeoSpani,Émilie-Romagne,44.75,11.0,1
BartolomeoVivarini,Vénétie,45.733333333,11.85,1
BartolommeoRamenghi,Émilie-Romagne,44.75,11.0,1
BastianoDaSangallo,Toscane,43.45,11.2,2
BastianoMainardi,Toscane,43.45,11.2,1
BattistaDelMoro,Vénétie,45.733333333,11.85,3
BattistaDossi,Lombardie,45.65,9.95,1
BattistaFranco,Vénétie,45.733333333,11.85,2
BattistaLorenzi,Toscane,43.45,11.2,1
BenedettoCoda,Vénétie,45.733333333,11.85,1
BenedettoDaMaiano,Toscane,43.45,11.2,3
BenedettoDiada,Vénétie,45.733333333,11.85,1
BenedettoGhirlandaio,Toscane,43.45,11.2,1
BenedettoPagni,Toscane,43.45,11.2,1
BenedettoVarchi,Toscane,43.45,11.2,1
BenvenutoCellini,Toscane,43.45,11.2,2
BernardinoGatti,Lombardie,45.65,9.95,1
Bernin,Campanie,40.910555555,14.920555555,1
BertoldoDiGiovanni,Toscane,43.45,11.2,1
BoccaccioBoccaccino,Émilie-Romagne,44.75,11.0,1
BonannoPisano,Toscane,43.45,11.2,2
Bramante,Marches,43.316666666,13.0,16
Bramantino,Lombardie,45.65,9.95,1
Brunelleschi,Toscane,43.45,11.2,11
BuonamicoBuffalmacco,Toscane,43.45,11.2,1
CamilloBoccaccino,Lombardie,45.65,9.95,1
CamilloProcaccini,Émilie-Romagne,44.75,11.0,1
Caradosso,Lombardie,45.65,9.95,1
Caravage,Lombardie,45.65,9.95,2
CarloMaderno,Suisse,46.798562,8.231973,1
Carrache,Émilie-Romagne,44.75,11.0,18
CesareCesariano,Lombardie,45.65,9.95,1
CharlesLeBrun,France,47.0,2.0,1
CherubinoAlberti,Toscane,43.45,11.2,2
CimaDaConegliano,Vénétie,45.733333333,11.85,1
Cimabue,Toscane,43.45,11.2,16
ClaudeFrancois,France,47.0,2.0,3
ConsiglioGherardi,Toscane,43.45,11.2,1
CornelisCort,Pays-Bas,52.316666666,5.55,1
CornelisGalleI,Belgique,50.641111111,4.668055555,1
Correge,Émilie-Romagne,44.75,11.0,15
CosimoBartoli,Toscane,43.45,11.2,1
CosimoRosselli,Toscane,43.45,11.2,1
CristoforoSolari,Lombardie,45.65,9.95,1
DaneseCattaneo,Toscane,43.45,11.2,1
DanieleBarbaro,Vénétie,45.733333333,11.85,2
DanieleDaVolterra,Toscane,43.45,11.2,6
Dante,Toscane,43.45,11.2,3
DarioDiGiovanni,Frioul-Vénétie Julienne,46.1,13.116666666,1
DavideGhirlandaio,Toscane,43.45,11.2,1
DianaScultoriGhisi,Lombardie,45.65,9.95,1
DomenicoBeccafumi,Toscane,43.45,11.2,4
DomenicoBrusasorzi,Vénétie,45.733333333,11.85,1
DomenicoDelBarbiere,Toscane,43.45,11.2,2
DomenicoFontana,Suisse,46.798562,8.231973,2
DomenicoGhirlandaio,Toscane,43.45,11.2,8
DomenicoTibaldi,Émilie-Romagne,44.75,11.0,2
DomenicoVeneziano,Vénétie,45.733333333,11.85,5
Dominiquin,Émilie-Romagne,44.75,11.0,1
Donatello,Toscane,43.45,11.2,10
DossoDossi,Émilie-Romagne,44.75,11.0,4
EneaVico,Émilie-Romagne,44.75,11.0,1
ErcoleDeRoberti,Émilie-Romagne,44.75,11.0,2
ErcoleProcacciniI,Émilie-Romagne,44.75,11.0,1
EtienneDelaune,France,47.0,2.0,1
EtienneDuperac,France,47.0,2.0,1
EuropaAnguissola,Lombardie,45.65,9.95,1
EustacheLeSueur,France,47.0,2.0,1
FedericoZuccaro,Marches,43.316666666,13.0,9
Filarete,Toscane,43.45,11.2,1
FraAngelico,Toscane,43.45,11.2,2
FraBartolomeo,Toscane,43.45,11.2,8
FraFilippoLippi,Toscane,43.45,11.2,3
FraPaolinoDaPistoia,Toscane,43.45,11.2,1
FrancescoBassano,Vénétie,45.733333333,11.85,2
FrancescoBassanoIlVecchio,Vénétie,45.733333333,11.85,1
FrancescoBonsignori,Vénétie,45.733333333,11.85,1
FrancescoBoschi,Toscane,43.45,11.2,1
FrancescoFrancia,Émilie-Romagne,44.75,11.0,8
FrancescoMelzi,Lombardie,45.65,9.95,1
FrancescoPrimaticcio,Émilie-Romagne,44.75,11.0,20
FrancescoSalviati,Toscane,43.45,11.2,8
FrancescoSquarcione,Vénétie,45.733333333,11.85,3
FrancescoTorbido,Vénétie,45.733333333,11.85,2
FrancescoVanni,Toscane,43.45,11.2,1
FrancescoVillamena,Ombrie,42.983333333,12.566666666,1
FrancoisBunel,France,47.0,2.0,1
FrancoisDuQuesnoy,Belgique,50.641111111,4.668055555,2
FrancoisMansart,France,47.0,2.0,1
FransFlorisI,Belgique,50.641111111,4.668055555,3
FransPourbusI,Belgique,50.641111111,4.668055555,1
GaleazzoCampi,Lombardie,45.65,9.95,1
Garofalo,Émilie-Romagne,44.75,11.0,4
Gaudenzio,Piémont,45.25,7.916666666,1
GentileBellini,Vénétie,45.733333333,11.85,10
GentileDaFabriano,Marches,43.316666666,13.0,3
GermainPilon,France,47.0,2.0,2
GerolamoBassano,Vénétie,45.733333333,11.85,2
GherardoStarnina,Toscane,43.45,11.2,2
GiacomoFantoni,Vénétie,45.733333333,11.85,1
Giambologna,France,47.0,2.0,2
GiorgioVasari,Toscane,43.45,11.2,24
Giorgione,Vénétie,45.733333333,11.85,15
Giotto,Toscane,43.45,11.2,21
GiovanFrancescoCaroto,Vénétie,45.733333333,11.85,1
GiovanniAntonioBoltraffio,Lombardie,45.65,9.95,1
GiovanniBaglione,Latium,41.9,12.716666666,1
GiovanniBandini,Toscane,43.45,11.2,1
GiovanniBattistaBassano,Vénétie,45.733333333,11.85,2
GiovanniBattistaScultori,Lombardie,45.65,9.95,2
GiovanniBattistiArmenini,Émilie-Romagne,44.75,11.0,2
GiovanniBellini,Vénétie,45.733333333,11.85,7
GiovanniBuonconsiglio,Vénétie,45.733333333,11.85,1
GiovanniDaUdine,Frioul-Vénétie Julienne,46.1,13.116666666,7
GiovanniDiPietro,Ombrie,42.983333333,12.566666666,1
GiovanniFrancescoPenni,Toscane,43.45,11.2,6
GiovanniGiacomoDellaPorta,Lombardie,45.65,9.95,1
GiovanniGiocondo,Suisse,46.798562,8.231973,11
GiovanniJacopoCaraglio,Vénétie,45.733333333,11.85,2
GiovanniLanfranco,Émilie-Romagne,44.75,11.0,3
GiovanniMansueti,Vénétie,45.733333333,11.85,1
GiovanniMariaFalconetto,Vénétie,45.733333333,11.85,3
GiovanniMariaVerdizotti,Vénétie,45.733333333,11.85,2
GiovanniPaoloLomazzo,Lombardie,45.65,9.95,8
GiovanniPisano,Toscane,43.45,11.2,2
GirolamoCampagnola,Vénétie,45.733333333,11.85,1
GirolamoDaCarpi,Émilie-Romagne,44.75,11.0,1
GirolamoGenga,Marches,43.316666666,13.0,2
GirolamoLombardo,Émilie-Romagne,44.75,11.0,1
GirolamoMazzolaBedoli,Lombardie,45.65,9.95,1
GirolamoMuziano,Lombardie,45.65,9.95,5
GirolamoSiciolante,Latium,41.9,12.716666666,1
GiulianoDaSangallo,Toscane,43.45,11.2,2
GiulioCampagnola,Vénétie,45.733333333,11.85,1
GiulioCampi,Lombardie,45.65,9.95,3
GiulioCesareProcaccini,Émilie-Romagne,44.75,11.0,1
GiulioRomano,Latium,41.9,12.716666666,24
GiuseppeCesari,Latium,41.9,12.716666666,3
Guariento,Vénétie,45.733333333,11.85,1
GuglielmoDellaPorta,Lombardie,45.65,9.95,1
GuidoReni,Émilie-Romagne,44.75,11.0,2
GuillaumeMarcillat,France,47.0,2.0,5
HansHolbeinDeJonge,Allemagne,51.0,10.0,1
HansSadeler,Belgique,50.641111111,4.668055555,1
HeinrichAldegrever,Allemagne,51.0,10.0,1
HendrickGoltzius,Allemagne,51.0,10.0,1
HieronimusBosch,Pays-Bas,52.316666666,5.55,1
HieronymusCock,Belgique,50.641111111,4.668055555,1
HubertusGoltzius,Pays-Bas,52.316666666,5.55,1
Ingegno,Ombrie,42.983333333,12.566666666,1
InnocenzoFrancucci,Émilie-Romagne,44.75,11.0,1
JacobBunel,France,47.0,2.0,4
JacobMatham,Pays-Bas,52.316666666,5.55,1
JacobelloDelFiore,Vénétie,45.733333333,11.85,1
JacopoAvanzi,Émilie-Romagne,44.75,11.0,3
JacopoBarozziDaVignola,Émilie-Romagne,44.75,11.0,15
JacopoBassano,Vénétie,45.733333333,11.85,3
JacopoBellini,Vénétie,45.733333333,11.85,3
JacopoDaMontagnana,Vénétie,45.733333333,11.85,1
JacopoDellaQuercia,Toscane,43.45,11.2,1
JacopoDiCasentino,Toscane,43.45,11.2,5
JacopoPalmaIlGiovane,Vénétie,45.733333333,11.85,3
JacopoPalmaIlVecchio,Lombardie,45.65,9.95,2
JacopoRipanda,Émilie-Romagne,44.75,11.0,1
JacopoSansovino,Toscane,43.45,11.2,12
JacopoTintoretto,Vénétie,45.733333333,11.85,4
JacquesAndrouetDuCerceau,France,47.0,2.0,1
JacquesDubroeucq,Belgique,50.641111111,4.668055555,2
JacquesLemercier,France,47.0,2.0,1
JacquesSarazin,France,47.0,2.0,1
JacquiotPonce,France,47.0,2.0,1
JanCorneliszVermeyen,Pays-Bas,52.316666666,5.55,1
JanSandersVanHemessen,Belgique,50.641111111,4.668055555,1
JanStevenVanCalcar,Allemagne,51.0,10.0,2
JanVanDerStraet,Belgique,50.641111111,4.668055555,2
JanVanScorel,Pays-Bas,52.316666666,5.55,1
JeanBullant,France,47.0,2.0,3
JeanCousin,France,47.0,2.0,2
JeanGoujon,France,47.0,2.0,2
JehanBellegambe,France,47.0,2.0,1
JoosVanCleve,Allemagne,51.0,10.0,1
JoosVanWassenhove,Belgique,50.641111111,4.668055555,1
LambertLombard,Belgique,50.641111111,4.668055555,3
LancelotBlondeel,Belgique,50.641111111,4.668055555,1
LaviniaFontana,Émilie-Romagne,44.75,11.0,2
LeandroBassano,Vénétie,45.733333333,11.85,2
LeonBattistaAlberti,Ligurie,44.45,8.766666666,10
LeonardoDaVinci,Toscane,43.45,11.2,36
LiberaleDaVerona,Vénétie,45.733333333,11.85,2
LippoDalmasio,Émilie-Romagne,44.75,11.0,2
LorenzoCanozi,Vénétie,45.733333333,11.85,1
LorenzoCosta,Émilie-Romagne,44.75,11.0,7
LorenzoGhiberti,Toscane,43.45,11.2,7
LucaDellaRobbia,Toscane,43.45,11.2,1
LucaSignorelli,Toscane,43.45,11.2,1
LucasVanLeyden,Pays-Bas,52.316666666,5.55,5
LuciaAnguissola,Lombardie,45.65,9.95,1
LudovicoAriosto,Émilie-Romagne,44.75,11.0,1
LudovicoMazzolino,Émilie-Romagne,44.75,11.0,1
MaertenDeVos,Belgique,50.641111111,4.668055555,4
MaertenVanHeemskerck,Pays-Bas,52.316666666,5.55,1
MarcantonioRaimondi,Émilie-Romagne,44.75,11.0,17
MarcoBasaiti,Vénétie,45.733333333,11.85,2
MarcoDOggiono,Lombardie,45.65,9.95,1
MarcoDente,Émilie-Romagne,44.75,11.0,1
MarcoZoppo,Émilie-Romagne,44.75,11.0,2
MariettaTintoretto,Vénétie,45.733333333,11.85,1
MariottoAlbertinelli,Toscane,43.45,11.2,1
MartinFreminet,France,47.0,2.0,1
MartinoRota,Croatie,45.25,15.466667,1
Masaccio,Toscane,43.45,11.2,2
MasoFiniguerra,Toscane,43.45,11.2,1
MatteoDiGiovanniCivitali,Toscane,43.45,11.2,1
MatthijsBril,Belgique,50.641111111,4.668055555,1
MichelAnge,Toscane,43.45,11.2,74
MichelICoxie,Belgique,50.641111111,4.668055555,1
MichelangeloAnselmi,Toscane,43.45,11.2,1
MicheleDiMatteo,Émilie-Romagne,44.75,11.0,1
MicheleSanmicheli,Vénétie,45.733333333,11.85,3
Michelozzo,Toscane,43.45,11.2,1
MinoDaFiesole,Toscane,43.45,11.2,1
NiccoloTribolo,Toscane,43.45,11.2,1
NicolaPisano,Pouilles,41.008611111,16.512777777,5
NicolasPoussin,France,47.0,2.0,6
NicoloDellAbbate,Émilie-Romagne,44.75,11.0,2
Orcagna,Toscane,43.45,11.2,1
OttoVanVeen,Pays-Bas,52.316666666,5.55,2
PaoloFarinati,Vénétie,45.733333333,11.85,1
PaoloMorando,Vénétie,45.733333333,11.85,1
PaoloRomano,Latium,41.9,12.716666666,2
PaoloUccello,Toscane,43.45,11.2,1
PaoloVeronese,Vénétie,45.733333333,11.85,5
ParisBordone,Vénétie,45.733333333,11.85,2
Parmigianino,Émilie-Romagne,44.75,11.0,13
PaulBril,Pays-Bas,52.316666666,5.55,1
PellegrinoDaSanDaniele,Frioul-Vénétie Julienne,46.1,13.116666666,1
PellegrinoTibaldi,Lombardie,45.65,9.95,5
Perugin,Ombrie,42.983333333,12.566666666,12
PeterPaulRubens,Allemagne,51.0,10.0,2
Petrarque,Toscane,43.45,11.2,1
PetrusChristus,Belgique,50.641111111,4.668055555,1
PhilibertDelorme,France,47.0,2.0,3
PhilipGalle,Pays-Bas,52.316666666,5.55,1
PieroDiCosimo,Toscane,43.45,11.2,1
PieroPollaiuolo,Toscane,43.45,11.2,1
PierreDeCortone,Toscane,43.45,11.2,2
PierreLescot,France,47.0,2.0,1
PierreMignard,France,47.0,2.0,1
PierreMonier,France,47.0,2.0,1
PieterBrueghelDeOude,Pays-Bas,52.316666666,5.55,1
PieterCoeckeVanAelst,Belgique,50.641111111,4.668055555,1
PieterDeJodeI,Belgique,50.641111111,4.668055555,2
PieterPourbus,Pays-Bas,52.316666666,5.55,1
PieterSaenredam,Pays-Bas,52.316666666,5.55,1
PietroBembo,Vénétie,45.733333333,11.85,1
PietroBuonaccorsi,Toscane,43.45,11.2,10
PietroCataneo,Toscane,43.45,11.2,1
PietroCavallini,Latium,41.9,12.716666666,2
Pinturicchio,Ombrie,42.983333333,12.566666666,1
PirroLigorio,Campanie,40.910555555,14.920555555,7
Pisanello,Toscane,43.45,11.2,2
PolidoroDaCaravaggio,Lombardie,45.65,9.95,6
Pontormo,Toscane,43.45,11.2,4
Pordenone,Frioul-Vénétie Julienne,46.1,13.116666666,3
ProperziaDeRossi,Émilie-Romagne,44.75,11.0,2
ProsperoFontana,Émilie-Romagne,44.75,11.0,3
QuintenMetsys,Belgique,50.641111111,4.668055555,2
RaffaellinoDelColle,Toscane,43.45,11.2,1
Raphael,Marches,43.316666666,13.0,84
RaphaelSadeler,Belgique,50.641111111,4.668055555,1
RogierVanDerWeyden,Belgique,50.641111111,4.668055555,3
Romanino,Lombardie,45.65,9.95,2
RossoFiorentino,Toscane,43.45,11.2,11
SalomonDeBrosse,France,47.0,2.0,1
SandroBotticelli,Toscane,43.45,11.2,2
SebastianoDelPiombo,Vénétie,45.733333333,11.85,9
SebastianoSerlio,Émilie-Romagne,44.75,11.0,4
SebastienBourdon,France,47.0,2.0,1
SilvioCosini,Toscane,43.45,11.2,1
SimoneDeiCrocifissi,Émilie-Romagne,44.75,11.0,3
Sodoma,Piémont,45.25,7.916666666,1
SofonisbaAnguissola,Lombardie,45.65,9.95,4
SpinelloAretino,Toscane,43.45,11.2,1
StefanoDaVerona,Vénétie,45.733333333,11.85,1
StefanoFiorentino,Toscane,43.45,11.2,1
TaddeoDiBartolo,Toscane,43.45,11.2,1
TaddeoGaddi,Toscane,43.45,11.2,4
TaddeoZuccaro,Marches,43.316666666,13.0,4
Titien,Vénétie,45.733333333,11.85,30
TizianoAspetti,Vénétie,45.733333333,11.85,1
ToussaintDubreuil,France,47.0,2.0,2
UgoDaCarpi,Émilie-Romagne,44.75,11.0,1
ValerioDiSimoneCioli,Toscane,43.45,11.2,1
VanDyck,Belgique,50.641111111,4.668055555,1
VanEyck,Belgique,50.641111111,4.668055555,8
VincenzoCampi,Lombardie,45.65,9.95,1
VincenzoCiverchio,Lombardie,45.65,9.95,1
VincenzoFoppa,Lombardie,45.65,9.95,1
VincenzoScamozzi,Vénétie,45.733333333,11.85,3
VitaleDaBologna,Émilie-Romagne,44.75,11.0,2
VittoreCarpaccio,Vénétie,45.733333333,11.85,1
ZenoneVeronese,Vénétie,45.733333333,11.85,1
AlbrechtDurer,Allemagne,51.0,10.0,1
AlessandroBonvicino,Lombardie,45.65,9.95,2
AndreaDelSarto,Toscane,43.45,11.2,4
AndreaMantegna,Vénétie,45.733333333,11.85,1
AndreaVerrocchio,Toscane,43.45,11.2,1
BartolomeoBellano,Vénétie,45.733333333,11.85,1
BenedettoVarchi,Toscane,43.45,11.2,3
BuonamicoBuffalmacco,Toscane,43.45,11.2,2
Caravage,Lombardie,45.65,9.95,2
CarloRidolfi,Vénétie,45.733333333,11.85,3
Carrache,Émilie-Romagne,44.75,11.0,3
Cimabue,Toscane,43.45,11.2,3
Correge,Émilie-Romagne,44.75,11.0,3
Donatello,Toscane,43.45,11.2,4
Gaudenzio,Piémont,45.25,7.916666666,1
GiorgioVasari,Toscane,43.45,11.2,18
Giorgione,Vénétie,45.733333333,11.85,3
Giotto,Toscane,43.45,11.2,9
GiovanniBattistiArmenini,Émilie-Romagne,44.75,11.0,3
GiovanniBellini,Vénétie,45.733333333,11.85,1
GiovanniPaoloLomazzo,Lombardie,45.65,9.95,8
GiulioRomano,Latium,41.9,12.716666666,3
GuidoReni,Émilie-Romagne,44.75,11.0,7
JacopoTintoretto,Vénétie,45.733333333,11.85,6
LeonBattistaAlberti,Ligurie,44.45,8.766666666,1
LeonardoDaVinci,Toscane,43.45,11.2,19
LiberaleDaVerona,Vénétie,45.733333333,11.85,1
LippoMemmi,Toscane,43.45,11.2,1
LucaSignorelli,Toscane,43.45,11.2,1
Maggiore,Lombardie,45.65,9.95,2
Masaccio,Toscane,43.45,11.2,1
MichelAnge,Toscane,43.45,11.2,11
NicoloDellAbbate,Émilie-Romagne,44.75,11.0,3
PaoloVeronese,Vénétie,45.733333333,11.85,6
Parmigianino,Émilie-Romagne,44.75,11.0,1
Perugin,Ombrie,42.983333333,12.566666666,3
PeterPaulRubens,Allemagne,51.0,10.0,3
PierreDeCortone,Toscane,43.45,11.2,2
PietroBuonaccorsi,Toscane,43.45,11.2,1
PietroCavallini,Latium,41.9,12.716666666,1
PietroTorrigiano,Toscane,43.45,11.2,2
PolidoroDaCaravaggio,Lombardie,45.65,9.95,1
Raphael,Marches,43.316666666,13.0,22
SandroBotticelli,Toscane,43.45,11.2,1
Titien,Vénétie,45.733333333,11.85,20
AlbrechtDurer,Allemagne,51.0,10.0,5
BaccioBandinelli,Toscane,43.45,11.2,1
Bramante,Marches,43.316666666,13.0,1
Carrache,Émilie-Romagne,44.75,11.0,1
Correge,Émilie-Romagne,44.75,11.0,2
GiovanniPaoloLomazzo,Lombardie,45.65,9.95,14
GiuseppeCesari,Latium,41.9,12.716666666,1
GuidoReni,Émilie-Romagne,44.75,11.0,2
HilairePader,France,47.0,2.0,26
JacopoTintoretto,Vénétie,45.733333333,11.85,4
JeanChalette,France,47.0,2.0,1
JeanCousin,France,47.0,2.0,4
LaurentDeLaHyre,France,47.0,2.0,5
LeonardoDaVinci,Toscane,43.45,11.2,1
LucaCambiaso,Ligurie,44.45,8.766666666,5
MichelAnge,Toscane,43.45,11.2,3
NiccoloTornioli,Toscane,43.45,11.2,1
NicolasPoussin,France,47.0,2.0,12
PaoloGuidotti,Toscane,43.45,11.2,3
Raphael,Marches,43.316666666,13.0,2
Titien,Vénétie,45.733333333,11.85,2
AbrahamBosse,France,47.0,2.0,1
Albane,Émilie-Romagne,44.75,11.0,1
AlbrechtDurer,Allemagne,51.0,10.0,1
AlessandroAlgardi,Émilie-Romagne,44.75,11.0,1
AndreaCamassei,Ombrie,42.983333333,12.566666666,1
AndreaDelSarto,Toscane,43.45,11.2,1
AndreaMantegna,Vénétie,45.733333333,11.85,1
AndreaPalladio,Vénétie,45.733333333,11.85,1
AndreaSacchi,Latium,41.9,12.716666666,1
AntivedutoGramatica,Latium,41.9,12.716666666,1
AntonioTempesta,Toscane,43.45,11.2,1
BaccioBandinelli,Toscane,43.45,11.2,1
Baroccio,Marches,43.316666666,13.0,1
BernardoCastello,Ligurie,44.45,8.766666666,1
Bernin,Campanie,40.910555555,14.920555555,1
Bramante,Marches,43.316666666,13.0,1
Caravage,Lombardie,45.65,9.95,1
Carrache,Émilie-Romagne,44.75,11.0,1
CesareRipa,Ombrie,42.983333333,12.566666666,1
CesareVecellio,Vénétie,45.733333333,11.85,1
CharlesErrard,France,47.0,2.0,1
CharlesLeBrun,France,47.0,2.0,1
ClaudeDeruet,France,47.0,2.0,1
ClaudeFrancois,France,47.0,2.0,1
ClaudeLorrain,France,47.0,2.0,1
ClaudeMellan,France,47.0,2.0,1
ClaudeVignon,France,47.0,2.0,1
ClaudineBouzonnetStella,France,47.0,2.0,1
Correge,Émilie-Romagne,44.75,11.0,1
DanieleBarbaro,Vénétie,45.733333333,11.85,1
DanieleDaVolterra,Toscane,43.45,11.2,1
Dante,Toscane,43.45,11.2,1
DomenicoFontana,Suisse,46.798562,8.231973,1
Dominiquin,Émilie-Romagne,44.75,11.0,1
EustacheLeSueur,France,47.0,2.0,1
FedeGalizia,Trentin-Haut-Adige,46.383333333,11.416666666,1
FedericoZuccaro,Marches,43.316666666,13.0,1
FerdinandBol,Pays-Bas,52.316666666,5.55,1
FrancescoMerano,Ligurie,44.45,8.766666666,1
FrancescoMochi,Toscane,43.45,11.2,1
FrancescoPrimaticcio,Émilie-Romagne,44.75,11.0,1
FrancescoSalviati,Toscane,43.45,11.2,1
FrancescoVillamena,Ombrie,42.983333333,12.566666666,1
FrancoisDuQuesnoy,Belgique,50.641111111,4.668055555,1
FrancoisPerrier,France,47.0,2.0,1
Gaudenzio,Piémont,45.25,7.916666666,1
GerardVanOpstal,Belgique,50.641111111,4.668055555,1
GermainPilon,France,47.0,2.0,1
Giambologna,France,47.0,2.0,1
GianelloTorriani,Lombardie,45.65,9.95,1
GiorgioVasari,Toscane,43.45,11.2,2
GiovanniBaglione,Latium,41.9,12.716666666,1
GiovanniBellini,Vénétie,45.733333333,11.85,1
GiovanniFrancescoRomanelli,Latium,41.9,12.716666666,1
GiovanniLanfranco,Émilie-Romagne,44.75,11.0,1
GiovanniPaoloLomazzo,Lombardie,45.65,9.95,3
GirardDesargues,France,47.0,2.0,1
GirolamoMuziano,Lombardie,45.65,9.95,1
GiulioClovio,Croatie,45.25,15.466667,1
GiulioRomano,Latium,41.9,12.716666666,1
GiuseppeArchimboldo,Lombardie,45.65,9.95,1
GiuseppeCesari,Latium,41.9,12.716666666,1
Guerchin,Émilie-Romagne,44.75,11.0,2
GuidoReni,Émilie-Romagne,44.75,11.0,1
HendrickGoltzius,Allemagne,51.0,10.0,1
HennequinDeBruges,Belgique,50.641111111,4.668055555,1
HoraceLeBlanc,France,47.0,2.0,1
IsraelSilvestre,France,47.0,2.0,1
JacobBunel,France,47.0,2.0,1
JacopoBarozziDaVignola,Émilie-Romagne,44.75,11.0,1
JacopoBassano,Vénétie,45.733333333,11.85,1
JacopoPalmaIlVecchio,Lombardie,45.65,9.95,1
JacopoTintoretto,Vénétie,45.733333333,11.85,1
JacquesAndrouetDuCerceau,France,47.0,2.0,1
JacquesBellange,France,47.0,2.0,1
JacquesBlanchard,France,47.0,2.0,1
JacquesCallot,France,47.0,2.0,1
JacquesFouquieres,Belgique,50.641111111,4.668055555,1
JacquesSarazin,France,47.0,2.0,1
JacquesStella,France,47.0,2.0,2
JacquiotPonce,France,47.0,2.0,1
JanHarmenszMuller,Pays-Bas,52.316666666,5.55,1
JeanBaptisteDeFaudran,France,47.0,2.0,1
JeanChalette,France,47.0,2.0,1
JeanCousin,France,47.0,2.0,1
JeanDaret,Belgique,50.641111111,4.668055555,1
JeanGoujon,France,47.0,2.0,1
JeanLemaire,France,47.0,2.0,1
JeanNocret,France,47.0,2.0,1
JosephVarin,France,47.0,2.0,1
JusepeDeRibera,Espagne,40.2,-3.5,1
KarelDujardin,Pays-Bas,52.316666666,5.55,1
LaurentDeLaHyre,France,47.0,2.0,1
LaviniaFontana,Émilie-Romagne,44.75,11.0,1
LeonBattistaAlberti,Ligurie,44.45,8.766666666,1
LeonardoDaVinci,Toscane,43.45,11.2,3
LeoneLeoni,Toscane,43.45,11.2,1
LucaCambiaso,Ligurie,44.45,8.766666666,1
LucasVanLeyden,Pays-Bas,52.316666666,5.55,1
LudovicoAriosto,Émilie-Romagne,44.75,11.0,1
MarcantonioRaimondi,Émilie-Romagne,44.75,11.0,1
MartinFreminet,France,47.0,2.0,1
MatthausGreuter,France,47.0,2.0,1
MaturinoFiorentino,Toscane,43.45,11.2,1
MichelAnge,Toscane,43.45,11.2,4
MichelDorigny,France,47.0,2.0,1
NiccoloCircignani,Toscane,43.45,11.2,1
NiccoloTornioli,Toscane,43.45,11.2,1
NicolasBachelier,France,47.0,2.0,1
NicolasChaperon,France,47.0,2.0,1
NicolasLoir,France,47.0,2.0,1
NicolasPoussin,France,47.0,2.0,2
OrazioDeFerrari,Ligurie,44.45,8.766666666,1
PaoloVeronese,Vénétie,45.733333333,11.85,1
PaulBril,Pays-Bas,52.316666666,5.55,1
PaulFreartDeChantelou,France,47.0,2.0,1
PeterPaulRubens,Allemagne,51.0,10.0,1
Petrarque,Toscane,43.45,11.2,1
PhilippeDeChampaigne,Belgique,50.641111111,4.668055555,1
PierreAffre,France,47.0,2.0,1
PierreCorneille,France,47.0,2.0,2
PierreDeCortone,Toscane,43.45,11.2,1
PieterVanMol,Belgique,50.641111111,4.668055555,1
PietroAretino,Toscane,43.45,11.2,1
PietroBembo,Vénétie,45.733333333,11.85,1
PietroTesta,Toscane,43.45,11.2,1
PietroTorrigiano,Toscane,43.45,11.2,1
PolidoroDaCaravaggio,Lombardie,45.65,9.95,1
Raphael,Marches,43.316666666,13.0,4
RaymondLafage,France,47.0,2.0,1
RemyVuibert,France,47.0,2.0,1
RobertNanteuil,France,47.0,2.0,1
RolandFreartDeChambray,France,47.0,2.0,1
RossoFiorentino,Toscane,43.45,11.2,1
SebastianoDelPiombo,Vénétie,45.733333333,11.85,1
SebastianoSerlio,Émilie-Romagne,44.75,11.0,1
SebastienBourdon,France,47.0,2.0,2
SimonVouet,France,47.0,2.0,1
SofonisbaAnguissola,Lombardie,45.65,9.95,1
StefanoDellaBella,Toscane,43.45,11.2,1
TaddeoZuccaro,Marches,43.316666666,13.0,1
Titien,Vénétie,45.733333333,11.85,2
Valentin,France,47.0,2.0,1
VanDyck,Belgique,50.641111111,4.668055555,1
AlbrechtDurer,Allemagne,51.0,10.0,2
AlessandroAlgardi,Émilie-Romagne,44.75,11.0,84
AlviseCornaro,Vénétie,45.733333333,11.85,2
AndreaDelSarto,Toscane,43.45,11.2,2
AndreaSacchi,Latium,41.9,12.716666666,20
Baroccio,Marches,43.316666666,13.0,1
BartholomaeusSpranger,Belgique,50.641111111,4.668055555,1
BenedettoVarchi,Toscane,43.45,11.2,1
Caravage,Lombardie,45.65,9.95,24
Carrache,Émilie-Romagne,44.75,11.0,9
Correge,Émilie-Romagne,44.75,11.0,9
Dante,Toscane,43.45,11.2,2
DenysCalvaert,Belgique,50.641111111,4.668055555,9
DomenicoFontana,Suisse,46.798562,8.231973,2
Dominiquin,Émilie-Romagne,44.75,11.0,112
FrancescoSalviati,Toscane,43.45,11.2,1
Gaudenzio,Piémont,45.25,7.916666666,1
GiorgioVasari,Toscane,43.45,11.2,3
GiovanniGiacomoDellaPorta,Lombardie,45.65,9.95,1
Guerchin,Émilie-Romagne,44.75,11.0,9
GuidoReni,Émilie-Romagne,44.75,11.0,120
JosephVarin,France,47.0,2.0,2
LaviniaFontana,Émilie-Romagne,44.75,11.0,1
LeonardoDaVinci,Toscane,43.45,11.2,7
Maggiore,Lombardie,45.65,9.95,14
MichelAnge,Toscane,43.45,11.2,21
NicolasPoussin,France,47.0,2.0,3
NicoloDellAbbate,Émilie-Romagne,44.75,11.0,4
PaoloVeronese,Vénétie,45.733333333,11.85,7
Parmigianino,Émilie-Romagne,44.75,11.0,1
Perugin,Ombrie,42.983333333,12.566666666,1
PierFrancescoMola,Suisse,46.798562,8.231973,2
PierreDeCortone,Toscane,43.45,11.2,35
Raphael,Marches,43.316666666,13.0,3
Titien,Vénétie,45.733333333,11.85,14
VitaleDaBologna,Émilie-Romagne,44.75,11.0,3
AbrahamBloemaert,Pays-Bas,52.316666666,5.55,3
AbrahamJanssens,Belgique,50.641111111,4.668055555,2
AbrahamJanszVanDiepenbeeck,Pays-Bas,52.316666666,5.55,2
AdamElsheimer,Allemagne,51.0,10.0,8
AdamVanNoort,Belgique,50.641111111,4.668055555,4
AdriaenBrouwer,Belgique,50.641111111,4.668055555,1
AdriaenHanneman,Pays-Bas,52.316666666,5.55,2
AgnoloGaddi,Toscane,43.45,11.2,3
Agucchi,Émilie-Romagne,44.75,11.0,2
Albane,Émilie-Romagne,44.75,11.0,10
AlbrechtDurer,Allemagne,51.0,10.0,25
AlbrechtDurerElder,Hongrie,47.0,19.0,1
AlessandroAlgardi,Émilie-Romagne,44.75,11.0,1
AlessandroBonvicino,Lombardie,45.65,9.95,1
AlonsoChacon,Espagne,40.2,-3.5,1
AmalteoPomponio,Vénétie,45.733333333,11.85,1
AmbrogioLorenzetti,Toscane,43.45,11.2,2
AmbroiseDubois,Belgique,50.641111111,4.668055555,1
AndreFelibien,France,47.0,2.0,3
AndreaBoscoli,Toscane,43.45,11.2,1
AndreaDelCastagno,Toscane,43.45,11.2,6
AndreaDelSarto,Toscane,43.45,11.2,11
AndreaFeltrini,Toscane,43.45,11.2,2
AndreaMantegna,Vénétie,45.733333333,11.85,8
AndreaSacchi,Latium,41.9,12.716666666,2
AndreaVerrocchio,Toscane,43.45,11.2,4
AndriesBoth,Pays-Bas,52.316666666,5.55,3
AngePolitien,Toscane,43.45,11.2,1
AngeloDiLorentino,Toscane,43.45,11.2,2
AnthonieVanMontfoortBlocklandt,Pays-Bas,52.316666666,5.55,1
AnthonisMorVanDashorst,Pays-Bas,52.316666666,5.55,4
AntonelloDeMessine,Sicile,37.599958333,14.015377777,4
AntonioBadile,Vénétie,45.733333333,11.85,1
AntonioCarracci,Vénétie,45.733333333,11.85,4
AntonioDaTrento,Trentin-Haut-Adige,46.383333333,11.416666666,1
AntonioVeneziano,Vénétie,45.733333333,11.85,1
AubinVouet,France,47.0,2.0,1
BaccioBandinelli,Toscane,43.45,11.2,7
BaldassareCastiglione,Lombardie,45.65,9.95,1
BaldassarrePeruzzi,Toscane,43.45,11.2,4
BalthazarGerbier,Pays-Bas,52.316666666,5.55,1
BarnaDaSiena,Toscane,43.45,11.2,1
Baroccio,Marches,43.316666666,13.0,2
BartholomaeusSpranger,Belgique,50.641111111,4.668055555,10
BartolomeoManfredi,Lombardie,45.65,9.95,3
BartolommeoRamenghi,Émilie-Romagne,44.75,11.0,1
BattistaDossi,Lombardie,45.65,9.95,1
BenedettoCaliari,Vénétie,45.733333333,11.85,3
BenedettoGhirlandaio,Toscane,43.45,11.2,1
BernaertVanOrley,Belgique,50.641111111,4.668055555,4
BernardinoLicinio,Vénétie,45.733333333,11.85,1
BonifacioVeronese,Vénétie,45.733333333,11.85,1
Bramante,Marches,43.316666666,13.0,5
BuonamicoBuffalmacco,Toscane,43.45,11.2,4
Caravage,Lombardie,45.65,9.95,18
CarelVanMander,Belgique,50.641111111,4.668055555,6
CarloCaliari,Vénétie,45.733333333,11.85,2
CarloDati,Toscane,43.45,11.2,1
CarloRidolfi,Vénétie,45.733333333,11.85,3
Carrache,Émilie-Romagne,44.75,11.0,121
CasparNetscher,Allemagne,51.0,10.0,10
CharlesBeaubrun,France,47.0,2.0,1
CharlesDorigny,France,47.0,2.0,1
CharlesLeBrun,France,47.0,2.0,22
CharlesPoerson,France,47.0,2.0,1
ChristophAmberger,Allemagne,51.0,10.0,1
ChristophSchwarz,Allemagne,51.0,10.0,1
Cimabue,Toscane,43.45,11.2,4
ClaudeLorrain,France,47.0,2.0,5
ClaudeVignon,France,47.0,2.0,1
CorneilleSchut,Belgique,50.641111111,4.668055555,1
CornelisCort,Pays-Bas,52.316666666,5.55,4
CornelisIIBloemaert,Pays-Bas,52.316666666,5.55,1
CornelisVanHaarlem,Pays-Bas,52.316666666,5.55,2
CornelisVanHeem,Pays-Bas,52.316666666,5.55,1
CornelisVanPoelenburgh,Pays-Bas,52.316666666,5.55,2
Correge,Émilie-Romagne,44.75,11.0,24
CosimoRosselli,Toscane,43.45,11.2,1
DanielSeghers,Belgique,50.641111111,4.668055555,1
DanieleDaVolterra,Toscane,43.45,11.2,3
Dante,Toscane,43.45,11.2,1
DavidITeniers,Belgique,50.641111111,4.668055555,2
DavidTeniers,Belgique,50.641111111,4.668055555,4
DavideGhirlandaio,Toscane,43.45,11.2,1
DenysCalvaert,Belgique,50.641111111,4.668055555,2
DirckBarendsz,Pays-Bas,52.316666666,5.55,3
DomenicoBeccafumi,Toscane,43.45,11.2,5
DomenicoGhirlandaio,Toscane,43.45,11.2,3
DomenicoTibaldi,Émilie-Romagne,44.75,11.0,1
DomenicoVeneziano,Vénétie,45.733333333,11.85,7
DominiqueLampsonius,Belgique,50.641111111,4.668055555,2
Dominiquin,Émilie-Romagne,44.75,11.0,20
DossoDossi,Émilie-Romagne,44.75,11.0,2
Duccio,Toscane,43.45,11.2,2
ErasmusIIQuellinus,Belgique,50.641111111,4.668055555,2
EtienneDuperac,France,47.0,2.0,1
EustacheLeSueur,France,47.0,2.0,2
FedericoZuccaro,Marches,43.316666666,13.0,8
FerdinandElle,Belgique,50.641111111,4.668055555,2
FilippinoLippi,Toscane,43.45,11.2,3
FraAngelico,Toscane,43.45,11.2,3
FraFilippoLippi,Toscane,43.45,11.2,8
FrancescoBassano,Vénétie,45.733333333,11.85,3
FrancescoBassanoIlVecchio,Vénétie,45.733333333,11.85,1
FrancescoDaSangallo,Toscane,43.45,11.2,1
FrancescoFrancia,Émilie-Romagne,44.75,11.0,5
FrancescoPrimaticcio,Émilie-Romagne,44.75,11.0,10
FrancescoSalviati,Toscane,43.45,11.2,5
FrancescoSquarcione,Vénétie,45.733333333,11.85,2
FrancescoVanni,Toscane,43.45,11.2,2
FrancescoVecellio,Vénétie,45.733333333,11.85,2
FrancoisDuQuesnoy,Belgique,50.641111111,4.668055555,1
FrancoisPerrier,France,47.0,2.0,4
FrancoisStella,Belgique,50.641111111,4.668055555,1
FrancoisTortebat,France,47.0,2.0,1
FransFlorisI,Belgique,50.641111111,4.668055555,1
FransPourbusI,Belgique,50.641111111,4.668055555,3
FransVanMieris,Pays-Bas,52.316666666,5.55,2
FriedrichIBrentel,Allemagne,51.0,10.0,3
GabrieleCaliari,Vénétie,45.733333333,11.85,2
GaddoGaddi,Toscane,43.45,11.2,2
GaspardDughet,Latium,41.9,12.716666666,1
GentileBellini,Vénétie,45.733333333,11.85,7
GentileDaFabriano,Marches,43.316666666,13.0,2
GeorgGeldorp,Allemagne,51.0,10.0,1
GeorgesLallemand,France,47.0,2.0,1
GerardSeghers,Belgique,50.641111111,4.668055555,2
GerardTerborch,Pays-Bas,52.316666666,5.55,1
GerolamoBassano,Vénétie,45.733333333,11.85,2
GerritDou,Pays-Bas,52.316666666,5.55,5
GerritVanHonthorst,Pays-Bas,52.316666666,5.55,6
GherardoStarnina,Toscane,43.45,11.2,1
GiacomoCavedone,Émilie-Romagne,44.75,11.0,1
Giambologna,France,47.0,2.0,1
GijsbertVanVeen,Pays-Bas,52.316666666,5.55,1
GiorgioVasari,Toscane,43.45,11.2,24
Giorgione,Vénétie,45.733333333,11.85,31
Giotto,Toscane,43.45,11.2,14
GiovanniBaglione,Latium,41.9,12.716666666,1
GiovanniBattistaBassano,Vénétie,45.733333333,11.85,2
GiovanniBattistaMoroni,Lombardie,45.65,9.95,1
GiovanniBattistaRamenghi,Émilie-Romagne,44.75,11.0,1
GiovanniBellini,Vénétie,45.733333333,11.85,17
GiovanniBenedettoCastiglione,Ligurie,44.45,8.766666666,1
GiovanniDaUdine,Frioul-Vénétie Julienne,46.1,13.116666666,10
GiovanniDalPonte,Toscane,43.45,11.2,1
GiovanniFrancescoPenni,Toscane,43.45,11.2,9
GiovanniFrancescoRustici,Toscane,43.45,11.2,2
GiovanniLanfranco,Émilie-Romagne,44.75,11.0,15
GiovanniPietroBellori,Latium,41.9,12.716666666,2
GirardDesargues,France,47.0,2.0,1
GirolamoGenga,Marches,43.316666666,13.0,2
GirolamoMuziano,Lombardie,45.65,9.95,4
GiulianoBugiardini,Toscane,43.45,11.2,1
GiulianoDaSangallo,Toscane,43.45,11.2,1
GiulioLicinio,Vénétie,45.733333333,11.85,5
GiulioRomano,Latium,41.9,12.716666666,35
GiuseppeCesari,Latium,41.9,12.716666666,11
Guerchin,Émilie-Romagne,44.75,11.0,8
GuidoReni,Émilie-Romagne,44.75,11.0,22
GuillaumeDumee,France,47.0,2.0,1
GuillaumeMarcillat,France,47.0,2.0,1
HansBol,Belgique,50.641111111,4.668055555,2
HansHolbeinDeElder,Allemagne,51.0,10.0,1
HansHolbeinDeJonge,Allemagne,51.0,10.0,12
HansIRottenhammer,Allemagne,51.0,10.0,2
HansSadeler,Belgique,50.641111111,4.668055555,2
HansVonAachen,Allemagne,51.0,10.0,3
HeinrichAldegrever,Allemagne,51.0,10.0,1
HendrickGoltzius,Allemagne,51.0,10.0,5
HendrickGoudt,Pays-Bas,52.316666666,5.55,3
HendrickIVanSteenwijck,Pays-Bas,52.316666666,5.55,1
HendrickVerschuring,Pays-Bas,52.316666666,5.55,3
HenriBeaubrun,France,47.0,2.0,1
HenriLerambert,France,47.0,2.0,1
HermanVanSwanevelt,Pays-Bas,52.316666666,5.55,1
HieronymusCock,Belgique,50.641111111,4.668055555,1
HubertVanEyck,Belgique,50.641111111,4.668055555,3
HubertusGoltzius,Pays-Bas,52.316666666,5.55,2
InnocenzoTacconni,Émilie-Romagne,44.75,11.0,1
IsaacClaeszSwanenburgh,Pays-Bas,52.316666666,5.55,1
IsaacMajor,Allemagne,51.0,10.0,3
JacobBunel,France,47.0,2.0,2
JacobHoefnagel,Belgique,50.641111111,4.668055555,1
JacobISavery,Belgique,50.641111111,4.668055555,1
JacobJordaens,Belgique,50.641111111,4.668055555,3
JacobMatham,Pays-Bas,52.316666666,5.55,1
JacopoBarozziDaVignola,Émilie-Romagne,44.75,11.0,1
JacopoBassano,Vénétie,45.733333333,11.85,11
JacopoBellini,Vénétie,45.733333333,11.85,5
JacopoDiCasentino,Toscane,43.45,11.2,1
JacopoPalmaIlGiovane,Vénétie,45.733333333,11.85,1
JacopoPalmaIlVecchio,Lombardie,45.65,9.95,4
JacopoTintoretto,Vénétie,45.733333333,11.85,26
JacquesBellange,France,47.0,2.0,1
JacquesBlanchard,France,47.0,2.0,4
JacquesCallot,France,47.0,2.0,1
JacquesFouquieres,Belgique,50.641111111,4.668055555,2
JacquesStella,France,47.0,2.0,9
JanBoth,Pays-Bas,52.316666666,5.55,3
JanBrueghel,Belgique,50.641111111,4.668055555,1
JanCorneliszVermeyen,Pays-Bas,52.316666666,5.55,2
JanGossaert,France,47.0,2.0,7
JanHarmenszMuller,Pays-Bas,52.316666666,5.55,1
JanStevenVanCalcar,Allemagne,51.0,10.0,3
JanVanDenHoecke,Belgique,50.641111111,4.668055555,3
JanVanDerStraet,Belgique,50.641111111,4.668055555,1
JanVanScorel,Pays-Bas,52.316666666,5.55,3
JeanBaptisteDeChampaigne,Belgique,50.641111111,4.668055555,1
JeanCousin,France,47.0,2.0,6
JeanICotelle,France,47.0,2.0,1
JeromeBaullery,France,47.0,2.0,1
JoachimVonSandrart,Allemagne,51.0,10.0,23
JohannWilhelmBaur,France,47.0,2.0,5
JohannesTorrentius,Pays-Bas,52.316666666,5.55,1
JoosIIDeMomper,Belgique,50.641111111,4.668055555,1
JosephHeintz,Suisse,46.798562,8.231973,1
JosephVarin,France,47.0,2.0,1
JusepeDeRibera,Espagne,40.2,-3.5,3
JustusVanEgmont,Pays-Bas,52.316666666,5.55,2
KarelVanManderII,Belgique,50.641111111,4.668055555,1
LambertLombard,Belgique,50.641111111,4.668055555,8
LambertSustris,Pays-Bas,52.316666666,5.55,1
LambertVanNoort,Pays-Bas,52.316666666,5.55,1
LaurentDeLaHyre,France,47.0,2.0,1
LeandroBassano,Vénétie,45.733333333,11.85,3
LeonBattistaAlberti,Ligurie,44.45,8.766666666,1
LeonardoDaVinci,Toscane,43.45,11.2,30
LippoAndrea,Toscane,43.45,11.2,1
LippoMemmi,Toscane,43.45,11.2,1
Lorenzetto,Toscane,43.45,11.2,1
LorenzoCosta,Émilie-Romagne,44.75,11.0,1
LorenzoDiBicci,Toscane,43.45,11.2,1
LorenzoLuzzo,Vénétie,45.733333333,11.85,2
LouisBeaubrun,France,47.0,2.0,1
LucaPenni,Toscane,43.45,11.2,1
LucaSignorelli,Toscane,43.45,11.2,4
LucasCornelisz,Pays-Bas,52.316666666,5.55,1
LucasGassel,Pays-Bas,52.316666666,5.55,1
LucasVanLeyden,Pays-Bas,52.316666666,5.55,6
LucasVorsterman,Pays-Bas,52.316666666,5.55,1
MaertenDeVos,Belgique,50.641111111,4.668055555,3
MaertenVanHeemskerck,Pays-Bas,52.316666666,5.55,3
MarcantonioRaimondi,Émilie-Romagne,44.75,11.0,8
MargaritoArezzo,Toscane,43.45,11.2,2
MariettaTintoretto,Vénétie,45.733333333,11.85,1
MariottoAlbertinelli,Toscane,43.45,11.2,1
MartinFreminet,France,47.0,2.0,2
Masaccio,Toscane,43.45,11.2,3
MasoFiniguerra,Toscane,43.45,11.2,1
MassimoStanzione,Campanie,40.910555555,14.920555555,1
Mastelletta,Émilie-Romagne,44.75,11.0,1
MatthiasGrunewald,Allemagne,51.0,10.0,1
MatthijsBril,Belgique,50.641111111,4.668055555,4
MaturinoFiorentino,Toscane,43.45,11.2,4
MelchiorIKusel,Allemagne,51.0,10.0,1
MichaelWolgemut,Allemagne,51.0,10.0,1
MichelAnge,Toscane,43.45,11.2,71
MichelCorneille,France,47.0,2.0,1
MichelDorigny,France,47.0,2.0,3
MichelICoxie,Belgique,50.641111111,4.668055555,2
MichielJanszVanMiereveld,Pays-Bas,52.316666666,5.55,1
NicholasMignard,France,47.0,2.0,4
NicolasBollery,France,47.0,2.0,1
NicolasChaperon,France,47.0,2.0,1
NicolasLanglois,France,47.0,2.0,1
NicolasLoir,France,47.0,2.0,1
NicolasPoussin,France,47.0,2.0,32
NicoloDellAbbate,Émilie-Romagne,44.75,11.0,2
OrazioVecellio,Vénétie,45.733333333,11.85,2
Orcagna,Toscane,43.45,11.2,1
OttoVanVeen,Pays-Bas,52.316666666,5.55,8
PaoloUccello,Toscane,43.45,11.2,2
PaoloVeronese,Vénétie,45.733333333,11.85,28
Parmigianino,Émilie-Romagne,44.75,11.0,14
PaulBril,Pays-Bas,52.316666666,5.55,3
PaulusPontius,Belgique,50.641111111,4.668055555,1
PellegrinoAretusi,Émilie-Romagne,44.75,11.0,2
PellegrinoTibaldi,Lombardie,45.65,9.95,7
Perugin,Ombrie,42.983333333,12.566666666,16
PeterCandid,Belgique,50.641111111,4.668055555,1
PeterPaulRubens,Allemagne,51.0,10.0,74
Petrarque,Toscane,43.45,11.2,1
PhilippUffenbach,Allemagne,51.0,10.0,1
PhilippeDeChampaigne,Belgique,50.641111111,4.668055555,13
PierFrancescoMola,Suisse,46.798562,8.231973,1
PieroDellaFrancesca,Toscane,43.45,11.2,3
PieroDiCosimo,Toscane,43.45,11.2,4
PierreBoucle,Belgique,50.641111111,4.668055555,1
PierreCorneille,France,47.0,2.0,2
PierreDeCortone,Toscane,43.45,11.2,3
PierreMignard,France,47.0,2.0,4
PieterBrueghelDeOude,Pays-Bas,52.316666666,5.55,1
PieterClaeszSoutman,Pays-Bas,52.316666666,5.55,1
PieterCoeckeVanAelst,Belgique,50.641111111,4.668055555,2
PieterLastman,Pays-Bas,52.316666666,5.55,1
PieterPourbus,Pays-Bas,52.316666666,5.55,1
PieterVanLaer,Pays-Bas,52.316666666,5.55,6
PieterVanMol,Belgique,50.641111111,4.668055555,1
PieterVanVeen,Pays-Bas,52.316666666,5.55,1
PieterVlerick,Belgique,50.641111111,4.668055555,1
PietroAretino,Toscane,43.45,11.2,1
PietroBembo,Vénétie,45.733333333,11.85,1
PietroBuonaccorsi,Toscane,43.45,11.2,14
PietroCavallini,Latium,41.9,12.716666666,2
PietroLorenzetti,Toscane,43.45,11.2,2
PietroTesta,Toscane,43.45,11.2,1
PietroTorrigiano,Toscane,43.45,11.2,1
Pinturicchio,Ombrie,42.983333333,12.566666666,5
Pisanello,Toscane,43.45,11.2,1
PolidoroDaCaravaggio,Lombardie,45.65,9.95,18
PompeoLeoni,Lombardie,45.65,9.95,1
Pontormo,Toscane,43.45,11.2,3
Pordenone,Frioul-Vénétie Julienne,46.1,13.116666666,7
ProsperoFontana,Émilie-Romagne,44.75,11.0,2
QuintenMetsys,Belgique,50.641111111,4.668055555,1
RaffaelleSoprani,Ligurie,44.45,8.766666666,1
Raphael,Marches,43.316666666,13.0,158
Rembrandt,Pays-Bas,52.316666666,5.55,11
RemeeVanLeemput,Belgique,50.641111111,4.668055555,1
RidolfoDelGhirlandaio,Toscane,43.45,11.2,1
RinaldoMantovano,Lombardie,45.65,9.95,1
RoelandtSavery,Belgique,50.641111111,4.668055555,3
Romanino,Lombardie,45.65,9.95,1
RossoFiorentino,Toscane,43.45,11.2,7
SandroBotticelli,Toscane,43.45,11.2,3
SchelteBolswert,Pays-Bas,52.316666666,5.55,1
SebastianoDelPiombo,Vénétie,45.733333333,11.85,8
SebastianoSerlio,Émilie-Romagne,44.75,11.0,2
SebastienBourdon,France,47.0,2.0,1
SimonFrancois,France,47.0,2.0,1
SimonVouet,France,47.0,2.0,17
SistoBadalocchio,Émilie-Romagne,44.75,11.0,2
SpinelloAretino,Toscane,43.45,11.2,1
StefanoFiorentino,Toscane,43.45,11.2,4
TaddeoDiBartolo,Toscane,43.45,11.2,1
TaddeoGaddi,Toscane,43.45,11.2,1
TaddeoZuccaro,Marches,43.316666666,13.0,5
TheodorVanThulden,Pays-Bas,52.316666666,5.55,1
TimoteoViti,Marches,43.316666666,13.0,1
Titien,Vénétie,45.733333333,11.85,93
TobiasStimmer,Suisse,46.798562,8.231973,3
ToussaintDubreuil,France,47.0,2.0,2
UgoDaCarpi,Émilie-Romagne,44.75,11.0,1
Valentin,France,47.0,2.0,3
VanDyck,Belgique,50.641111111,4.668055555,18
VanEyck,Belgique,50.641111111,4.668055555,9
WillemJacobszDelff,Pays-Bas,52.316666666,5.55,1
WillemKey,Pays-Bas,52.316666666,5.55,2
AbrahamJanszVanDiepenbeeck,Pays-Bas,52.316666666,5.55,1
AdamVanNoort,Belgique,50.641111111,4.668055555,1
Albane,Émilie-Romagne,44.75,11.0,2
AndreFelibien,France,47.0,2.0,1
Bramante,Marches,43.316666666,13.0,3
Caravage,Lombardie,45.65,9.95,1
Cimabue,Toscane,43.45,11.2,1
DomenicoGhirlandaio,Toscane,43.45,11.2,1
Dominiquin,Émilie-Romagne,44.75,11.0,1
ErasmusIIQuellinus,Belgique,50.641111111,4.668055555,1
FransSnyders,Belgique,50.641111111,4.668055555,1
GiorgioVasari,Toscane,43.45,11.2,4
GiulioRomano,Latium,41.9,12.716666666,3
Guerchin,Émilie-Romagne,44.75,11.0,2
GuidoReni,Émilie-Romagne,44.75,11.0,1
JacopoTintoretto,Vénétie,45.733333333,11.85,5
JanBrueghel,Belgique,50.641111111,4.668055555,4
JanVanDenHoecke,Belgique,50.641111111,4.668055555,1
JustusVanEgmont,Pays-Bas,52.316666666,5.55,1
LucasVorsterman,Pays-Bas,52.316666666,5.55,1
MichelAnge,Toscane,43.45,11.2,18
NicolasLanglois,France,47.0,2.0,2
NicolasPoussin,France,47.0,2.0,6
OttoVanVeen,Pays-Bas,52.316666666,5.55,1
PaoloVeronese,Vénétie,45.733333333,11.85,10
PaulusPontius,Belgique,50.641111111,4.668055555,1
Perugin,Ombrie,42.983333333,12.566666666,2
PeterPaulRubens,Allemagne,51.0,10.0,105
PieterDeJodeI,Belgique,50.641111111,4.668055555,1
PietroAretino,Toscane,43.45,11.2,1
Raphael,Marches,43.316666666,13.0,19
Rembrandt,Pays-Bas,52.316666666,5.55,1
RogerDePiles,France,47.0,2.0,2
SalvatorRosa,Campanie,40.910555555,14.920555555,1
SchelteBolswert,Pays-Bas,52.316666666,5.55,1
TheodorVanThulden,Pays-Bas,52.316666666,5.55,1
Titien,Vénétie,45.733333333,11.85,15
Valentin,France,47.0,2.0,1
VanDyck,Belgique,50.641111111,4.668055555,3
AgostinoVeneziano,Vénétie,45.733333333,11.85,1
Bernin,Campanie,40.910555555,14.920555555,1
Bramante,Marches,43.316666666,13.0,1
Caravage,Lombardie,45.65,9.95,1
CarloRidolfi,Vénétie,45.733333333,11.85,2
Carrache,Émilie-Romagne,44.75,11.0,9
CesareRipa,Ombrie,42.983333333,12.566666666,1
CharlesLeBrun,France,47.0,2.0,3
ClaudeLorrain,France,47.0,2.0,2
CornelisCort,Pays-Bas,52.316666666,5.55,1
Correge,Émilie-Romagne,44.75,11.0,4
Dominiquin,Émilie-Romagne,44.75,11.0,1
FrancoisTortebat,France,47.0,2.0,2
GaetanoZumbo,Sicile,37.599958333,14.015377777,2
GiorgioVasari,Toscane,43.45,11.2,5
Giorgione,Vénétie,45.733333333,11.85,2
GiulioRomano,Latium,41.9,12.716666666,3
GuidoReni,Émilie-Romagne,44.75,11.0,1
JacopoPalmaIlVecchio,Lombardie,45.65,9.95,1
JacopoTintoretto,Vénétie,45.733333333,11.85,1
JacquesFouquieres,Belgique,50.641111111,4.668055555,1
LeonardoDaVinci,Toscane,43.45,11.2,3
LucaCambiaso,Ligurie,44.45,8.766666666,1
MichelAnge,Toscane,43.45,11.2,9
NicolasPoussin,France,47.0,2.0,6
PaoloVeronese,Vénétie,45.733333333,11.85,5
PaulBril,Pays-Bas,52.316666666,5.55,2
PeterPaulRubens,Allemagne,51.0,10.0,21
PhilippeThomassin,France,47.0,2.0,1
PierreCorneille,France,47.0,2.0,1
PieterBrueghelDeOude,Pays-Bas,52.316666666,5.55,2
PolidoroDaCaravaggio,Lombardie,45.65,9.95,2
Pordenone,Frioul-Vénétie Julienne,46.1,13.116666666,1
Raphael,Marches,43.316666666,13.0,53
Rembrandt,Pays-Bas,52.316666666,5.55,3
RoelandtSavery,Belgique,50.641111111,4.668055555,1
RogerDePiles,France,47.0,2.0,2
SebastienBourdon,France,47.0,2.0,4
Titien,Vénétie,45.733333333,11.85,38
VanDyck,Belgique,50.641111111,4.668055555,14
AbrahamBloemaert,Pays-Bas,52.316666666,5.55,2
AndreFelibien,France,47.0,2.0,1
Giorgione,Vénétie,45.733333333,11.85,1
HendrickGoltzius,Allemagne,51.0,10.0,2
MichelNatalis,Belgique,50.641111111,4.668055555,2
NicolasPoussin,France,47.0,2.0,4
OttoVanVeen,Pays-Bas,52.316666666,5.55,3
PeterPaulRubens,Allemagne,51.0,10.0,16
PietroTesta,Toscane,43.45,11.2,1
PolidoroDaCaravaggio,Lombardie,45.65,9.95,1
Raphael,Marches,43.316666666,13.0,7
Titien,Vénétie,45.733333333,11.85,21
VanDyck,Belgique,50.641111111,4.668055555,3
AlbrechtDurer,Allemagne,51.0,10.0,3
AndreaMantegna,Vénétie,45.733333333,11.85,1
Giotto,Toscane,43.45,11.2,1
LeonardoDaVinci,Toscane,43.45,11.2,1
MichelAnge,Toscane,43.45,11.2,1
PaoloPino,Vénétie,45.733333333,11.85,2
PietroBuonaccorsi,Toscane,43.45,11.2,1
Titien,Vénétie,45.733333333,11.85,8
AndreaDelSarto,Toscane,43.45,11.2,1
BenvenutoCellini,Toscane,43.45,11.2,1
Cimabue,Toscane,43.45,11.2,1
Dante,Toscane,43.45,11.2,15
Donatello,Toscane,43.45,11.2,1
GiorgioVasari,Toscane,43.45,11.2,3
Giotto,Toscane,43.45,11.2,2
GuidoReni,Émilie-Romagne,44.75,11.0,1
MarcantonioRaimondi,Émilie-Romagne,44.75,11.0,1
MichelAnge,Toscane,43.45,11.2,24
Titien,Vénétie,45.733333333,11.85,1
AgnoloGaddi,Toscane,43.45,11.2,1
AlbertiDurante,Toscane,43.45,11.2,3
AlbrechtDurer,Allemagne,51.0,10.0,3
AlessandroBonvicino,Lombardie,45.65,9.95,1
AmbrogioLorenzetti,Toscane,43.45,11.2,1
AndreaDelSarto,Toscane,43.45,11.2,8
AndreaMantegna,Vénétie,45.733333333,11.85,9
AndreaPisano,Toscane,43.45,11.2,9
AndreaVerrocchio,Toscane,43.45,11.2,4
BaccioBandinelli,Toscane,43.45,11.2,10
BartolomeoBellano,Vénétie,45.733333333,11.85,6
Bramante,Marches,43.316666666,13.0,46
Bramantino,Lombardie,45.65,9.95,3
Brunelleschi,Toscane,43.45,11.2,1
BuonamicoBuffalmacco,Toscane,43.45,11.2,15
Caradosso,Lombardie,45.65,9.95,1
CarloRidolfi,Vénétie,45.733333333,11.85,3
CesareDaSesto,Lombardie,45.65,9.95,1
CesareRipa,Ombrie,42.983333333,12.566666666,5
Cimabue,Toscane,43.45,11.2,35
Correge,Émilie-Romagne,44.75,11.0,4
CosimoBartoli,Toscane,43.45,11.2,2
CosimoRosselli,Toscane,43.45,11.2,5
Dante,Toscane,43.45,11.2,15
DomenicoGhirlandaio,Toscane,43.45,11.2,9
Donatello,Toscane,43.45,11.2,160
Duccio,Toscane,43.45,11.2,3
FrancescoFrancia,Émilie-Romagne,44.75,11.0,1
FrancescoPrimaticcio,Émilie-Romagne,44.75,11.0,1
FrancescoSalviati,Toscane,43.45,11.2,1
Franciabigio,Toscane,43.45,11.2,6
GaddoGaddi,Toscane,43.45,11.2,3
Gaudenzio,Piémont,45.25,7.916666666,1
GherardoStarnina,Toscane,43.45,11.2,2
GiorgioVasari,Toscane,43.45,11.2,12
Giorgione,Vénétie,45.733333333,11.85,14
Giotto,Toscane,43.45,11.2,116
GiovanniBaglione,Latium,41.9,12.716666666,3
GiovanniFrancescoPenni,Toscane,43.45,11.2,8
GiovanniJacopoCaraglio,Vénétie,45.733333333,11.85,1
GirolamoGenga,Marches,43.316666666,13.0,3
GiulioRomano,Latium,41.9,12.716666666,18
GuidoReni,Émilie-Romagne,44.75,11.0,7
HennequinDeBruges,Belgique,50.641111111,4.668055555,4
LeonardoDaVinci,Toscane,43.45,11.2,85
LippoMemmi,Toscane,43.45,11.2,8
Lorenzetto,Toscane,43.45,11.2,1
LucaSignorelli,Toscane,43.45,11.2,3
Maggiore,Lombardie,45.65,9.95,20
MarcantonioRaimondi,Émilie-Romagne,44.75,11.0,1
MarcoDOggiono,Lombardie,45.65,9.95,1
MarcoPino,Toscane,43.45,11.2,1
MargaritoArezzo,Toscane,43.45,11.2,1
MariottoAlbertinelli,Toscane,43.45,11.2,6
Masaccio,Toscane,43.45,11.2,30
MasoFiniguerra,Toscane,43.45,11.2,2
MaturinoFiorentino,Toscane,43.45,11.2,13
MichelAnge,Toscane,43.45,11.2,52
MinoDaFiesole,Toscane,43.45,11.2,17
NiccoloTribolo,Toscane,43.45,11.2,2
NicoloDellAbbate,Émilie-Romagne,44.75,11.0,1
PaoloRomano,Latium,41.9,12.716666666,1
PaoloUccello,Toscane,43.45,11.2,1
Parmigianino,Émilie-Romagne,44.75,11.0,2
Perugin,Ombrie,42.983333333,12.566666666,11
PieroDellaFrancesca,Toscane,43.45,11.2,2
PierreDeCortone,Toscane,43.45,11.2,7
PietroBembo,Vénétie,45.733333333,11.85,1
PietroBuonaccorsi,Toscane,43.45,11.2,26
PietroCavallini,Latium,41.9,12.716666666,3
PietroLorenzetti,Toscane,43.45,11.2,2
PietroTorrigiano,Toscane,43.45,11.2,5
Pisanello,Toscane,43.45,11.2,3
PolidoroDaCaravaggio,Lombardie,45.65,9.95,2
Pordenone,Frioul-Vénétie Julienne,46.1,13.116666666,6
ProsperoFontana,Émilie-Romagne,44.75,11.0,1
Raphael,Marches,43.316666666,13.0,224
RinaldoMantovano,Lombardie,45.65,9.95,2
RossoFiorentino,Toscane,43.45,11.2,36
SandroBotticelli,Toscane,43.45,11.2,5
SebastianoSerlio,Émilie-Romagne,44.75,11.0,1
SpinelloAretino,Toscane,43.45,11.2,16
Titien,Vénétie,45.733333333,11.85,16
VitaleDaBologna,Émilie-Romagne,44.75,11.0,2
AgnoloDiVentura,Toscane,43.45,11.2,1
AgnoloGaddi,Toscane,43.45,11.2,1
AgostinoBusti,Lombardie,45.65,9.95,1
AlbertiDurante,Toscane,43.45,11.2,13
AlbrechtDurer,Allemagne,51.0,10.0,15
AlessandroBonvicino,Lombardie,45.65,9.95,3
AlviseCornaro,Vénétie,45.733333333,11.85,17
AmbrogioLorenzetti,Toscane,43.45,11.2,3
AndreaDelSarto,Toscane,43.45,11.2,52
AndreaMantegna,Vénétie,45.733333333,11.85,18
AndreaPalladio,Vénétie,45.733333333,11.85,11
AndreaPisano,Toscane,43.45,11.2,12
AndreaSacchi,Latium,41.9,12.716666666,3
AndreaVerrocchio,Toscane,43.45,11.2,6
BaccioBandinelli,Toscane,43.45,11.2,35
BaldassarrePeruzzi,Toscane,43.45,11.2,5
Baroccio,Marches,43.316666666,13.0,4
BartolomeoBellano,Vénétie,45.733333333,11.85,14
BenedettoVarchi,Toscane,43.45,11.2,14
BenvenutoCellini,Toscane,43.45,11.2,8
BernardinoGatti,Lombardie,45.65,9.95,2
Bramante,Marches,43.316666666,13.0,92
Bramantino,Lombardie,45.65,9.95,9
Brunelleschi,Toscane,43.45,11.2,2
BuonamicoBuffalmacco,Toscane,43.45,11.2,93
Caradosso,Lombardie,45.65,9.95,1
Caravage,Lombardie,45.65,9.95,2
CarloRidolfi,Vénétie,45.733333333,11.85,22
CesareDaSesto,Lombardie,45.65,9.95,18
CesareRipa,Ombrie,42.983333333,12.566666666,13
Cimabue,Toscane,43.45,11.2,64
ConsiglioGherardi,Toscane,43.45,11.2,1
Correge,Émilie-Romagne,44.75,11.0,8
CosimoBartoli,Toscane,43.45,11.2,6
CosimoRosselli,Toscane,43.45,11.2,6
DanieleDaVolterra,Toscane,43.45,11.2,6
Dante,Toscane,43.45,11.2,50
DomenicoGhirlandaio,Toscane,43.45,11.2,7
Donatello,Toscane,43.45,11.2,223
Duccio,Toscane,43.45,11.2,10
EneaVico,Émilie-Romagne,44.75,11.0,2
FrancescoFrancia,Émilie-Romagne,44.75,11.0,1
FrancescoPrimaticcio,Émilie-Romagne,44.75,11.0,31
FrancescoSalviati,Toscane,43.45,11.2,19
FrancescoSquarcione,Vénétie,45.733333333,11.85,9
Franciabigio,Toscane,43.45,11.2,11
GaddoGaddi,Toscane,43.45,11.2,6
Gaudenzio,Piémont,45.25,7.916666666,2
GherardoStarnina,Toscane,43.45,11.2,2
GiorgioVasari,Toscane,43.45,11.2,287
Giorgione,Vénétie,45.733333333,11.85,45
Giotto,Toscane,43.45,11.2,238
GiovanFrancescoCaroto,Vénétie,45.733333333,11.85,1
GiovanniBaglione,Latium,41.9,12.716666666,10
GiovanniFrancescoPenni,Toscane,43.45,11.2,10
GiovanniFrancescoRustici,Toscane,43.45,11.2,15
GiovanniJacopoCaraglio,Vénétie,45.733333333,11.85,8
GiovanniSanti,Marches,43.316666666,13.0,3
GirolamoGenga,Marches,43.316666666,13.0,32
GiulioRomano,Latium,41.9,12.716666666,39
GiuseppePorta,Toscane,43.45,11.2,1
Guerchin,Émilie-Romagne,44.75,11.0,2
GuidoReni,Émilie-Romagne,44.75,11.0,29
HennequinDeBruges,Belgique,50.641111111,4.668055555,4
JacopoTintoretto,Vénétie,45.733333333,11.85,7
LeonBattistaAlberti,Ligurie,44.45,8.766666666,2
LeonardoDaVinci,Toscane,43.45,11.2,225
LeoneLeoni,Toscane,43.45,11.2,1
LiberaleDaVerona,Vénétie,45.733333333,11.85,22
LippoMemmi,Toscane,43.45,11.2,20
Lorenzetto,Toscane,43.45,11.2,1
LucaSignorelli,Toscane,43.45,11.2,8
Maggiore,Lombardie,45.65,9.95,61
MarcantonioRaimondi,Émilie-Romagne,44.75,11.0,49
MarcoDOggiono,Lombardie,45.65,9.95,2
MarcoPino,Toscane,43.45,11.2,2
MarcoZoppo,Émilie-Romagne,44.75,11.0,2
MargaritoArezzo,Toscane,43.45,11.2,1
MariottoAlbertinelli,Toscane,43.45,11.2,9
Masaccio,Toscane,43.45,11.2,34
MasoFiniguerra,Toscane,43.45,11.2,3
MaturinoFiorentino,Toscane,43.45,11.2,15
MichelAnge,Toscane,43.45,11.2,882
MinoDaFiesole,Toscane,43.45,11.2,28
NiccoloTribolo,Toscane,43.45,11.2,86
NicoloDellAbbate,Émilie-Romagne,44.75,11.0,8
PaoloRomano,Latium,41.9,12.716666666,1
PaoloVeronese,Vénétie,45.733333333,11.85,9
ParisBordone,Vénétie,45.733333333,11.85,1
Parmigianino,Émilie-Romagne,44.75,11.0,21
Perugin,Ombrie,42.983333333,12.566666666,38
PierreDeCortone,Toscane,43.45,11.2,15
PietroBembo,Vénétie,45.733333333,11.85,1
PietroBuonaccorsi,Toscane,43.45,11.2,43
PietroCavallini,Latium,41.9,12.716666666,4
PietroLorenzetti,Toscane,43.45,11.2,6
PietroTorrigiano,Toscane,43.45,11.2,15
PirroLigorio,Campanie,40.910555555,14.920555555,7
Pisanello,Toscane,43.45,11.2,5
PolidoroDaCaravaggio,Lombardie,45.65,9.95,1
Pordenone,Frioul-Vénétie Julienne,46.1,13.116666666,21
ProsperoFontana,Émilie-Romagne,44.75,11.0,6
Raphael,Marches,43.316666666,13.0,496
RinaldoMantovano,Lombardie,45.65,9.95,3
RossoFiorentino,Toscane,43.45,11.2,101
SandroBotticelli,Toscane,43.45,11.2,8
SebastianoDelPiombo,Vénétie,45.733333333,11.85,1
SebastianoSerlio,Émilie-Romagne,44.75,11.0,5
SilvioCosini,Toscane,43.45,11.2,1
SpinelloAretino,Toscane,43.45,11.2,44
Titien,Vénétie,45.733333333,11.85,141
VitaleDaBologna,Émilie-Romagne,44.75,11.0,6
LeonardoDaVinci,Toscane,43.45,11.2,2
NicolasPoussin,France,47.0,2.0,1
PaulFreartDeChantelou,France,47.0,2.0,1
RolandFreartDeChambray,France,47.0,2.0,1
AbrahamBosse,France,47.0,2.0,1
AlbrechtDurer,Allemagne,51.0,10.0,1
AndreaSalaino,Lombardie,45.65,9.95,1
AndreaVerrocchio,Toscane,43.45,11.2,4
AurelioLuini,Lombardie,45.65,9.95,1
BaccioBandinelli,Toscane,43.45,11.2,1
BartolomeoAmmannati,Toscane,43.45,11.2,1
BenedettoVarchi,Toscane,43.45,11.2,1
BenvenutoCellini,Toscane,43.45,11.2,1
BernardinoCampi,Lombardie,45.65,9.95,1
BernardinoLuini,Lombardie,45.65,9.95,2
CarelVanMander,Belgique,50.641111111,4.668055555,1
CarloRidolfi,Vénétie,45.733333333,11.85,1
Carrache,Émilie-Romagne,44.75,11.0,1
CesareDaSesto,Lombardie,45.65,9.95,2
CharlesErrard,France,47.0,2.0,2
ConradGessner,Suisse,46.798562,8.231973,2
CosimoBartoli,Toscane,43.45,11.2,7
Donatello,Toscane,43.45,11.2,2
FedericoZuccaro,Marches,43.316666666,13.0,2
FrancescoMelzi,Lombardie,45.65,9.95,3
GiorgioVasari,Toscane,43.45,11.2,18
Giotto,Toscane,43.45,11.2,1
GiovanniAmbrogioMazenta,Lombardie,45.65,9.95,3
GiovanniAntonioBoltraffio,Lombardie,45.65,9.95,1
GiovanniBaglione,Latium,41.9,12.716666666,1
GiovanniBattistiArmenini,Émilie-Romagne,44.75,11.0,1
GiovanniPaoloLomazzo,Lombardie,45.65,9.95,11
JeanLemaire,France,47.0,2.0,1
JostAmman,Suisse,46.798562,8.231973,1
LeonBattistaAlberti,Ligurie,44.45,8.766666666,60
LeonardoDaVinci,Toscane,43.45,11.2,43
MarcoDOggiono,Lombardie,45.65,9.95,1
MarioEquicola,Latium,41.9,12.716666666,1
MichelAnge,Toscane,43.45,11.2,8
MichelinoDaBesozzo,Lombardie,45.65,9.95,1
NicolasPoussin,France,47.0,2.0,2
PaulFreartDeChantelou,France,47.0,2.0,2
Perugin,Ombrie,42.983333333,12.566666666,2
PompeoLeoni,Lombardie,45.65,9.95,2
PomponioGaurico,Campanie,40.910555555,14.920555555,1
Raphael,Marches,43.316666666,13.0,2
RolandFreartDeChambray,France,47.0,2.0,1
Titien,Vénétie,45.733333333,11.85,1
FedericoZuccaro,Marches,43.316666666,13.0,1
GiorgioVasari,Toscane,43.45,11.2,2
GiovanniBattistiArmenini,Émilie-Romagne,44.75,11.0,3
AmbrogioFigino,Lombardie,45.65,9.95,1
AndreaDelSarto,Toscane,43.45,11.2,1
AndreaMantegna,Vénétie,45.733333333,11.85,1
BernardinoLuini,Lombardie,45.65,9.95,1
Bramante,Marches,43.316666666,13.0,2
Correge,Émilie-Romagne,44.75,11.0,1
DanieleDaVolterra,Toscane,43.45,11.2,1
FedericoZuccaro,Marches,43.316666666,13.0,7
FrancescoSalviati,Toscane,43.45,11.2,1
FransPourbusI,Belgique,50.641111111,4.668055555,1
Gaudenzio,Piémont,45.25,7.916666666,1
GentileBellini,Vénétie,45.733333333,11.85,1
Giorgione,Vénétie,45.733333333,11.85,1
GiovanniBellini,Vénétie,45.733333333,11.85,2
GirolamoMuziano,Lombardie,45.65,9.95,1
GiuseppePorta,Toscane,43.45,11.2,1
LeonardoDaVinci,Toscane,43.45,11.2,1
MichelAnge,Toscane,43.45,11.2,3
PaoloVeronese,Vénétie,45.733333333,11.85,1
Parmigianino,Émilie-Romagne,44.75,11.0,1
Perugin,Ombrie,42.983333333,12.566666666,1
PierreDeCortone,Toscane,43.45,11.2,1
PietroBembo,Vénétie,45.733333333,11.85,1
PietroBuonaccorsi,Toscane,43.45,11.2,1
PolidoroDaCaravaggio,Lombardie,45.65,9.95,1
Pordenone,Frioul-Vénétie Julienne,46.1,13.116666666,1
Raphael,Marches,43.316666666,13.0,3
Romanino,Lombardie,45.65,9.95,1
SebastianoDelPiombo,Vénétie,45.733333333,11.85,1
TaddeoZuccaro,Marches,43.316666666,13.0,3
Titien,Vénétie,45.733333333,11.85,4
AlbertiDurante,Toscane,43.45,11.2,6
AlessandroMaganza,Vénétie,45.733333333,11.85,1
AndreaDelSarto,Toscane,43.45,11.2,1
AndreaPalladio,Vénétie,45.733333333,11.85,1
AntonioDaFaenza,Émilie-Romagne,44.75,11.0,1
BenedettoVarchi,Toscane,43.45,11.2,1
CesareNebbia,Ombrie,42.983333333,12.566666666,5
CherubinoAlberti,Toscane,43.45,11.2,3
Correge,Émilie-Romagne,44.75,11.0,1
CristoforoRoncalli,Toscane,43.45,11.2,9
DanieleBarbaro,Vénétie,45.733333333,11.85,1
FedericoZuccaro,Marches,43.316666666,13.0,231
FlaminioVacca,Latium,41.9,12.716666666,6
FrancescoCapriani,Toscane,43.45,11.2,4
GiorgioVasari,Toscane,43.45,11.2,2
GiovanniBattistaDeCavalieri,Trentin-Haut-Adige,46.383333333,11.416666666,1
GiovanniBattistiArmenini,Émilie-Romagne,44.75,11.0,1
GiovanniDeVecchi,Toscane,43.45,11.2,3
GiovanniGiacomoDellaPorta,Lombardie,45.65,9.95,11
GiovanniPaoloLomazzo,Lombardie,45.65,9.95,1
GirolamoMassei,Toscane,43.45,11.2,1
GiuseppeCesari,Latium,41.9,12.716666666,7
LeonBattistaAlberti,Ligurie,44.45,8.766666666,1
MichelAnge,Toscane,43.45,11.2,2
NiccoloCircignani,Toscane,43.45,11.2,1
OnorioLonghi,Lombardie,45.65,9.95,3
PaoloGuidotti,Toscane,43.45,11.2,1
PaoloVeronese,Vénétie,45.733333333,11.85,1
Parmigianino,Émilie-Romagne,44.75,11.0,1
PietroBuonaccorsi,Toscane,43.45,11.2,1
PietroFacchetti,Lombardie,45.65,9.95,1
PietroPaoloOlivieri,Latium,41.9,12.716666666,3
Pordenone,Frioul-Vénétie Julienne,46.1,13.116666666,1
Raphael,Marches,43.316666666,13.0,1
TaddeoZuccaro,Marches,43.316666666,13.0,1
Titien,Vénétie,45.733333333,11.85,1
TommasoLaureti,Sicile,37.599958333,14.015377777,15
