document_xml,artist_xml_id,count
Agucchi_TrattatoPittura.xml,Agucchi,2
Agucchi_TrattatoPittura.xml,AlbrechtDurer,1
Agucchi_TrattatoPittura.xml,AlessandroAlgardi,3
Agucchi_TrattatoPittura.xml,AndreaDelSarto,1
Agucchi_TrattatoPittura.xml,BaldassarrePeruzzi,1
Agucchi_TrattatoPittura.xml,Caravage,1
Agucchi_TrattatoPittura.xml,Carrache,96
Agucchi_TrattatoPittura.xml,Correge,6
Agucchi_TrattatoPittura.xml,DomenicoBeccafumi,1
Agucchi_TrattatoPittura.xml,JacopoBassano,1
Agucchi_TrattatoPittura.xml,LeonardoDaVinci,1
Agucchi_TrattatoPittura.xml,MichelAnge,3
Agucchi_TrattatoPittura.xml,Raphael,7
Agucchi_TrattatoPittura.xml,SimonGuillainII,2
Agucchi_TrattatoPittura.xml,Titien,5
Alberti_DellaPittura.xml,FrancescoSalviati,1
Alberti_DellaPittura.xml,Giotto,1
Alberti_DellaPittura.xml,LeonBattistaAlberti,4
Armenini_PrecettiDellaPitturaATIR.xml,AlbrechtDurer,2
Armenini_PrecettiDellaPitturaATIR.xml,AndreaDelSarto,2
Armenini_PrecettiDellaPitturaATIR.xml,BaccioBandinelli,1
Armenini_PrecettiDellaPitturaATIR.xml,BaldassarrePeruzzi,1
Armenini_PrecettiDellaPitturaATIR.xml,BernardinoCampi,2
Armenini_PrecettiDellaPitturaATIR.xml,Cimabue,1
Armenini_PrecettiDellaPitturaATIR.xml,Correge,9
Armenini_PrecettiDellaPitturaATIR.xml,CosimoRosselli,1
Armenini_PrecettiDellaPitturaATIR.xml,DanieleBarbaro,1
Armenini_PrecettiDellaPitturaATIR.xml,DanieleDaVolterra,1
Armenini_PrecettiDellaPitturaATIR.xml,GiorgioVasari,2
Armenini_PrecettiDellaPitturaATIR.xml,Giorgione,3
Armenini_PrecettiDellaPitturaATIR.xml,Giotto,8
Armenini_PrecettiDellaPitturaATIR.xml,GiovanniBattistiArmenini,4
Armenini_PrecettiDellaPitturaATIR.xml,GiulioRomano,20
Armenini_PrecettiDellaPitturaATIR.xml,GuidoReni,1
Armenini_PrecettiDellaPitturaATIR.xml,HennequinDeBruges,1
Armenini_PrecettiDellaPitturaATIR.xml,LeonBattistaAlberti,2
Armenini_PrecettiDellaPitturaATIR.xml,LeonardoDaVinci,16
Armenini_PrecettiDellaPitturaATIR.xml,MartinoBassi,2
Armenini_PrecettiDellaPitturaATIR.xml,MaturinoFiorentino,3
Armenini_PrecettiDellaPitturaATIR.xml,MichelAnge,31
Armenini_PrecettiDellaPitturaATIR.xml,Parmigianino,7
Armenini_PrecettiDellaPitturaATIR.xml,Perugin,6
Armenini_PrecettiDellaPitturaATIR.xml,PietroBuonaccorsi,3
Armenini_PrecettiDellaPitturaATIR.xml,PolidoroDaCaravaggio,2
Armenini_PrecettiDellaPitturaATIR.xml,PomponioVecellio,1
Armenini_PrecettiDellaPitturaATIR.xml,Pordenone,6
Armenini_PrecettiDellaPitturaATIR.xml,Raphael,14
Armenini_PrecettiDellaPitturaATIR.xml,RossoFiorentino,5
Armenini_PrecettiDellaPitturaATIR.xml,SebastianoDelPiombo,1
Armenini_PrecettiDellaPitturaATIR.xml,SebastianoSerlio,2
Armenini_PrecettiDellaPitturaATIR.xml,Titien,6
Baglione_ViteATIR.xml,Agucchi,3
Baglione_ViteATIR.xml,AlbertiDurante,9
Baglione_ViteATIR.xml,AlbrechtDurer,3
Baglione_ViteATIR.xml,AndreaDelSarto,4
Baglione_ViteATIR.xml,AndreaMantegna,1
Baglione_ViteATIR.xml,AndreaPalladio,2
Baglione_ViteATIR.xml,BaccioBandinelli,2
Baglione_ViteATIR.xml,Baroccio,13
Baglione_ViteATIR.xml,Bassano,1
Baglione_ViteATIR.xml,Bramante,5
Baglione_ViteATIR.xml,Caravage,20
Baglione_ViteATIR.xml,Carrache,12
Baglione_ViteATIR.xml,CesareDaSesto,1
Baglione_ViteATIR.xml,CesareNebbia,7
Baglione_ViteATIR.xml,CesareRipa,11
Baglione_ViteATIR.xml,CherubinoAlberti,5
Baglione_ViteATIR.xml,Correge,12
Baglione_ViteATIR.xml,DanieleDaVolterra,4
Baglione_ViteATIR.xml,Dante,1
Baglione_ViteATIR.xml,DomenicoFontana,9
Baglione_ViteATIR.xml,Dominiquin,1
Baglione_ViteATIR.xml,Donatello,3
Baglione_ViteATIR.xml,EneaVico,1
Baglione_ViteATIR.xml,FrancescoCapriani,2
Baglione_ViteATIR.xml,FrancescoPrimaticcio,1
Baglione_ViteATIR.xml,Gaudenzio,2
Baglione_ViteATIR.xml,GiorgioVasari,25
Baglione_ViteATIR.xml,Giorgione,1
Baglione_ViteATIR.xml,Giotto,6
Baglione_ViteATIR.xml,GiovanniBaglione,3
Baglione_ViteATIR.xml,GiovanniFrancescoRustici,1
Baglione_ViteATIR.xml,GiovanniGiacomoDellaPorta,9
Baglione_ViteATIR.xml,GirolamoMuziano,17
Baglione_ViteATIR.xml,GiulioRomano,8
Baglione_ViteATIR.xml,Guerchin,1
Baglione_ViteATIR.xml,GuidoReni,3
Baglione_ViteATIR.xml,JacopoBarozziDaVignola,3
Baglione_ViteATIR.xml,JacopoTintoretto,2
Baglione_ViteATIR.xml,LaviniaFontana,6
Baglione_ViteATIR.xml,LeonardoDaVinci,12
Baglione_ViteATIR.xml,Maggiore,86
Baglione_ViteATIR.xml,MarcantonioRaimondi,1
Baglione_ViteATIR.xml,MarcoPino,4
Baglione_ViteATIR.xml,MichelAnge,83
Baglione_ViteATIR.xml,MinoDaFiesole,1
Baglione_ViteATIR.xml,NicoloDellAbbate,14
Baglione_ViteATIR.xml,PaoloGuidotti,2
Baglione_ViteATIR.xml,PaoloVeronese,1
Baglione_ViteATIR.xml,Parmigianino,3
Baglione_ViteATIR.xml,Perugin,2
Baglione_ViteATIR.xml,PeterPaulRubens,10
Baglione_ViteATIR.xml,PierreDeCortone,4
Baglione_ViteATIR.xml,PietroBuonaccorsi,11
Baglione_ViteATIR.xml,PietroCavallini,2
Baglione_ViteATIR.xml,PirroLigorio,11
Baglione_ViteATIR.xml,PolidoroDaCaravaggio,3
Baglione_ViteATIR.xml,Raphael,36
Baglione_ViteATIR.xml,RinaldoMantovano,4
Baglione_ViteATIR.xml,RossoFiorentino,2
Baglione_ViteATIR.xml,SebastianoDelPiombo,2
Baglione_ViteATIR.xml,Titien,6
Baldinucci_Notizie.xml,AgnoloDiVentura,7
Baldinucci_Notizie.xml,AlbrechtDurer,6
Baldinucci_Notizie.xml,AlessandroAlgardi,1
Baldinucci_Notizie.xml,AlessandroBonvicino,1
Baldinucci_Notizie.xml,AmbrogioLorenzetti,7
Baldinucci_Notizie.xml,AndreFelibien,2
Baldinucci_Notizie.xml,AndreaDelSarto,4
Baldinucci_Notizie.xml,AndreaMantegna,2
Baldinucci_Notizie.xml,AndreaPisano,10
Baldinucci_Notizie.xml,AndreaVerrocchio,2
Baldinucci_Notizie.xml,AntonioMini,1
Baldinucci_Notizie.xml,ArtemisiaGentileschi,1
Baldinucci_Notizie.xml,BaccioBandinelli,3
Baldinucci_Notizie.xml,Baroccio,3
Baldinucci_Notizie.xml,BernardoDaddi,2
Baldinucci_Notizie.xml,Bramante,1
Baldinucci_Notizie.xml,BuonamicoBuffalmacco,135
Baldinucci_Notizie.xml,Caravage,4
Baldinucci_Notizie.xml,CarelVanMander,6
Baldinucci_Notizie.xml,CarloRidolfi,15
Baldinucci_Notizie.xml,Carrache,1
Baldinucci_Notizie.xml,CesareDaSesto,2
Baldinucci_Notizie.xml,CesareRipa,7
Baldinucci_Notizie.xml,Cimabue,181
Baldinucci_Notizie.xml,Correge,2
Baldinucci_Notizie.xml,CosimoRosselli,6
Baldinucci_Notizie.xml,Dante,75
Baldinucci_Notizie.xml,DavidTeniers,1
Baldinucci_Notizie.xml,DenysCalvaert,1
Baldinucci_Notizie.xml,Dominiquin,2
Baldinucci_Notizie.xml,Donatello,97
Baldinucci_Notizie.xml,Duccio,3
Baldinucci_Notizie.xml,FrancescoFrancia,1
Baldinucci_Notizie.xml,FrancescoPrimaticcio,1
Baldinucci_Notizie.xml,FrancescoSalviati,1
Baldinucci_Notizie.xml,GaddoGaddi,14
Baldinucci_Notizie.xml,Gaudenzio,2
Baldinucci_Notizie.xml,GiorgioVasari,304
Baldinucci_Notizie.xml,Giorgione,1
Baldinucci_Notizie.xml,Giottino,15
Baldinucci_Notizie.xml,Giotto,344
Baldinucci_Notizie.xml,GiovanniFrancescoPenni,2
Baldinucci_Notizie.xml,GiovanniPaoloLomazzo,4
Baldinucci_Notizie.xml,GirolamoGenga,2
Baldinucci_Notizie.xml,GiulioRomano,1
Baldinucci_Notizie.xml,Guerchin,2
Baldinucci_Notizie.xml,GuidoReni,25
Baldinucci_Notizie.xml,HendrickGoltzius,2
Baldinucci_Notizie.xml,HennequinDeBruges,10
Baldinucci_Notizie.xml,JanGossaert,1
Baldinucci_Notizie.xml,LaviniaFontana,1
Baldinucci_Notizie.xml,LeonardoDaVinci,37
Baldinucci_Notizie.xml,LippoMemmi,25
Baldinucci_Notizie.xml,LorenzoGhiberti,7
Baldinucci_Notizie.xml,Maggiore,32
Baldinucci_Notizie.xml,MarcantonioRaimondi,6
Baldinucci_Notizie.xml,MarcoZoppo,2
Baldinucci_Notizie.xml,MariottoAlbertinelli,3
Baldinucci_Notizie.xml,MartinoBassi,5
Baldinucci_Notizie.xml,Masaccio,71
Baldinucci_Notizie.xml,MasoFiniguerra,3
Baldinucci_Notizie.xml,MaturinoFiorentino,1
Baldinucci_Notizie.xml,MichelAnge,43
Baldinucci_Notizie.xml,MinoDaFiesole,3
Baldinucci_Notizie.xml,NicolasPoussin,5
Baldinucci_Notizie.xml,OttavianoDaFaenza,2
Baldinucci_Notizie.xml,PaoloUccello,22
Baldinucci_Notizie.xml,Perugin,6
Baldinucci_Notizie.xml,PeterPaulRubens,1
Baldinucci_Notizie.xml,PierreDeCortone,4
Baldinucci_Notizie.xml,PieterSaenredam,1
Baldinucci_Notizie.xml,PietroBuonaccorsi,1
Baldinucci_Notizie.xml,PietroCavallini,10
Baldinucci_Notizie.xml,PietroLorenzetti,6
Baldinucci_Notizie.xml,Pisanello,1
Baldinucci_Notizie.xml,RaffaelleSoprani,2
Baldinucci_Notizie.xml,Raphael,27
Baldinucci_Notizie.xml,Rembrandt,3
Baldinucci_Notizie.xml,RinaldoMantovano,2
Baldinucci_Notizie.xml,RossoFiorentino,2
Baldinucci_Notizie.xml,SpinelloAretino,18
Baldinucci_Notizie.xml,Titien,5
Baldinucci_Notizie.xml,VitaleDaBologna,6
Baldinucci_Vocabolario.xml,AlbertiDurante,1
Baldinucci_Vocabolario.xml,AndreaDelSarto,2
Baldinucci_Vocabolario.xml,AndreaPalladio,1
Baldinucci_Vocabolario.xml,AntonioMini,2
Baldinucci_Vocabolario.xml,BenedettoVarchi,1
Baldinucci_Vocabolario.xml,BenvenutoCellini,3
Baldinucci_Vocabolario.xml,Caradosso,1
Baldinucci_Vocabolario.xml,CarelVanMander,1
Baldinucci_Vocabolario.xml,CarloDati,2
Baldinucci_Vocabolario.xml,CesareDaSesto,1
Baldinucci_Vocabolario.xml,Cimabue,3
Baldinucci_Vocabolario.xml,DanieleBarbaro,1
Baldinucci_Vocabolario.xml,Dante,2
Baldinucci_Vocabolario.xml,DomenicoFontana,2
Baldinucci_Vocabolario.xml,Donatello,3
Baldinucci_Vocabolario.xml,GiorgioVasari,6
Baldinucci_Vocabolario.xml,Giotto,2
Baldinucci_Vocabolario.xml,GiovanniFrancescoRustici,2
Baldinucci_Vocabolario.xml,GuidoReni,1
Baldinucci_Vocabolario.xml,HennequinDeBruges,2
Baldinucci_Vocabolario.xml,LeonardoDaVinci,2
Baldinucci_Vocabolario.xml,Maggiore,3
Baldinucci_Vocabolario.xml,MichelAnge,8
Baldinucci_Vocabolario.xml,PaoloVeronese,1
Baldinucci_Vocabolario.xml,Perugin,3
Baldinucci_Vocabolario.xml,PeterPaulRubens,1
Baldinucci_Vocabolario.xml,PierreDeCortone,1
Baldinucci_Vocabolario.xml,PietroBuonaccorsi,1
Baldinucci_Vocabolario.xml,PolidoroDaCaravaggio,1
Baldinucci_Vocabolario.xml,PomponioVecellio,2
Baldinucci_Vocabolario.xml,Raphael,4
Baldinucci_Vocabolario.xml,RinaldoMantovano,1
Baldinucci_Vocabolario.xml,RossoFiorentino,8
Baldinucci_Vocabolario.xml,Titien,4
Bartoli_RagionamentiAccademiciATIR.xml,AlbrechtDurer,1
Bartoli_RagionamentiAccademiciATIR.xml,BaccioBandinelli,1
Bartoli_RagionamentiAccademiciATIR.xml,BartolomeoAmmannati,2
Bartoli_RagionamentiAccademiciATIR.xml,BenedettoVarchi,1
Bartoli_RagionamentiAccademiciATIR.xml,BenvenutoCellini,1
Bartoli_RagionamentiAccademiciATIR.xml,CosimoBartoli,267
Bartoli_RagionamentiAccademiciATIR.xml,Dante,77
Bartoli_RagionamentiAccademiciATIR.xml,Donatello,1
Bartoli_RagionamentiAccademiciATIR.xml,GiorgioVasari,1
Bartoli_RagionamentiAccademiciATIR.xml,LeonBattistaAlberti,1
Bartoli_RagionamentiAccademiciATIR.xml,MichelAnge,17
Bartoli_RagionamentiAccademiciATIR.xml,Petrarque,5
Bartoli_RagionamentiAccademiciATIR.xml,PietroBembo,1
Bellori_DescrizzioneImagiDipinteRafelloATIR.xml,AlbrechtDurer,1
Bellori_DescrizzioneImagiDipinteRafelloATIR.xml,AlessandroAlgardi,1
Bellori_DescrizzioneImagiDipinteRafelloATIR.xml,AndreaSacchi,2
Bellori_DescrizzioneImagiDipinteRafelloATIR.xml,BenedettoVarchi,1
Bellori_DescrizzioneImagiDipinteRafelloATIR.xml,Bramante,16
Bellori_DescrizzioneImagiDipinteRafelloATIR.xml,Bramantino,1
Bellori_DescrizzioneImagiDipinteRafelloATIR.xml,Carrache,3
Bellori_DescrizzioneImagiDipinteRafelloATIR.xml,Correge,3
Bellori_DescrizzioneImagiDipinteRafelloATIR.xml,Dante,3
Bellori_DescrizzioneImagiDipinteRafelloATIR.xml,Gaudenzio,2
Bellori_DescrizzioneImagiDipinteRafelloATIR.xml,GiorgioVasari,23
Bellori_DescrizzioneImagiDipinteRafelloATIR.xml,Giorgione,1
Bellori_DescrizzioneImagiDipinteRafelloATIR.xml,Giotto,2
Bellori_DescrizzioneImagiDipinteRafelloATIR.xml,GiovanniFrancescoPenni,3
Bellori_DescrizzioneImagiDipinteRafelloATIR.xml,GiulioRomano,6
Bellori_DescrizzioneImagiDipinteRafelloATIR.xml,LeonardoDaVinci,2
Bellori_DescrizzioneImagiDipinteRafelloATIR.xml,MaturinoFiorentino,1
Bellori_DescrizzioneImagiDipinteRafelloATIR.xml,NicolasPoussin,1
Bellori_DescrizzioneImagiDipinteRafelloATIR.xml,NicoloDellAbbate,2
Bellori_DescrizzioneImagiDipinteRafelloATIR.xml,Perugin,3
Bellori_DescrizzioneImagiDipinteRafelloATIR.xml,PeterPaulRubens,1
Bellori_DescrizzioneImagiDipinteRafelloATIR.xml,PierreDeCortone,1
Bellori_DescrizzioneImagiDipinteRafelloATIR.xml,PietroBembo,1
Bellori_DescrizzioneImagiDipinteRafelloATIR.xml,PietroBuonaccorsi,4
Bellori_DescrizzioneImagiDipinteRafelloATIR.xml,PolidoroDaCaravaggio,1
Bellori_DescrizzioneImagiDipinteRafelloATIR.xml,Raphael,9
Bellori_DescrizzioneImagiDipinteRafelloATIR.xml,RossoFiorentino,1
Bellori_DescrizzioneImagiDipinteRafelloATIR.xml,SebastianoDelPiombo,1
Bellori_DescrizzioneImagiDipinteRafelloATIR.xml,Titien,7
Bellori_ViteATIR.xml,Agucchi,14
Bellori_ViteATIR.xml,AlessandroAlgardi,6
Bellori_ViteATIR.xml,AndreaDelSarto,1
Bellori_ViteATIR.xml,AndreaPalladio,1
Bellori_ViteATIR.xml,AndreaSacchi,1
Bellori_ViteATIR.xml,Baroccio,6
Bellori_ViteATIR.xml,Bramante,3
Bellori_ViteATIR.xml,CamilloProcaccini,1
Bellori_ViteATIR.xml,Caravage,32
Bellori_ViteATIR.xml,Carrache,60
Bellori_ViteATIR.xml,CesareRipa,1
Bellori_ViteATIR.xml,Cimabue,1
Bellori_ViteATIR.xml,Correge,21
Bellori_ViteATIR.xml,DomenicoFontana,4
Bellori_ViteATIR.xml,Dominiquin,34
Bellori_ViteATIR.xml,Donatello,1
Bellori_ViteATIR.xml,FrancescoPrimaticcio,1
Bellori_ViteATIR.xml,FrancoisPerrier,2
Bellori_ViteATIR.xml,GiorgioVasari,3
Bellori_ViteATIR.xml,Giorgione,3
Bellori_ViteATIR.xml,Giotto,1
Bellori_ViteATIR.xml,GiovanniFrancescoPenni,1
Bellori_ViteATIR.xml,GiovanniGiacomoDellaPorta,6
Bellori_ViteATIR.xml,GiovanniPaoloLomazzo,3
Bellori_ViteATIR.xml,GirolamoGenga,2
Bellori_ViteATIR.xml,GiulioRomano,6
Bellori_ViteATIR.xml,GuidoReni,30
Bellori_ViteATIR.xml,JacopoBassano,2
Bellori_ViteATIR.xml,JacopoTintoretto,3
Bellori_ViteATIR.xml,LeonBattistaAlberti,2
Bellori_ViteATIR.xml,LeonardoDaVinci,9
Bellori_ViteATIR.xml,Maggiore,8
Bellori_ViteATIR.xml,MartinoBassi,1
Bellori_ViteATIR.xml,MichelAnge,20
Bellori_ViteATIR.xml,NicolasPoussin,43
Bellori_ViteATIR.xml,NicoloDellAbbate,7
Bellori_ViteATIR.xml,PaoloVeronese,13
Bellori_ViteATIR.xml,Parmigianino,1
Bellori_ViteATIR.xml,PaulFreartDeChantelou,2
Bellori_ViteATIR.xml,PeterPaulRubens,42
Bellori_ViteATIR.xml,PierreDeCortone,1
Bellori_ViteATIR.xml,PirroLigorio,2
Bellori_ViteATIR.xml,ProsperoFontana,1
Bellori_ViteATIR.xml,Raphael,65
Bellori_ViteATIR.xml,RossoFiorentino,1
Bellori_ViteATIR.xml,SistoBadalocchio,5
Bellori_ViteATIR.xml,Titien,35
Borghini_RiposoATIR.xml,AlbertiDurante,2
Borghini_RiposoATIR.xml,AlbrechtDurer,2
Borghini_RiposoATIR.xml,AlviseCornaro,1
Borghini_RiposoATIR.xml,AndreaDelSarto,14
Borghini_RiposoATIR.xml,AndreaMantegna,2
Borghini_RiposoATIR.xml,AndreaVerrocchio,3
Borghini_RiposoATIR.xml,AntonioMini,4
Borghini_RiposoATIR.xml,BaccioBandinelli,5
Borghini_RiposoATIR.xml,BaldassarrePeruzzi,1
Borghini_RiposoATIR.xml,BenedettoVarchi,2
Borghini_RiposoATIR.xml,Bramante,2
Borghini_RiposoATIR.xml,Brunelleschi,1
Borghini_RiposoATIR.xml,Caravage,1
Borghini_RiposoATIR.xml,CarloRidolfi,1
Borghini_RiposoATIR.xml,CesareRipa,4
Borghini_RiposoATIR.xml,Cimabue,15
Borghini_RiposoATIR.xml,Correge,1
Borghini_RiposoATIR.xml,CosimoRosselli,4
Borghini_RiposoATIR.xml,DanieleDaVolterra,2
Borghini_RiposoATIR.xml,Dante,2
Borghini_RiposoATIR.xml,DomenicoGhirlandaio,11
Borghini_RiposoATIR.xml,Donatello,24
Borghini_RiposoATIR.xml,Duccio,2
Borghini_RiposoATIR.xml,FrancescoPrimaticcio,1
Borghini_RiposoATIR.xml,FrancescoSquarcione,1
Borghini_RiposoATIR.xml,GaddoGaddi,1
Borghini_RiposoATIR.xml,Giambologna,21
Borghini_RiposoATIR.xml,GiorgioVasari,34
Borghini_RiposoATIR.xml,Giorgione,10
Borghini_RiposoATIR.xml,Giottino,4
Borghini_RiposoATIR.xml,Giotto,20
Borghini_RiposoATIR.xml,GiovanniBaglione,2
Borghini_RiposoATIR.xml,GiovanniFrancescoPenni,3
Borghini_RiposoATIR.xml,GiovanniFrancescoRustici,2
Borghini_RiposoATIR.xml,GirolamoGenga,2
Borghini_RiposoATIR.xml,GirolamoMuziano,6
Borghini_RiposoATIR.xml,GiulioRomano,7
Borghini_RiposoATIR.xml,GuidoReni,2
Borghini_RiposoATIR.xml,HennequinDeBruges,2
Borghini_RiposoATIR.xml,JacopoSansovino,1
Borghini_RiposoATIR.xml,JacopoTintoretto,4
Borghini_RiposoATIR.xml,LaviniaFontana,1
Borghini_RiposoATIR.xml,LeonardoDaVinci,27
Borghini_RiposoATIR.xml,LucaSignorelli,2
Borghini_RiposoATIR.xml,Maggiore,14
Borghini_RiposoATIR.xml,MarcantonioRaimondi,4
Borghini_RiposoATIR.xml,MariottoAlbertinelli,2
Borghini_RiposoATIR.xml,Masaccio,8
Borghini_RiposoATIR.xml,MaturinoFiorentino,7
Borghini_RiposoATIR.xml,MichelAnge,54
Borghini_RiposoATIR.xml,NiccoloTribolo,3
Borghini_RiposoATIR.xml,Parmigianino,4
Borghini_RiposoATIR.xml,Perugin,11
Borghini_RiposoATIR.xml,PierreDeCortone,4
Borghini_RiposoATIR.xml,PietroBembo,1
Borghini_RiposoATIR.xml,PietroBuonaccorsi,14
Borghini_RiposoATIR.xml,Pordenone,1
Borghini_RiposoATIR.xml,Raphael,65
Borghini_RiposoATIR.xml,RossoFiorentino,19
Borghini_RiposoATIR.xml,SandroBotticelli,4
Borghini_RiposoATIR.xml,SpinelloAretino,3
Borghini_RiposoATIR.xml,Titien,16
Celio_Memoria.xml,AlbertiDurante,4
Celio_Memoria.xml,AndreaDelSarto,1
Celio_Memoria.xml,AndreaMantegna,1
Celio_Memoria.xml,AndreaPalladio,1
Celio_Memoria.xml,BaccioBandinelli,1
Celio_Memoria.xml,BaldassarrePeruzzi,1
Celio_Memoria.xml,Bramante,4
Celio_Memoria.xml,Caravage,6
Celio_Memoria.xml,CesareDaSesto,1
Celio_Memoria.xml,CesareNebbia,3
Celio_Memoria.xml,CesareRipa,1
Celio_Memoria.xml,Correge,1
Celio_Memoria.xml,CristoforoRoncalli,2
Celio_Memoria.xml,DanieleDaVolterra,8
Celio_Memoria.xml,Dominiquin,6
Celio_Memoria.xml,Donatello,3
Celio_Memoria.xml,FedericoZuccaro,12
Celio_Memoria.xml,Gaudenzio,3
Celio_Memoria.xml,GiorgioVasari,5
Celio_Memoria.xml,GiovanniDeVecchi,1
Celio_Memoria.xml,GiovanniGiacomoDellaPorta,3
Celio_Memoria.xml,GiovanniLanfranco,1
Celio_Memoria.xml,GirolamoMassei,2
Celio_Memoria.xml,GirolamoMuziano,3
Celio_Memoria.xml,GirolamoSiciolante,2
Celio_Memoria.xml,GiulioRomano,11
Celio_Memoria.xml,GiuseppeCesari,2
Celio_Memoria.xml,GuidoReni,2
Celio_Memoria.xml,HendrickGoltzius,1
Celio_Memoria.xml,JacopoBassano,1
Celio_Memoria.xml,JacopoSansovino,2
Celio_Memoria.xml,LaviniaFontana,3
Celio_Memoria.xml,LudovicoAriosto,2
Celio_Memoria.xml,Maggiore,13
Celio_Memoria.xml,MarcelloVenusti,9
Celio_Memoria.xml,MarcoPino,2
Celio_Memoria.xml,MaturinoFiorentino,1
Celio_Memoria.xml,MichelAnge,13
Celio_Memoria.xml,NiccoloCircignani,2
Celio_Memoria.xml,PaoloRomano,2
Celio_Memoria.xml,Parmigianino,1
Celio_Memoria.xml,PellegrinoAretusi,1
Celio_Memoria.xml,PellegrinoTibaldi,1
Celio_Memoria.xml,Perugin,2
Celio_Memoria.xml,PierreDeCortone,1
Celio_Memoria.xml,PietroBuonaccorsi,16
Celio_Memoria.xml,Pisanello,1
Celio_Memoria.xml,PolidoroDaCaravaggio,2
Celio_Memoria.xml,Raphael,59
Celio_Memoria.xml,RossoFiorentino,1
Celio_Memoria.xml,TaddeoZuccaro,1
Celio_Memoria.xml,Titien,2
Cellini_VitaBenvenutoCelliniATIR.xml,AlbertiDurante,8
Cellini_VitaBenvenutoCelliniATIR.xml,AlviseCornaro,18
Cellini_VitaBenvenutoCelliniATIR.xml,BaccioBandinelli,3
Cellini_VitaBenvenutoCelliniATIR.xml,BenedettoVarchi,6
Cellini_VitaBenvenutoCelliniATIR.xml,BenvenutoCellini,8
Cellini_VitaBenvenutoCelliniATIR.xml,Bramante,1
Cellini_VitaBenvenutoCelliniATIR.xml,Caradosso,5
Cellini_VitaBenvenutoCelliniATIR.xml,CarloRidolfi,1
Cellini_VitaBenvenutoCelliniATIR.xml,DanieleDaVolterra,1
Cellini_VitaBenvenutoCelliniATIR.xml,Dante,4
Cellini_VitaBenvenutoCelliniATIR.xml,DomenicoFontana,1
Cellini_VitaBenvenutoCelliniATIR.xml,Donatello,4
Cellini_VitaBenvenutoCelliniATIR.xml,FrancescoPrimaticcio,1
Cellini_VitaBenvenutoCelliniATIR.xml,Giotto,1
Cellini_VitaBenvenutoCelliniATIR.xml,GiovanniBaglione,5
Cellini_VitaBenvenutoCelliniATIR.xml,GiovanniFrancescoPenni,2
Cellini_VitaBenvenutoCelliniATIR.xml,GiulioRomano,2
Cellini_VitaBenvenutoCelliniATIR.xml,GuidoReni,10
Cellini_VitaBenvenutoCelliniATIR.xml,LeonardoDaVinci,8
Cellini_VitaBenvenutoCelliniATIR.xml,Masaccio,1
Cellini_VitaBenvenutoCelliniATIR.xml,MichelAnge,63
Cellini_VitaBenvenutoCelliniATIR.xml,NiccoloTribolo,7
Cellini_VitaBenvenutoCelliniATIR.xml,PaoloRomano,2
Cellini_VitaBenvenutoCelliniATIR.xml,Perugin,11
Cellini_VitaBenvenutoCelliniATIR.xml,PierreDeCortone,1
Cellini_VitaBenvenutoCelliniATIR.xml,PietroBembo,1
Cellini_VitaBenvenutoCelliniATIR.xml,Raphael,21
Cellini_VitaBenvenutoCelliniATIR.xml,RossoFiorentino,7
Cellini_VitaBenvenutoCelliniATIR.xml,SebastianoDelPiombo,1
Cellini_VitaBenvenutoCelliniATIR.xml,Titien,1
Condivi_VitaMichelangeloATIR.xml,AlbrechtDurer,1
Condivi_VitaMichelangeloATIR.xml,BenedettoVarchi,1
Condivi_VitaMichelangeloATIR.xml,Bramante,14
Condivi_VitaMichelangeloATIR.xml,CarloRidolfi,2
Condivi_VitaMichelangeloATIR.xml,CesareDaSesto,1
Condivi_VitaMichelangeloATIR.xml,CesareRipa,2
Condivi_VitaMichelangeloATIR.xml,Dante,4
Condivi_VitaMichelangeloATIR.xml,Donatello,2
Condivi_VitaMichelangeloATIR.xml,LeonardoDaVinci,2
Condivi_VitaMichelangeloATIR.xml,MichelAnge,198
Condivi_VitaMichelangeloATIR.xml,Perugin,1
Condivi_VitaMichelangeloATIR.xml,PietroTorrigiano,2
Condivi_VitaMichelangeloATIR.xml,Raphael,5
Daret_VieRaphael.xml,AegidiusSadeler,1
Daret_VieRaphael.xml,AgostinoVeneziano,6
Daret_VieRaphael.xml,AlbrechtDurer,4
Daret_VieRaphael.xml,AlessandroCasolani,1
Daret_VieRaphael.xml,AndreaDelSarto,1
Daret_VieRaphael.xml,AndreaMantegna,3
Daret_VieRaphael.xml,AntoineLafrery,1
Daret_VieRaphael.xml,AntonioDaTrento,1
Daret_VieRaphael.xml,AntonioLabacco,1
Daret_VieRaphael.xml,AntonioTempesta,2
Daret_VieRaphael.xml,BaccioBaldini,1
Daret_VieRaphael.xml,BaccioBandinelli,6
Daret_VieRaphael.xml,BaldassareCastiglione,1
Daret_VieRaphael.xml,BaldassarrePeruzzi,1
Daret_VieRaphael.xml,Baroccio,2
Daret_VieRaphael.xml,BattistaDelMoro,1
Daret_VieRaphael.xml,BattistaFranco,1
Daret_VieRaphael.xml,BavieroDeCarocci,4
Daret_VieRaphael.xml,Bramante,4
Daret_VieRaphael.xml,Carrache,6
Daret_VieRaphael.xml,CherubinoAlberti,1
Daret_VieRaphael.xml,CornelisCort,1
Daret_VieRaphael.xml,Correge,2
Daret_VieRaphael.xml,DanieleDaVolterra,1
Daret_VieRaphael.xml,DomenicoBeccafumi,3
Daret_VieRaphael.xml,EneaVico,1
Daret_VieRaphael.xml,FedericoZuccaro,1
Daret_VieRaphael.xml,FraBartolomeo,2
Daret_VieRaphael.xml,FrancescoSalviati,2
Daret_VieRaphael.xml,FrancescoVanni,1
Daret_VieRaphael.xml,FrancescoVillamena,2
Daret_VieRaphael.xml,Gaddi,1
Daret_VieRaphael.xml,Giambologna,1
Daret_VieRaphael.xml,GiorgioGhisi,1
Daret_VieRaphael.xml,GiorgioVasari,12
Daret_VieRaphael.xml,GiovanniAlberti,2
Daret_VieRaphael.xml,GiovanniBattistaDeCavalieri,1
Daret_VieRaphael.xml,GiovanniBattistaPittoni,1
Daret_VieRaphael.xml,GiovanniBattistaScultori,2
Daret_VieRaphael.xml,GiovanniDaUdine,4
Daret_VieRaphael.xml,GiovanniFrancescoPenni,5
Daret_VieRaphael.xml,GiovanniJacopoCaraglio,5
Daret_VieRaphael.xml,GiovanniMaggi,1
Daret_VieRaphael.xml,GiovanniSanti,3
Daret_VieRaphael.xml,GirolamoMuziano,2
Daret_VieRaphael.xml,GiulioBonasone,1
Daret_VieRaphael.xml,GiulioClovio,1
Daret_VieRaphael.xml,GiulioRomano,13
Daret_VieRaphael.xml,GiuseppeCesari,1
Daret_VieRaphael.xml,GiuseppeNiccoloVicentino,1
Daret_VieRaphael.xml,HendrickGoltzius,1
Daret_VieRaphael.xml,IsabellaParasole,1
Daret_VieRaphael.xml,JacopoBarozziDaVignola,1
Daret_VieRaphael.xml,JacopoTintoretto,2
Daret_VieRaphael.xml,JeanCousin,1
Daret_VieRaphael.xml,LeonardoDaVinci,6
Daret_VieRaphael.xml,LucasVanLeyden,1
Daret_VieRaphael.xml,MarcantonioRaimondi,21
Daret_VieRaphael.xml,MarcelloVenusti,1
Daret_VieRaphael.xml,MarcoDente,4
Daret_VieRaphael.xml,Masaccio,2
Daret_VieRaphael.xml,MasoFiniguerra,1
Daret_VieRaphael.xml,MichelAnge,18
Daret_VieRaphael.xml,NicolasBeatrizet,1
Daret_VieRaphael.xml,PaoloVeronese,1
Daret_VieRaphael.xml,Parmigianino,5
Daret_VieRaphael.xml,PellegrinoAretusi,2
Daret_VieRaphael.xml,Perugin,13
Daret_VieRaphael.xml,PierreDaret,1
Daret_VieRaphael.xml,PietroAretino,2
Daret_VieRaphael.xml,PietroBembo,1
Daret_VieRaphael.xml,PietroBuonaccorsi,3
Daret_VieRaphael.xml,Pinturicchio,1
Daret_VieRaphael.xml,PolidoroDaCaravaggio,3
Daret_VieRaphael.xml,RaffaelloGuidi,1
Daret_VieRaphael.xml,Raphael,103
Daret_VieRaphael.xml,RidolfoDelGhirlandaio,1
Daret_VieRaphael.xml,RossoFiorentino,6
Daret_VieRaphael.xml,Sadeler,1
Daret_VieRaphael.xml,SandroBotticelli,1
Daret_VieRaphael.xml,SebastianoDelPiombo,1
Daret_VieRaphael.xml,SebastianoSerlio,1
Daret_VieRaphael.xml,TaddeoZuccaro,1
Daret_VieRaphael.xml,Titien,5
Daret_VieRaphael.xml,TommasoBarlacchi,2
Daret_VieRaphael.xml,UgoDaCarpi,4
Daret_VieRaphael.xml,VincenzoTamagni,2
Dolce_DialogoDellaPitturaIntitolatoAretinoMemofonte.xml,AlbrechtDurer,2
Dolce_DialogoDellaPitturaIntitolatoAretinoMemofonte.xml,AndreaDelSarto,2
Dolce_DialogoDellaPitturaIntitolatoAretinoMemofonte.xml,Bramante,1
Dolce_DialogoDellaPitturaIntitolatoAretinoMemofonte.xml,Correge,2
Dolce_DialogoDellaPitturaIntitolatoAretinoMemofonte.xml,Dante,7
Dolce_DialogoDellaPitturaIntitolatoAretinoMemofonte.xml,Donatello,2
Dolce_DialogoDellaPitturaIntitolatoAretinoMemofonte.xml,EneaVico,1
Dolce_DialogoDellaPitturaIntitolatoAretinoMemofonte.xml,GiorgioVasari,4
Dolce_DialogoDellaPitturaIntitolatoAretinoMemofonte.xml,Giorgione,7
Dolce_DialogoDellaPitturaIntitolatoAretinoMemofonte.xml,GiovanniBellini,3
Dolce_DialogoDellaPitturaIntitolatoAretinoMemofonte.xml,GiulioRomano,3
Dolce_DialogoDellaPitturaIntitolatoAretinoMemofonte.xml,LeonardoDaVinci,3
Dolce_DialogoDellaPitturaIntitolatoAretinoMemofonte.xml,Maggiore,1
Dolce_DialogoDellaPitturaIntitolatoAretinoMemofonte.xml,MichelAnge,73
Dolce_DialogoDellaPitturaIntitolatoAretinoMemofonte.xml,Parmigianino,4
Dolce_DialogoDellaPitturaIntitolatoAretinoMemofonte.xml,PietroBuonaccorsi,2
Dolce_DialogoDellaPitturaIntitolatoAretinoMemofonte.xml,PolidoroDaCaravaggio,1
Dolce_DialogoDellaPitturaIntitolatoAretinoMemofonte.xml,Raphael,78
Dolce_DialogoDellaPitturaIntitolatoAretinoMemofonte.xml,Titien,44
Doni_DisegnoATIR.xml,AlbrechtDurer,2
Doni_DisegnoATIR.xml,Correge,1
Doni_DisegnoATIR.xml,Dante,1
Doni_DisegnoATIR.xml,Donatello,7
Doni_DisegnoATIR.xml,Giorgione,1
Doni_DisegnoATIR.xml,Giotto,5
Doni_DisegnoATIR.xml,GiulioRomano,1
Doni_DisegnoATIR.xml,LeonardoDaVinci,1
Doni_DisegnoATIR.xml,MaturinoFiorentino,1
Doni_DisegnoATIR.xml,Raphael,4
Doni_DisegnoATIR.xml,RossoFiorentino,3
Doni_DisegnoATIR.xml,Titien,3
DupuyDuGrez_TraitePeinture.xml,AgnoloGaddi,1
DupuyDuGrez_TraitePeinture.xml,AlbrechtDurer,25
DupuyDuGrez_TraitePeinture.xml,AmbroiseFredeau,1
DupuyDuGrez_TraitePeinture.xml,AndreFelibien,12
DupuyDuGrez_TraitePeinture.xml,AndreLebre,1
DupuyDuGrez_TraitePeinture.xml,AndreaPalladio,2
DupuyDuGrez_TraitePeinture.xml,AndreaTafiDiRico,2
DupuyDuGrez_TraitePeinture.xml,AntoineDurand,3
DupuyDuGrez_TraitePeinture.xml,AntonioVerrio,1
DupuyDuGrez_TraitePeinture.xml,BernardDupuyDeGrez,2
DupuyDuGrez_TraitePeinture.xml,Bernin,1
DupuyDuGrez_TraitePeinture.xml,Caravage,16
DupuyDuGrez_TraitePeinture.xml,CarloMaratti,1
DupuyDuGrez_TraitePeinture.xml,CarloRidolfi,1
DupuyDuGrez_TraitePeinture.xml,Carrache,28
DupuyDuGrez_TraitePeinture.xml,CharlesAlphonseDuFresnoy,13
DupuyDuGrez_TraitePeinture.xml,CharlesLeBrun,4
DupuyDuGrez_TraitePeinture.xml,Cimabue,3
DupuyDuGrez_TraitePeinture.xml,Correge,9
DupuyDuGrez_TraitePeinture.xml,DanieleBarbaro,7
DupuyDuGrez_TraitePeinture.xml,DominiqueBachelier,1
DupuyDuGrez_TraitePeinture.xml,Dominiquin,5
DupuyDuGrez_TraitePeinture.xml,Donatello,9
DupuyDuGrez_TraitePeinture.xml,EustacheLeSueur,3
DupuyDuGrez_TraitePeinture.xml,FedericoZuccaro,1
DupuyDuGrez_TraitePeinture.xml,FrancescoPrimaticcio,4
DupuyDuGrez_TraitePeinture.xml,FrancoisDuQuesnoy,2
DupuyDuGrez_TraitePeinture.xml,FrancoisGuy,1
DupuyDuGrez_TraitePeinture.xml,FrancoisPerrier,3
DupuyDuGrez_TraitePeinture.xml,Gaddi,1
DupuyDuGrez_TraitePeinture.xml,GaddoGaddi,2
DupuyDuGrez_TraitePeinture.xml,GiorgioVasari,22
DupuyDuGrez_TraitePeinture.xml,Giorgione,6
DupuyDuGrez_TraitePeinture.xml,Giotto,3
DupuyDuGrez_TraitePeinture.xml,GiovanniLanfranco,1
DupuyDuGrez_TraitePeinture.xml,GiovanniPaoloLomazzo,33
DupuyDuGrez_TraitePeinture.xml,GiovanniPietroBellori,1
DupuyDuGrez_TraitePeinture.xml,GiovanniPisano,1
DupuyDuGrez_TraitePeinture.xml,GiulioRomano,11
DupuyDuGrez_TraitePeinture.xml,Guerchin,2
DupuyDuGrez_TraitePeinture.xml,GuidoReni,5
DupuyDuGrez_TraitePeinture.xml,HansHolbeinDeJonge,1
DupuyDuGrez_TraitePeinture.xml,HilairePader,12
DupuyDuGrez_TraitePeinture.xml,JacopoTintoretto,5
DupuyDuGrez_TraitePeinture.xml,JeanChalette,5
DupuyDuGrez_TraitePeinture.xml,JeanCousin,2
DupuyDuGrez_TraitePeinture.xml,JeanPierreRivalz,2
DupuyDuGrez_TraitePeinture.xml,LambertLombard,1
DupuyDuGrez_TraitePeinture.xml,LeonBattistaAlberti,7
DupuyDuGrez_TraitePeinture.xml,LeonardoDaVinci,17
DupuyDuGrez_TraitePeinture.xml,LucaCambiaso,1
DupuyDuGrez_TraitePeinture.xml,MartinFreminet,1
DupuyDuGrez_TraitePeinture.xml,Masaccio,1
DupuyDuGrez_TraitePeinture.xml,MichelAnge,34
DupuyDuGrez_TraitePeinture.xml,NicolaPisano,1
DupuyDuGrez_TraitePeinture.xml,NicolasBachelier,30
DupuyDuGrez_TraitePeinture.xml,NicolasChaperon,1
DupuyDuGrez_TraitePeinture.xml,NicolasPoussin,23
DupuyDuGrez_TraitePeinture.xml,NicolasTournier,10
DupuyDuGrez_TraitePeinture.xml,OttoVanVeen,1
DupuyDuGrez_TraitePeinture.xml,PaoloVeronese,14
DupuyDuGrez_TraitePeinture.xml,Parmigianino,2
DupuyDuGrez_TraitePeinture.xml,Perugin,3
DupuyDuGrez_TraitePeinture.xml,PeterPaulRubens,8
DupuyDuGrez_TraitePeinture.xml,Petrarque,1
DupuyDuGrez_TraitePeinture.xml,PierreDeCortone,7
DupuyDuGrez_TraitePeinture.xml,PierreMignard,5
DupuyDuGrez_TraitePeinture.xml,PierrePuget,1
DupuyDuGrez_TraitePeinture.xml,PietroAretino,1
DupuyDuGrez_TraitePeinture.xml,PomponioGaurico,13
DupuyDuGrez_TraitePeinture.xml,RaffaelleSoprani,1
DupuyDuGrez_TraitePeinture.xml,Raphael,45
DupuyDuGrez_TraitePeinture.xml,RaymondLafage,7
DupuyDuGrez_TraitePeinture.xml,Rembrandt,1
DupuyDuGrez_TraitePeinture.xml,RogerDePiles,3
DupuyDuGrez_TraitePeinture.xml,SebastianoSerlio,4
DupuyDuGrez_TraitePeinture.xml,SimonVouet,20
DupuyDuGrez_TraitePeinture.xml,TaddeoGaddi,2
DupuyDuGrez_TraitePeinture.xml,Titien,20
DupuyDuGrez_TraitePeinture.xml,Valentin,3
DupuyDuGrez_TraitePeinture.xml,VanDyck,2
DupuyDuGrez_TraitePeinture.xml,VanEyck,3
Felibien_Entretiens1.xml,AlbrechtDurerElder,2
Felibien_Entretiens1.xml,AmbrogioLorenzetti,2
Felibien_Entretiens1.xml,AndreaDelCastagno,5
Felibien_Entretiens1.xml,AndreaDelSarto,6
Felibien_Entretiens1.xml,AndreaMantegna,2
Felibien_Entretiens1.xml,AndreaTafiDiRico,2
Felibien_Entretiens1.xml,AndreaVerrocchio,4
Felibien_Entretiens1.xml,BaccioBandinelli,1
Felibien_Entretiens1.xml,BaldassarrePeruzzi,2
Felibien_Entretiens1.xml,BartolomeoBellano,1
Felibien_Entretiens1.xml,BavieroDeCarocci,1
Felibien_Entretiens1.xml,Bramante,8
Felibien_Entretiens1.xml,Bramantino,1
Felibien_Entretiens1.xml,BuonamicoBuffalmacco,3
Felibien_Entretiens1.xml,CesareDaSesto,1
Felibien_Entretiens1.xml,Cimabue,14
Felibien_Entretiens1.xml,Dante,6
Felibien_Entretiens1.xml,Donatello,2
Felibien_Entretiens1.xml,DossoDossi,1
Felibien_Entretiens1.xml,Duccio,1
Felibien_Entretiens1.xml,FraAngelico,4
Felibien_Entretiens1.xml,FraFilippoLippi,3
Felibien_Entretiens1.xml,FrancescoFrancia,1
Felibien_Entretiens1.xml,FrancescoMelzi,1
Felibien_Entretiens1.xml,FrancescoPrimaticcio,2
Felibien_Entretiens1.xml,FrancescoSalviati,1
Felibien_Entretiens1.xml,GaddoGaddi,2
Felibien_Entretiens1.xml,Gaudenzio,1
Felibien_Entretiens1.xml,GentileBellini,3
Felibien_Entretiens1.xml,GherardoStarnina,1
Felibien_Entretiens1.xml,GiorgioVasari,6
Felibien_Entretiens1.xml,Giorgione,5
Felibien_Entretiens1.xml,Giottino,3
Felibien_Entretiens1.xml,Giotto,26
Felibien_Entretiens1.xml,GiovanniBellini,10
Felibien_Entretiens1.xml,GiovanniFrancescoPenni,2
Felibien_Entretiens1.xml,GiovanniPaoloLomazzo,1
Felibien_Entretiens1.xml,GiovanniSanti,1
Felibien_Entretiens1.xml,GiulioRomano,15
Felibien_Entretiens1.xml,JacopoBellini,2
Felibien_Entretiens1.xml,JeanGoujon,1
Felibien_Entretiens1.xml,LeonardoDaVinci,8
Felibien_Entretiens1.xml,LippoMemmi,2
Felibien_Entretiens1.xml,LucaPenni,1
Felibien_Entretiens1.xml,LudovicoAriosto,1
Felibien_Entretiens1.xml,MarcantonioRaimondi,1
Felibien_Entretiens1.xml,MarcoDente,1
Felibien_Entretiens1.xml,MariottoAlbertinelli,2
Felibien_Entretiens1.xml,Masaccio,2
Felibien_Entretiens1.xml,MichelAnge,31
Felibien_Entretiens1.xml,Orcagna,2
Felibien_Entretiens1.xml,Perugin,14
Felibien_Entretiens1.xml,Petrarque,9
Felibien_Entretiens1.xml,PieroDellaFrancesca,1
Felibien_Entretiens1.xml,PieroDiCosimo,3
Felibien_Entretiens1.xml,PietroAretino,1
Felibien_Entretiens1.xml,PietroBuonaccorsi,5
Felibien_Entretiens1.xml,PietroCavallini,4
Felibien_Entretiens1.xml,Pisanello,3
Felibien_Entretiens1.xml,PolidoroDaCaravaggio,2
Felibien_Entretiens1.xml,Raphael,121
Felibien_Entretiens1.xml,RossoFiorentino,1
Felibien_Entretiens1.xml,SebastianoSerlio,1
Felibien_Entretiens1.xml,SpinelloAretino,3
Felibien_Entretiens1.xml,Titien,13
Felibien_Entretiens2.xml,AgostinoVeneziano,2
Felibien_Entretiens2.xml,AlbertiDurante,2
Felibien_Entretiens2.xml,AlbrechtDurer,3
Felibien_Entretiens2.xml,AlbrechtDurerElder,8
Felibien_Entretiens2.xml,AndreaDelSarto,6
Felibien_Entretiens2.xml,AndreaMantegna,1
Felibien_Entretiens2.xml,AndreaSacchi,1
Felibien_Entretiens2.xml,AnthonisMorVanDashorst,1
Felibien_Entretiens2.xml,BaccioBandinelli,2
Felibien_Entretiens2.xml,Baroccio,1
Felibien_Entretiens2.xml,BernaertVanOrley,1
Felibien_Entretiens2.xml,Bramante,4
Felibien_Entretiens2.xml,Caravage,1
Felibien_Entretiens2.xml,Carrache,3
Felibien_Entretiens2.xml,CesareDaSesto,1
Felibien_Entretiens2.xml,CharlesLeBrun,1
Felibien_Entretiens2.xml,Correge,1
Felibien_Entretiens2.xml,DanieleDaVolterra,2
Felibien_Entretiens2.xml,Dante,2
Felibien_Entretiens2.xml,DomenicoGhirlandaio,1
Felibien_Entretiens2.xml,Dominiquin,1
Felibien_Entretiens2.xml,FermoGhisoniDaCaravaggio,1
Felibien_Entretiens2.xml,FrancescoFrancia,1
Felibien_Entretiens2.xml,FrancescoPrimaticcio,14
Felibien_Entretiens2.xml,FrancescoSalviati,1
Felibien_Entretiens2.xml,GiorgioVasari,6
Felibien_Entretiens2.xml,Giorgione,6
Felibien_Entretiens2.xml,Giotto,1
Felibien_Entretiens2.xml,GiovanniBellini,3
Felibien_Entretiens2.xml,GiovanniFrancescoPenni,2
Felibien_Entretiens2.xml,GiovanniJacopoCaraglio,1
Felibien_Entretiens2.xml,GiovanniPaoloLomazzo,1
Felibien_Entretiens2.xml,GirolamoGenga,5
Felibien_Entretiens2.xml,GiulioRomano,20
Felibien_Entretiens2.xml,Guerchin,3
Felibien_Entretiens2.xml,HansHolbeinDeJonge,16
Felibien_Entretiens2.xml,HendrickGoltzius,3
Felibien_Entretiens2.xml,HieronymusCock,1
Felibien_Entretiens2.xml,JacopoBarozziDaVignola,1
Felibien_Entretiens2.xml,JacopoPalmaIlVecchio,1
Felibien_Entretiens2.xml,JeanGoujon,1
Felibien_Entretiens2.xml,LeonBattistaAlberti,1
Felibien_Entretiens2.xml,LeonardoDaVinci,18
Felibien_Entretiens2.xml,LorenzoNaldini,1
Felibien_Entretiens2.xml,MaertenDeVos,1
Felibien_Entretiens2.xml,MarcantonioRaimondi,11
Felibien_Entretiens2.xml,MariottoAlbertinelli,1
Felibien_Entretiens2.xml,MaturinoFiorentino,7
Felibien_Entretiens2.xml,MichelAnge,72
Felibien_Entretiens2.xml,NicolasPoussin,2
Felibien_Entretiens2.xml,NicoloDellAbbate,1
Felibien_Entretiens2.xml,Parmigianino,4
Felibien_Entretiens2.xml,Perugin,4
Felibien_Entretiens2.xml,PieroDiCosimo,1
Felibien_Entretiens2.xml,PierreCorneille,3
Felibien_Entretiens2.xml,PietroAretino,2
Felibien_Entretiens2.xml,PietroBuonaccorsi,21
Felibien_Entretiens2.xml,PolidoroDaCaravaggio,3
Felibien_Entretiens2.xml,Pontormo,6
Felibien_Entretiens2.xml,Pordenone,7
Felibien_Entretiens2.xml,ProsperoFontana,1
Felibien_Entretiens2.xml,QuintenMetsys,6
Felibien_Entretiens2.xml,Raphael,88
Felibien_Entretiens2.xml,SebastianoDelPiombo,1
Felibien_Entretiens2.xml,SebastianoSerlio,1
Felibien_Entretiens2.xml,Titien,16
Felibien_Entretiens2.xml,UgoDaCarpi,1
Felibien_Entretiens2.xml,Valentin,1
Felibien_Entretiens3.xml,Albane,8
Felibien_Entretiens3.xml,AlonsoChacon,1
Felibien_Entretiens3.xml,AmbroiseDubois,1
Felibien_Entretiens3.xml,AndreaDelSarto,3
Felibien_Entretiens3.xml,AndreaPalladio,2
Felibien_Entretiens3.xml,AntonioBadile,1
Felibien_Entretiens3.xml,AntonioCarracci,2
Felibien_Entretiens3.xml,AntonioTempesta,1
Felibien_Entretiens3.xml,BartolomeoManfredi,1
Felibien_Entretiens3.xml,Caravage,25
Felibien_Entretiens3.xml,Carrache,37
Felibien_Entretiens3.xml,CharlesAlphonseDuFresnoy,1
Felibien_Entretiens3.xml,CharlesLeBrun,3
Felibien_Entretiens3.xml,ClaudeLorrain,1
Felibien_Entretiens3.xml,Correge,8
Felibien_Entretiens3.xml,DanieleBarbaro,2
Felibien_Entretiens3.xml,DanieleDaVolterra,5
Felibien_Entretiens3.xml,Dominiquin,9
Felibien_Entretiens3.xml,FrancescoBassano,1
Felibien_Entretiens3.xml,FrancescoPrimaticcio,4
Felibien_Entretiens3.xml,FrancescoVecellio,1
Felibien_Entretiens3.xml,GiorgioVasari,6
Felibien_Entretiens3.xml,Giorgione,2
Felibien_Entretiens3.xml,GiovanniBaglione,1
Felibien_Entretiens3.xml,GiovanniBellini,3
Felibien_Entretiens3.xml,GiovanniGiocondo,2
Felibien_Entretiens3.xml,GiovanniLanfranco,6
Felibien_Entretiens3.xml,GiovanniPaoloLomazzo,2
Felibien_Entretiens3.xml,GirolamoMuziano,2
Felibien_Entretiens3.xml,GiulioRomano,3
Felibien_Entretiens3.xml,GuidoReni,5
Felibien_Entretiens3.xml,GuillaumeMarcillat,1
Felibien_Entretiens3.xml,HansBol,2
Felibien_Entretiens3.xml,HendrickGoltzius,2
Felibien_Entretiens3.xml,JacopoBarozziDaVignola,2
Felibien_Entretiens3.xml,JacopoBassano,6
Felibien_Entretiens3.xml,JacopoSansovino,1
Felibien_Entretiens3.xml,JacopoTintoretto,28
Felibien_Entretiens3.xml,JanHarmenszMuller,1
Felibien_Entretiens3.xml,JeanBullant,1
Felibien_Entretiens3.xml,JeanCousin,4
Felibien_Entretiens3.xml,JusepeDeRibera,1
Felibien_Entretiens3.xml,LeonBattistaAlberti,2
Felibien_Entretiens3.xml,LeonardoDaVinci,7
Felibien_Entretiens3.xml,LudovicoAriosto,7
Felibien_Entretiens3.xml,MaertenDeVos,1
Felibien_Entretiens3.xml,MarcantonioRaimondi,1
Felibien_Entretiens3.xml,MartinFreminet,9
Felibien_Entretiens3.xml,MatthijsBril,1
Felibien_Entretiens3.xml,MichelAnge,20
Felibien_Entretiens3.xml,NicolasPoussin,15
Felibien_Entretiens3.xml,PaoloVeronese,18
Felibien_Entretiens3.xml,Parmigianino,2
Felibien_Entretiens3.xml,PaulBril,5
Felibien_Entretiens3.xml,PaulFreartDeChantelou,1
Felibien_Entretiens3.xml,PhilibertDelorme,1
Felibien_Entretiens3.xml,PierreCorneille,5
Felibien_Entretiens3.xml,PierreMignard,1
Felibien_Entretiens3.xml,PieterDeJodeI,1
Felibien_Entretiens3.xml,PietroAretino,6
Felibien_Entretiens3.xml,PietroBuonaccorsi,4
Felibien_Entretiens3.xml,PirroLigorio,1
Felibien_Entretiens3.xml,PomponioVecellio,2
Felibien_Entretiens3.xml,Pontormo,1
Felibien_Entretiens3.xml,ProsperoFontana,1
Felibien_Entretiens3.xml,Raphael,47
Felibien_Entretiens3.xml,Titien,109
Felibien_Entretiens3.xml,ToussaintDubreuil,4
Felibien_Entretiens3.xml,Valentin,1
Felibien_Entretiens4.xml,AbrahamBosse,2
Felibien_Entretiens4.xml,AdamVanNoort,1
Felibien_Entretiens4.xml,Agucchi,7
Felibien_Entretiens4.xml,Albane,25
Felibien_Entretiens4.xml,AlbrechtDurerElder,2
Felibien_Entretiens4.xml,AndreaCamassei,1
Felibien_Entretiens4.xml,AndreaDelSarto,2
Felibien_Entretiens4.xml,AndreaSacchi,1
Felibien_Entretiens4.xml,AntonioCarracci,1
Felibien_Entretiens4.xml,AntonioTempesta,10
Felibien_Entretiens4.xml,Bassano,1
Felibien_Entretiens4.xml,Caravage,16
Felibien_Entretiens4.xml,Carrache,36
Felibien_Entretiens4.xml,CharlesAlphonseDuFresnoy,2
Felibien_Entretiens4.xml,CharlesLeBrun,2
Felibien_Entretiens4.xml,CharlesPoerson,1
Felibien_Entretiens4.xml,CherubinoAlberti,1
Felibien_Entretiens4.xml,ClaudeLorrain,2
Felibien_Entretiens4.xml,CornelisVanPoelenburgh,1
Felibien_Entretiens4.xml,Correge,4
Felibien_Entretiens4.xml,DanieleDaVolterra,1
Felibien_Entretiens4.xml,DenysCalvaert,3
Felibien_Entretiens4.xml,Dominiquin,48
Felibien_Entretiens4.xml,Duccio,1
Felibien_Entretiens4.xml,EustacheLeSueur,1
Felibien_Entretiens4.xml,FerdinandElle,1
Felibien_Entretiens4.xml,FrancescoSalviati,1
Felibien_Entretiens4.xml,FrancescoVanni,2
Felibien_Entretiens4.xml,FrancoisDuQuesnoy,1
Felibien_Entretiens4.xml,FrancoisPerrier,2
Felibien_Entretiens4.xml,FrancoisTortebat,2
Felibien_Entretiens4.xml,Gaudenzio,1
Felibien_Entretiens4.xml,GiovanniLanfranco,12
Felibien_Entretiens4.xml,GiulioRomano,3
Felibien_Entretiens4.xml,Guerchin,4
Felibien_Entretiens4.xml,GuidoReni,31
Felibien_Entretiens4.xml,JacopoTintoretto,2
Felibien_Entretiens4.xml,JacquesBellange,2
Felibien_Entretiens4.xml,JacquesBlanchard,3
Felibien_Entretiens4.xml,JacquesLemercier,2
Felibien_Entretiens4.xml,JosephVarin,3
Felibien_Entretiens4.xml,LeonBattistaAlberti,1
Felibien_Entretiens4.xml,LeonardoDaVinci,5
Felibien_Entretiens4.xml,MichelAnge,3
Felibien_Entretiens4.xml,MichelDorigny,2
Felibien_Entretiens4.xml,NicolasPoussin,190
Felibien_Entretiens4.xml,OttoVanVeen,3
Felibien_Entretiens4.xml,PaoloVeronese,4
Felibien_Entretiens4.xml,Parmigianino,1
Felibien_Entretiens4.xml,PaulBril,2
Felibien_Entretiens4.xml,PaulFreartDeChantelou,24
Felibien_Entretiens4.xml,PeterPaulRubens,42
Felibien_Entretiens4.xml,PhilippeThomassin,1
Felibien_Entretiens4.xml,PierreCorneille,1
Felibien_Entretiens4.xml,PierreMignard,3
Felibien_Entretiens4.xml,PietroBuonaccorsi,1
Felibien_Entretiens4.xml,PietroTesta,6
Felibien_Entretiens4.xml,QuintenMetsys,1
Felibien_Entretiens4.xml,Raphael,32
Felibien_Entretiens4.xml,RolandFreartDeChambray,5
Felibien_Entretiens4.xml,Sadeler,1
Felibien_Entretiens4.xml,SimonVouet,8
Felibien_Entretiens4.xml,Titien,13
Felibien_Entretiens4.xml,Valentin,2
Felibien_Entretiens5.xml,AbrahamBosse,1
Felibien_Entretiens5.xml,Albane,2
Felibien_Entretiens5.xml,AlbrechtDurerElder,1
Felibien_Entretiens5.xml,AndreaSacchi,1
Felibien_Entretiens5.xml,BenedettoGhirlandaio,1
Felibien_Entretiens5.xml,Carrache,5
Felibien_Entretiens5.xml,CharlesAlphonseDuFresnoy,5
Felibien_Entretiens5.xml,CharlesLeBrun,1
Felibien_Entretiens5.xml,ClaudeLorrain,1
Felibien_Entretiens5.xml,ClaudeMellan,1
Felibien_Entretiens5.xml,Dominiquin,1
Felibien_Entretiens5.xml,EustacheLeSueur,5
Felibien_Entretiens5.xml,FrancescoPrimaticcio,1
Felibien_Entretiens5.xml,FrancoisPerrier,4
Felibien_Entretiens5.xml,GiovanniBellini,2
Felibien_Entretiens5.xml,GiovanniLanfranco,1
Felibien_Entretiens5.xml,GirardDesargues,1
Felibien_Entretiens5.xml,Guerchin,1
Felibien_Entretiens5.xml,GuidoReni,1
Felibien_Entretiens5.xml,JacquesCallot,1
Felibien_Entretiens5.xml,JosephVarin,6
Felibien_Entretiens5.xml,LeonardoDaVinci,4
Felibien_Entretiens5.xml,MartinFreminet,1
Felibien_Entretiens5.xml,MichelAnge,3
Felibien_Entretiens5.xml,NicholasMignard,2
Felibien_Entretiens5.xml,NicolasPoussin,25
Felibien_Entretiens5.xml,PaoloVeronese,1
Felibien_Entretiens5.xml,PaulFreartDeChantelou,2
Felibien_Entretiens5.xml,PeterPaulRubens,2
Felibien_Entretiens5.xml,PierreMignard,17
Felibien_Entretiens5.xml,PietroBuonaccorsi,1
Felibien_Entretiens5.xml,Raphael,9
Felibien_Entretiens5.xml,RolandFreartDeChambray,1
Felibien_Entretiens5.xml,SebastienBourdon,11
Felibien_Entretiens5.xml,SimonFrancois,1
Felibien_Entretiens5.xml,Titien,9
Freart_IdeaDellaPerfezione.xml,AlbrechtDurer,6
Freart_IdeaDellaPerfezione.xml,AndreaMantegna,1
Freart_IdeaDellaPerfezione.xml,BaldassarrePeruzzi,1
Freart_IdeaDellaPerfezione.xml,Bramante,2
Freart_IdeaDellaPerfezione.xml,Carrache,2
Freart_IdeaDellaPerfezione.xml,Dominiquin,2
Freart_IdeaDellaPerfezione.xml,GiorgioVasari,10
Freart_IdeaDellaPerfezione.xml,GiovanniLanfranco,1
Freart_IdeaDellaPerfezione.xml,GiulioRomano,6
Freart_IdeaDellaPerfezione.xml,GuidoReni,2
Freart_IdeaDellaPerfezione.xml,JacopoTintoretto,1
Freart_IdeaDellaPerfezione.xml,LeonardoDaVinci,6
Freart_IdeaDellaPerfezione.xml,MarcantonioRaimondi,7
Freart_IdeaDellaPerfezione.xml,MichelAnge,18
Freart_IdeaDellaPerfezione.xml,NicolasPoussin,8
Freart_IdeaDellaPerfezione.xml,PaoloVeronese,1
Freart_IdeaDellaPerfezione.xml,Parmigianino,1
Freart_IdeaDellaPerfezione.xml,Raphael,63
Freart_IdeaDellaPerfezione.xml,RolandFreartDeChambray,1
Frey_CodiceMagliabechianoATIR.xml,AmbrogioLorenzetti,1
Frey_CodiceMagliabechianoATIR.xml,AndreaDelSarto,2
Frey_CodiceMagliabechianoATIR.xml,AndreaPisano,1
Frey_CodiceMagliabechianoATIR.xml,BartolomeoBellano,1
Frey_CodiceMagliabechianoATIR.xml,Bramante,8
Frey_CodiceMagliabechianoATIR.xml,BuonamicoBuffalmacco,4
Frey_CodiceMagliabechianoATIR.xml,Caradosso,1
Frey_CodiceMagliabechianoATIR.xml,Cimabue,12
Frey_CodiceMagliabechianoATIR.xml,Dante,11
Frey_CodiceMagliabechianoATIR.xml,Donatello,22
Frey_CodiceMagliabechianoATIR.xml,Duccio,2
Frey_CodiceMagliabechianoATIR.xml,Franciabigio,1
Frey_CodiceMagliabechianoATIR.xml,GaddoGaddi,2
Frey_CodiceMagliabechianoATIR.xml,Giottino,5
Frey_CodiceMagliabechianoATIR.xml,Giotto,27
Frey_CodiceMagliabechianoATIR.xml,GuidoReni,1
Frey_CodiceMagliabechianoATIR.xml,LeonardoDaVinci,14
Frey_CodiceMagliabechianoATIR.xml,LippoMemmi,5
Frey_CodiceMagliabechianoATIR.xml,Maggiore,3
Frey_CodiceMagliabechianoATIR.xml,Masaccio,6
Frey_CodiceMagliabechianoATIR.xml,MichelAnge,4
Frey_CodiceMagliabechianoATIR.xml,PaoloUccello,1
Frey_CodiceMagliabechianoATIR.xml,Perugin,5
Frey_CodiceMagliabechianoATIR.xml,PierreDeCortone,1
Frey_CodiceMagliabechianoATIR.xml,Raphael,16
Frey_CodiceMagliabechianoATIR.xml,RossoFiorentino,2
Frey_CodiceMagliabechianoATIR.xml,SandroBotticelli,1
Frey_CodiceMagliabechianoATIR.xml,SpinelloAretino,3
Frey_LibroAntonioBilliATIR.xml,AndreaDelSarto,1
Frey_LibroAntonioBilliATIR.xml,AndreaPisano,2
Frey_LibroAntonioBilliATIR.xml,BartolomeoBellano,1
Frey_LibroAntonioBilliATIR.xml,BuonamicoBuffalmacco,8
Frey_LibroAntonioBilliATIR.xml,Cimabue,10
Frey_LibroAntonioBilliATIR.xml,Dante,10
Frey_LibroAntonioBilliATIR.xml,Donatello,26
Frey_LibroAntonioBilliATIR.xml,Duccio,1
Frey_LibroAntonioBilliATIR.xml,GaddoGaddi,2
Frey_LibroAntonioBilliATIR.xml,Giottino,5
Frey_LibroAntonioBilliATIR.xml,Giotto,18
Frey_LibroAntonioBilliATIR.xml,LeonardoDaVinci,5
Frey_LibroAntonioBilliATIR.xml,LippoMemmi,5
Frey_LibroAntonioBilliATIR.xml,Maggiore,1
Frey_LibroAntonioBilliATIR.xml,Masaccio,7
Frey_LibroAntonioBilliATIR.xml,MichelAnge,3
Frey_LibroAntonioBilliATIR.xml,Perugin,1
Frey_LibroAntonioBilliATIR.xml,SpinelloAretino,5
Lomazzo_Idea.xml,AdrienVries,1
Lomazzo_Idea.xml,AlbrechtDurer,11
Lomazzo_Idea.xml,AlessandroVittoria,1
Lomazzo_Idea.xml,AndreaDelSarto,3
Lomazzo_Idea.xml,AndreaMantegna,16
Lomazzo_Idea.xml,AndreaSolario,1
Lomazzo_Idea.xml,AnnibaleFontana,1
Lomazzo_Idea.xml,AurelioLuini,3
Lomazzo_Idea.xml,BaccioBandinelli,2
Lomazzo_Idea.xml,BaldassareCastiglione,1
Lomazzo_Idea.xml,BaldassarrePeruzzi,4
Lomazzo_Idea.xml,Baroccio,4
Lomazzo_Idea.xml,BartolomeoPassarotti,1
Lomazzo_Idea.xml,Bassano,1
Lomazzo_Idea.xml,BenedettoVarchi,2
Lomazzo_Idea.xml,BernardinoButinone,2
Lomazzo_Idea.xml,BernardinoCampi,2
Lomazzo_Idea.xml,BernardinoFerrari,1
Lomazzo_Idea.xml,BernardinoGatti,1
Lomazzo_Idea.xml,BernardinoLanino,2
Lomazzo_Idea.xml,BernardinoLuini,2
Lomazzo_Idea.xml,BernardoZenale,6
Lomazzo_Idea.xml,Bramante,6
Lomazzo_Idea.xml,Bramantino,4
Lomazzo_Idea.xml,CamilloBoccaccino,6
Lomazzo_Idea.xml,CamilloProcaccini,1
Lomazzo_Idea.xml,Caradosso,1
Lomazzo_Idea.xml,CesareCesariano,1
Lomazzo_Idea.xml,CesareDaSesto,4
Lomazzo_Idea.xml,Cimabue,2
Lomazzo_Idea.xml,Correge,8
Lomazzo_Idea.xml,DanieleBarbaro,1
Lomazzo_Idea.xml,DanieleDaVolterra,2
Lomazzo_Idea.xml,Dante,2
Lomazzo_Idea.xml,DenysCalvaert,3
Lomazzo_Idea.xml,DirckBarendsz,1
Lomazzo_Idea.xml,DomenicoFontana,1
Lomazzo_Idea.xml,ErcoleProcacciniI,2
Lomazzo_Idea.xml,FedericoZuccaro,1
Lomazzo_Idea.xml,FrancescoBassano,2
Lomazzo_Idea.xml,FrancescoBrambillaIlGiovane,1
Lomazzo_Idea.xml,FrancescoMelzi,3
Lomazzo_Idea.xml,FrancescoPrimaticcio,1
Lomazzo_Idea.xml,FrancescoSalviati,1
Lomazzo_Idea.xml,GentileBellini,1
Lomazzo_Idea.xml,GiacomoNizzola,1
Lomazzo_Idea.xml,Giambologna,2
Lomazzo_Idea.xml,GianelloTorriani,1
Lomazzo_Idea.xml,GiorgioVasari,4
Lomazzo_Idea.xml,Giorgione,4
Lomazzo_Idea.xml,Giotto,1
Lomazzo_Idea.xml,GiovanniBattistaCastello,1
Lomazzo_Idea.xml,GiovanniBattistaClarici,1
Lomazzo_Idea.xml,GiovanniBellini,1
Lomazzo_Idea.xml,GiovanniFrancescoPenni,1
Lomazzo_Idea.xml,GiovanniPaoloLomazzo,7
Lomazzo_Idea.xml,GiovanniPietroGnocchi,1
Lomazzo_Idea.xml,GirolamoMacchietti,1
Lomazzo_Idea.xml,GiulioCampi,2
Lomazzo_Idea.xml,GiulioClovio,1
Lomazzo_Idea.xml,GiulioRomano,3
Lomazzo_Idea.xml,GiuseppeArchimboldo,5
Lomazzo_Idea.xml,GiuseppeCesari,1
Lomazzo_Idea.xml,GiuseppeMeda,2
Lomazzo_Idea.xml,HansSebaldLautensack,1
Lomazzo_Idea.xml,HennequinDeBruges,1
Lomazzo_Idea.xml,JacopoBassano,2
Lomazzo_Idea.xml,JacopoBertoia,1
Lomazzo_Idea.xml,JacopoLigozzi,1
Lomazzo_Idea.xml,JacopoPalmaIlGiovane,2
Lomazzo_Idea.xml,JacopoPalmaIlVecchio,2
Lomazzo_Idea.xml,JacopoTintoretto,4
Lomazzo_Idea.xml,JanRost,1
Lomazzo_Idea.xml,JanSoens,1
Lomazzo_Idea.xml,JuanDeHerreraDeMaliano,1
Lomazzo_Idea.xml,LaviniaFontana,1
Lomazzo_Idea.xml,LazzaroCalvi,1
Lomazzo_Idea.xml,LeonBattistaAlberti,2
Lomazzo_Idea.xml,LeonardoDaVinci,27
Lomazzo_Idea.xml,LeoneLeoni,3
Lomazzo_Idea.xml,Lorenzetto,3
Lomazzo_Idea.xml,LorenzoSabatini,1
Lomazzo_Idea.xml,LucaCambiaso,4
Lomazzo_Idea.xml,LucasVanLeyden,1
Lomazzo_Idea.xml,LudovicoMazzolino,2
Lomazzo_Idea.xml,MaertenDeVos,1
Lomazzo_Idea.xml,Maggiore,1
Lomazzo_Idea.xml,MarcoPino,3
Lomazzo_Idea.xml,MartinoBassi,1
Lomazzo_Idea.xml,MaturinoFiorentino,2
Lomazzo_Idea.xml,MichelAnge,40
Lomazzo_Idea.xml,NicoloDellAbbate,1
Lomazzo_Idea.xml,OttavioSemino,1
Lomazzo_Idea.xml,PaoloCamilloLandriani,1
Lomazzo_Idea.xml,PaoloPino,1
Lomazzo_Idea.xml,PaoloVeronese,3
Lomazzo_Idea.xml,ParisBordone,1
Lomazzo_Idea.xml,Parmigianino,1
Lomazzo_Idea.xml,PellegrinoTibaldi,3
Lomazzo_Idea.xml,PietroBuonaccorsi,3
Lomazzo_Idea.xml,PolidoroDaCaravaggio,16
Lomazzo_Idea.xml,PompeoLeoni,2
Lomazzo_Idea.xml,PomponioGaurico,1
Lomazzo_Idea.xml,PomponioVecellio,1
Lomazzo_Idea.xml,Pordenone,1
Lomazzo_Idea.xml,ProsperoFontana,2
Lomazzo_Idea.xml,PrudentiaVanDiependale,1
Lomazzo_Idea.xml,Raphael,35
Lomazzo_Idea.xml,RichardTaurigny,1
Lomazzo_Idea.xml,RossoFiorentino,3
Lomazzo_Idea.xml,SebastianoDelPiombo,3
Lomazzo_Idea.xml,SebastianoSerlio,1
Lomazzo_Idea.xml,SimonePeterzano,2
Lomazzo_Idea.xml,Stradanus,1
Lomazzo_Idea.xml,Titien,22
Lomazzo_Idea.xml,ValeriusVanDiependale,1
Lomazzo_Idea.xml,VincenzoCiverchio,1
Lomazzo_Idea.xml,VincenzoFoppa,6
Lomazzo_TraicteProportion.xml,AlbrechtDurer,4
Lomazzo_TraicteProportion.xml,AmbrogioFigino,1
Lomazzo_TraicteProportion.xml,AndreaDelSarto,1
Lomazzo_TraicteProportion.xml,AndreaMantegna,1
Lomazzo_TraicteProportion.xml,AntonioTempesta,1
Lomazzo_TraicteProportion.xml,BaldassarrePeruzzi,10
Lomazzo_TraicteProportion.xml,BernardinoLuini,1
Lomazzo_TraicteProportion.xml,BernardoZenale,2
Lomazzo_TraicteProportion.xml,Bramante,2
Lomazzo_TraicteProportion.xml,Bramantino,1
Lomazzo_TraicteProportion.xml,Caravage,1
Lomazzo_TraicteProportion.xml,CherubinoAlberti,1
Lomazzo_TraicteProportion.xml,Correge,2
Lomazzo_TraicteProportion.xml,FedericoZuccaro,1
Lomazzo_TraicteProportion.xml,Gaudenzio,5
Lomazzo_TraicteProportion.xml,GiorgioVasari,1
Lomazzo_TraicteProportion.xml,Giotto,1
Lomazzo_TraicteProportion.xml,GiovanniPaoloLomazzo,57
Lomazzo_TraicteProportion.xml,GiuseppeCesari,2
Lomazzo_TraicteProportion.xml,Guerchin,1
Lomazzo_TraicteProportion.xml,GuidoReni,2
Lomazzo_TraicteProportion.xml,HansSebaldLautensack,1
Lomazzo_TraicteProportion.xml,HilairePader,6
Lomazzo_TraicteProportion.xml,JacopoBarozziDaVignola,8
Lomazzo_TraicteProportion.xml,JacopoTintoretto,1
Lomazzo_TraicteProportion.xml,LeonBattistaAlberti,1
Lomazzo_TraicteProportion.xml,LeonardoDaVinci,6
Lomazzo_TraicteProportion.xml,MarcoPino,1
Lomazzo_TraicteProportion.xml,MichelAnge,13
Lomazzo_TraicteProportion.xml,NiccoloTornioli,1
Lomazzo_TraicteProportion.xml,NicolasPoussin,1
Lomazzo_TraicteProportion.xml,Parmigianino,2
Lomazzo_TraicteProportion.xml,PietroBuonaccorsi,1
Lomazzo_TraicteProportion.xml,PolidoroDaCaravaggio,4
Lomazzo_TraicteProportion.xml,Raphael,12
Lomazzo_TraicteProportion.xml,RossoFiorentino,1
Lomazzo_TraicteProportion.xml,SebastianoSerlio,4
Lomazzo_TraicteProportion.xml,Titien,8
Lomazzo_TraicteProportion.xml,VincenzoFoppa,1
Lomazzo_TrattatoATIR.xml,AlbrechtDurer,30
Lomazzo_TrattatoATIR.xml,AndreaDelSarto,6
Lomazzo_TrattatoATIR.xml,AndreaMantegna,14
Lomazzo_TrattatoATIR.xml,AndreaSolario,1
Lomazzo_TrattatoATIR.xml,AnnibaleFontana,2
Lomazzo_TrattatoATIR.xml,BaccioBandinelli,4
Lomazzo_TrattatoATIR.xml,BaldassarrePeruzzi,14
Lomazzo_TrattatoATIR.xml,Baroccio,2
Lomazzo_TrattatoATIR.xml,Bassano,2
Lomazzo_TrattatoATIR.xml,BenedettoVarchi,2
Lomazzo_TrattatoATIR.xml,BernardinoButinone,2
Lomazzo_TrattatoATIR.xml,BernardinoCampi,1
Lomazzo_TrattatoATIR.xml,BernardinoGatti,1
Lomazzo_TrattatoATIR.xml,BernardinoLanino,1
Lomazzo_TrattatoATIR.xml,BernardoZenale,9
Lomazzo_TrattatoATIR.xml,Bramante,16
Lomazzo_TrattatoATIR.xml,Bramantino,13
Lomazzo_TrattatoATIR.xml,Caradosso,3
Lomazzo_TrattatoATIR.xml,CesareCesariano,1
Lomazzo_TrattatoATIR.xml,CesareDaSesto,16
Lomazzo_TrattatoATIR.xml,Cimabue,3
Lomazzo_TrattatoATIR.xml,Correge,14
Lomazzo_TrattatoATIR.xml,DanieleBarbaro,2
Lomazzo_TrattatoATIR.xml,DanieleDaVolterra,3
Lomazzo_TrattatoATIR.xml,Dante,34
Lomazzo_TrattatoATIR.xml,Donatello,3
Lomazzo_TrattatoATIR.xml,FedericoZuccaro,2
Lomazzo_TrattatoATIR.xml,FrancescoBrambillaIlGiovane,1
Lomazzo_TrattatoATIR.xml,Gaudenzio,49
Lomazzo_TrattatoATIR.xml,GiorgioVasari,6
Lomazzo_TrattatoATIR.xml,Giorgione,8
Lomazzo_TrattatoATIR.xml,Giotto,3
Lomazzo_TrattatoATIR.xml,GiovanniBattistaClarici,1
Lomazzo_TrattatoATIR.xml,GiovanniFrancescoPenni,3
Lomazzo_TrattatoATIR.xml,GiovanniPaoloLomazzo,11
Lomazzo_TrattatoATIR.xml,GirolamoMuziano,1
Lomazzo_TrattatoATIR.xml,GiulioRomano,8
Lomazzo_TrattatoATIR.xml,GiuseppeArchimboldo,2
Lomazzo_TrattatoATIR.xml,GuidoReni,2
Lomazzo_TrattatoATIR.xml,HansSebaldLautensack,4
Lomazzo_TrattatoATIR.xml,JacopoBarozziDaVignola,2
Lomazzo_TrattatoATIR.xml,JacopoTintoretto,1
Lomazzo_TrattatoATIR.xml,LeonBattistaAlberti,2
Lomazzo_TrattatoATIR.xml,LeonardoDaVinci,66
Lomazzo_TrattatoATIR.xml,Lorenzetto,1
Lomazzo_TrattatoATIR.xml,LucaCambiaso,6
Lomazzo_TrattatoATIR.xml,LucasVanLeyden,2
Lomazzo_TrattatoATIR.xml,LudovicoMazzolino,10
Lomazzo_TrattatoATIR.xml,Maggiore,1
Lomazzo_TrattatoATIR.xml,MarcoPino,2
Lomazzo_TrattatoATIR.xml,MarioEquicola,2
Lomazzo_TrattatoATIR.xml,MartinoBassi,1
Lomazzo_TrattatoATIR.xml,Masaccio,1
Lomazzo_TrattatoATIR.xml,MaturinoFiorentino,5
Lomazzo_TrattatoATIR.xml,MichelAnge,26
Lomazzo_TrattatoATIR.xml,NicoloDellAbbate,1
Lomazzo_TrattatoATIR.xml,ParisBordone,1
Lomazzo_TrattatoATIR.xml,Parmigianino,6
Lomazzo_TrattatoATIR.xml,PellegrinoTibaldi,2
Lomazzo_TrattatoATIR.xml,Perugin,1
Lomazzo_TrattatoATIR.xml,PietroBuonaccorsi,11
Lomazzo_TrattatoATIR.xml,PolidoroDaCaravaggio,1
Lomazzo_TrattatoATIR.xml,PomponioVecellio,3
Lomazzo_TrattatoATIR.xml,Raphael,73
Lomazzo_TrattatoATIR.xml,RossoFiorentino,18
Lomazzo_TrattatoATIR.xml,SebastianoDelPiombo,2
Lomazzo_TrattatoATIR.xml,SebastianoSerlio,5
Lomazzo_TrattatoATIR.xml,SimonePeterzano,1
Lomazzo_TrattatoATIR.xml,Titien,37
Lomazzo_TrattatoATIR.xml,VincenzoCiverchio,3
Lomazzo_TrattatoATIR.xml,VincenzoFoppa,9
Marino_DicerieSacre.xml,AndreaDelSarto,1
Marino_DicerieSacre.xml,CesareDaSesto,1
Marino_DicerieSacre.xml,Correge,1
Marino_DicerieSacre.xml,FrancescoSalviati,1
Marino_DicerieSacre.xml,Giorgione,1
Marino_DicerieSacre.xml,GiovanniFrancescoPenni,3
Marino_DicerieSacre.xml,JacopoTintoretto,1
Marino_DicerieSacre.xml,LucaCambiaso,1
Marino_DicerieSacre.xml,MichelAnge,2
Marino_DicerieSacre.xml,PaoloVeronese,1
Marino_DicerieSacre.xml,Parmigianino,1
Marino_DicerieSacre.xml,PietroBuonaccorsi,1
Marino_DicerieSacre.xml,Pordenone,1
Marino_DicerieSacre.xml,Raphael,2
Marino_DicerieSacre.xml,Titien,1
Monier_HistoireArtsRapportDessein.xml,AdriaenCollaert,1
Monier_HistoireArtsRapportDessein.xml,AegidiusSadeler,1
Monier_HistoireArtsRapportDessein.xml,AgnoloBronzino,3
Monier_HistoireArtsRapportDessein.xml,AgnoloDiVentura,2
Monier_HistoireArtsRapportDessein.xml,AgostinoBusti,4
Monier_HistoireArtsRapportDessein.xml,AgostinoDiGiovanni,2
Monier_HistoireArtsRapportDessein.xml,AgostinoVeneziano,2
Monier_HistoireArtsRapportDessein.xml,Albane,1
Monier_HistoireArtsRapportDessein.xml,AlbrechtDurer,16
Monier_HistoireArtsRapportDessein.xml,AlessandroAlgardi,1
Monier_HistoireArtsRapportDessein.xml,AlessandroBonvicino,2
Monier_HistoireArtsRapportDessein.xml,AlessandroVittoria,1
Monier_HistoireArtsRapportDessein.xml,AlessoBaldovinetti,1
Monier_HistoireArtsRapportDessein.xml,AlfonsoLombardi,1
Monier_HistoireArtsRapportDessein.xml,AltichieroDaZevio,1
Monier_HistoireArtsRapportDessein.xml,AlviseCornaro,1
Monier_HistoireArtsRapportDessein.xml,AlviseVivarini,1
Monier_HistoireArtsRapportDessein.xml,AmbrogioLorenzetti,1
Monier_HistoireArtsRapportDessein.xml,AndreFelibien,1
Monier_HistoireArtsRapportDessein.xml,AndreaDelCastagno,2
Monier_HistoireArtsRapportDessein.xml,AndreaDelSarto,9
Monier_HistoireArtsRapportDessein.xml,AndreaMantegna,8
Monier_HistoireArtsRapportDessein.xml,AndreaPalladio,4
Monier_HistoireArtsRapportDessein.xml,AndreaPisano,6
Monier_HistoireArtsRapportDessein.xml,AndreaPrevitali,1
Monier_HistoireArtsRapportDessein.xml,AndreaSansovino,1
Monier_HistoireArtsRapportDessein.xml,AndreaSguazzella,1
Monier_HistoireArtsRapportDessein.xml,AndreaSolario,1
Monier_HistoireArtsRapportDessein.xml,AndreaTafiDiRico,2
Monier_HistoireArtsRapportDessein.xml,AndreaVerrocchio,6
Monier_HistoireArtsRapportDessein.xml,AngePolitien,1
Monier_HistoireArtsRapportDessein.xml,AnthonisMorVanDashorst,2
Monier_HistoireArtsRapportDessein.xml,AntonelloDeMessine,7
Monier_HistoireArtsRapportDessein.xml,AntonioBadile,1
Monier_HistoireArtsRapportDessein.xml,AntonioCampi,1
Monier_HistoireArtsRapportDessein.xml,AntonioDaSangalloIlGiovane,6
Monier_HistoireArtsRapportDessein.xml,AntonioDaSangalloIlVecchio,3
Monier_HistoireArtsRapportDessein.xml,AntonioLabacco,1
Monier_HistoireArtsRapportDessein.xml,AntonioPollaiuolo,1
Monier_HistoireArtsRapportDessein.xml,AntonioVivarini,1
Monier_HistoireArtsRapportDessein.xml,ArnolfoDiLapo,5
Monier_HistoireArtsRapportDessein.xml,BacciDiBelforte,1
Monier_HistoireArtsRapportDessein.xml,BaccioBandinelli,10
Monier_HistoireArtsRapportDessein.xml,BaccioDaMontelupo,1
Monier_HistoireArtsRapportDessein.xml,BaldassareCastiglione,1
Monier_HistoireArtsRapportDessein.xml,BaldassarrePeruzzi,11
Monier_HistoireArtsRapportDessein.xml,Baroccio,6
Monier_HistoireArtsRapportDessein.xml,BartolomeoAmmannati,1
Monier_HistoireArtsRapportDessein.xml,BartolomeoBellano,1
Monier_HistoireArtsRapportDessein.xml,BartolomeoCincani,2
Monier_HistoireArtsRapportDessein.xml,BartolomeoGenga,1
Monier_HistoireArtsRapportDessein.xml,BartolomeoSpani,1
Monier_HistoireArtsRapportDessein.xml,BartolomeoVivarini,1
Monier_HistoireArtsRapportDessein.xml,BartolommeoRamenghi,1
Monier_HistoireArtsRapportDessein.xml,Bassano,2
Monier_HistoireArtsRapportDessein.xml,BastianoDaSangallo,2
Monier_HistoireArtsRapportDessein.xml,BastianoMainardi,1
Monier_HistoireArtsRapportDessein.xml,BattistaDelMoro,3
Monier_HistoireArtsRapportDessein.xml,BattistaDossi,1
Monier_HistoireArtsRapportDessein.xml,BattistaFranco,2
Monier_HistoireArtsRapportDessein.xml,BattistaLorenzi,1
Monier_HistoireArtsRapportDessein.xml,BenedettoCoda,1
Monier_HistoireArtsRapportDessein.xml,BenedettoDaMaiano,3
Monier_HistoireArtsRapportDessein.xml,BenedettoDiada,1
Monier_HistoireArtsRapportDessein.xml,BenedettoGhirlandaio,1
Monier_HistoireArtsRapportDessein.xml,BenedettoPagni,1
Monier_HistoireArtsRapportDessein.xml,BenedettoVarchi,1
Monier_HistoireArtsRapportDessein.xml,BenvenutoCellini,2
Monier_HistoireArtsRapportDessein.xml,BernardinoGatti,1
Monier_HistoireArtsRapportDessein.xml,BernardoDaddi,1
Monier_HistoireArtsRapportDessein.xml,Bernin,1
Monier_HistoireArtsRapportDessein.xml,BertoldoDiGiovanni,1
Monier_HistoireArtsRapportDessein.xml,BoccaccioBoccaccino,1
Monier_HistoireArtsRapportDessein.xml,BonannoPisano,2
Monier_HistoireArtsRapportDessein.xml,Bramante,16
Monier_HistoireArtsRapportDessein.xml,Bramantino,1
Monier_HistoireArtsRapportDessein.xml,Brunelleschi,11
Monier_HistoireArtsRapportDessein.xml,BuonamicoBuffalmacco,1
Monier_HistoireArtsRapportDessein.xml,Buschetto,4
Monier_HistoireArtsRapportDessein.xml,CamilloBoccaccino,1
Monier_HistoireArtsRapportDessein.xml,CamilloProcaccini,1
Monier_HistoireArtsRapportDessein.xml,Caradosso,1
Monier_HistoireArtsRapportDessein.xml,Caravage,2
Monier_HistoireArtsRapportDessein.xml,CarloMaderno,1
Monier_HistoireArtsRapportDessein.xml,Carrache,18
Monier_HistoireArtsRapportDessein.xml,CesareCesariano,1
Monier_HistoireArtsRapportDessein.xml,CharlesAlphonseDuFresnoy,2
Monier_HistoireArtsRapportDessein.xml,CharlesLeBrun,1
Monier_HistoireArtsRapportDessein.xml,CherubinoAlberti,2
Monier_HistoireArtsRapportDessein.xml,CimaDaConegliano,1
Monier_HistoireArtsRapportDessein.xml,Cimabue,16
Monier_HistoireArtsRapportDessein.xml,ClaudeFrancois,3
Monier_HistoireArtsRapportDessein.xml,ConsiglioGherardi,1
Monier_HistoireArtsRapportDessein.xml,CornelisCort,1
Monier_HistoireArtsRapportDessein.xml,CornelisGalleI,1
Monier_HistoireArtsRapportDessein.xml,Correge,15
Monier_HistoireArtsRapportDessein.xml,CosimoBartoli,1
Monier_HistoireArtsRapportDessein.xml,CosimoRosselli,1
Monier_HistoireArtsRapportDessein.xml,CristoforoDaFerrara,1
Monier_HistoireArtsRapportDessein.xml,CristoforoLombardo,1
Monier_HistoireArtsRapportDessein.xml,CristoforoSolari,1
Monier_HistoireArtsRapportDessein.xml,DaneseCattaneo,1
Monier_HistoireArtsRapportDessein.xml,DanieleBarbaro,2
Monier_HistoireArtsRapportDessein.xml,DanieleDaVolterra,6
Monier_HistoireArtsRapportDessein.xml,Dante,3
Monier_HistoireArtsRapportDessein.xml,DarioDiGiovanni,1
Monier_HistoireArtsRapportDessein.xml,DavideGhirlandaio,1
Monier_HistoireArtsRapportDessein.xml,DianaScultoriGhisi,1
Monier_HistoireArtsRapportDessein.xml,DomenicoBeccafumi,4
Monier_HistoireArtsRapportDessein.xml,DomenicoBrusasorzi,1
Monier_HistoireArtsRapportDessein.xml,DomenicoDelBarbiere,2
Monier_HistoireArtsRapportDessein.xml,DomenicoFontana,2
Monier_HistoireArtsRapportDessein.xml,DomenicoGhirlandaio,8
Monier_HistoireArtsRapportDessein.xml,DomenicoTibaldi,2
Monier_HistoireArtsRapportDessein.xml,DomenicoVeneziano,5
Monier_HistoireArtsRapportDessein.xml,Dominiquin,1
Monier_HistoireArtsRapportDessein.xml,Donatello,10
Monier_HistoireArtsRapportDessein.xml,DossoDossi,4
Monier_HistoireArtsRapportDessein.xml,EneaVico,1
Monier_HistoireArtsRapportDessein.xml,ErcoleDeRoberti,2
Monier_HistoireArtsRapportDessein.xml,ErcoleProcacciniI,1
Monier_HistoireArtsRapportDessein.xml,EtienneDelaune,1
Monier_HistoireArtsRapportDessein.xml,EtienneDuperac,1
Monier_HistoireArtsRapportDessein.xml,EuropaAnguissola,1
Monier_HistoireArtsRapportDessein.xml,EustacheLeSueur,1
Monier_HistoireArtsRapportDessein.xml,FedericoZuccaro,9
Monier_HistoireArtsRapportDessein.xml,FermoGhisoniDaCaravaggio,1
Monier_HistoireArtsRapportDessein.xml,Filarete,1
Monier_HistoireArtsRapportDessein.xml,FraAngelico,2
Monier_HistoireArtsRapportDessein.xml,FraBartolomeo,8
Monier_HistoireArtsRapportDessein.xml,FraFilippoLippi,3
Monier_HistoireArtsRapportDessein.xml,FraPaolinoDaPistoia,1
Monier_HistoireArtsRapportDessein.xml,FrancescoBassano,2
Monier_HistoireArtsRapportDessein.xml,FrancescoBassanoIlVecchio,1
Monier_HistoireArtsRapportDessein.xml,FrancescoBonsignori,1
Monier_HistoireArtsRapportDessein.xml,FrancescoBoschi,1
Monier_HistoireArtsRapportDessein.xml,FrancescoBrambillaIlGiovane,1
Monier_HistoireArtsRapportDessein.xml,FrancescoFrancia,8
Monier_HistoireArtsRapportDessein.xml,FrancescoMelzi,1
Monier_HistoireArtsRapportDessein.xml,FrancescoPrimaticcio,20
Monier_HistoireArtsRapportDessein.xml,FrancescoSalviati,8
Monier_HistoireArtsRapportDessein.xml,FrancescoSquarcione,3
Monier_HistoireArtsRapportDessein.xml,FrancescoTorbido,2
Monier_HistoireArtsRapportDessein.xml,FrancescoVanni,1
Monier_HistoireArtsRapportDessein.xml,FrancescoVillamena,1
Monier_HistoireArtsRapportDessein.xml,FrancoisBunel,1
Monier_HistoireArtsRapportDessein.xml,FrancoisDuQuesnoy,2
Monier_HistoireArtsRapportDessein.xml,FrancoisMansart,1
Monier_HistoireArtsRapportDessein.xml,FransFlorisI,3
Monier_HistoireArtsRapportDessein.xml,FransFlorisII,1
Monier_HistoireArtsRapportDessein.xml,FransPourbusI,1
Monier_HistoireArtsRapportDessein.xml,GaleazzoCampi,1
Monier_HistoireArtsRapportDessein.xml,Garofalo,4
Monier_HistoireArtsRapportDessein.xml,Gaudenzio,1
Monier_HistoireArtsRapportDessein.xml,GentileBellini,10
Monier_HistoireArtsRapportDessein.xml,GentileDaFabriano,3
Monier_HistoireArtsRapportDessein.xml,GermainPilon,2
Monier_HistoireArtsRapportDessein.xml,GerolamoBassano,2
Monier_HistoireArtsRapportDessein.xml,GherardoStarnina,2
Monier_HistoireArtsRapportDessein.xml,GiacomoFantoni,1
Monier_HistoireArtsRapportDessein.xml,Giambologna,2
Monier_HistoireArtsRapportDessein.xml,GiorgioVasari,24
Monier_HistoireArtsRapportDessein.xml,Giorgione,15
Monier_HistoireArtsRapportDessein.xml,Giotto,21
Monier_HistoireArtsRapportDessein.xml,GiovanFrancescoCaroto,1
Monier_HistoireArtsRapportDessein.xml,GiovanniAntonioBoltraffio,1
Monier_HistoireArtsRapportDessein.xml,GiovanniBaglione,1
Monier_HistoireArtsRapportDessein.xml,GiovanniBandini,1
Monier_HistoireArtsRapportDessein.xml,GiovanniBattistaBassano,2
Monier_HistoireArtsRapportDessein.xml,GiovanniBattistaScultori,2
Monier_HistoireArtsRapportDessein.xml,GiovanniBattistiArmenini,2
Monier_HistoireArtsRapportDessein.xml,GiovanniBellini,7
Monier_HistoireArtsRapportDessein.xml,GiovanniBuonconsiglio,1
Monier_HistoireArtsRapportDessein.xml,GiovanniDaUdine,7
Monier_HistoireArtsRapportDessein.xml,GiovanniDiPietro,1
Monier_HistoireArtsRapportDessein.xml,GiovanniFrancescoPenni,6
Monier_HistoireArtsRapportDessein.xml,GiovanniGiacomoDellaPorta,1
Monier_HistoireArtsRapportDessein.xml,GiovanniGiocondo,11
Monier_HistoireArtsRapportDessein.xml,GiovanniJacopoCaraglio,2
Monier_HistoireArtsRapportDessein.xml,GiovanniLanfranco,3
Monier_HistoireArtsRapportDessein.xml,GiovanniMansueti,1
Monier_HistoireArtsRapportDessein.xml,GiovanniMariaFalconetto,3
Monier_HistoireArtsRapportDessein.xml,GiovanniMariaVerdizotti,2
Monier_HistoireArtsRapportDessein.xml,GiovanniPaoloLomazzo,8
Monier_HistoireArtsRapportDessein.xml,GiovanniPisano,2
Monier_HistoireArtsRapportDessein.xml,GirolamoCampagnola,1
Monier_HistoireArtsRapportDessein.xml,GirolamoDaCarpi,1
Monier_HistoireArtsRapportDessein.xml,GirolamoGenga,2
Monier_HistoireArtsRapportDessein.xml,GirolamoLombardo,1
Monier_HistoireArtsRapportDessein.xml,GirolamoMazzolaBedoli,1
Monier_HistoireArtsRapportDessein.xml,GirolamoMuziano,5
Monier_HistoireArtsRapportDessein.xml,GirolamoSiciolante,1
Monier_HistoireArtsRapportDessein.xml,GiulianoDaSangallo,2
Monier_HistoireArtsRapportDessein.xml,GiulioCampagnola,1
Monier_HistoireArtsRapportDessein.xml,GiulioCampi,3
Monier_HistoireArtsRapportDessein.xml,GiulioCesareProcaccini,1
Monier_HistoireArtsRapportDessein.xml,GiulioRomano,24
Monier_HistoireArtsRapportDessein.xml,GiuseppeCesari,3
Monier_HistoireArtsRapportDessein.xml,Guariento,1
Monier_HistoireArtsRapportDessein.xml,GuglielmoDellaPorta,1
Monier_HistoireArtsRapportDessein.xml,GuidoReni,2
Monier_HistoireArtsRapportDessein.xml,GuillaumeMarcillat,5
Monier_HistoireArtsRapportDessein.xml,HansHolbeinDeJonge,1
Monier_HistoireArtsRapportDessein.xml,HansSadeler,1
Monier_HistoireArtsRapportDessein.xml,HeinrichAldegrever,1
Monier_HistoireArtsRapportDessein.xml,HendrickGoltzius,1
Monier_HistoireArtsRapportDessein.xml,HieronimusBosch,1
Monier_HistoireArtsRapportDessein.xml,HieronymusCock,1
Monier_HistoireArtsRapportDessein.xml,HubertusGoltzius,1
Monier_HistoireArtsRapportDessein.xml,Ingegno,1
Monier_HistoireArtsRapportDessein.xml,InnocenzoFrancucci,1
Monier_HistoireArtsRapportDessein.xml,JacobBunel,4
Monier_HistoireArtsRapportDessein.xml,JacobMatham,1
Monier_HistoireArtsRapportDessein.xml,JacobelloDelFiore,1
Monier_HistoireArtsRapportDessein.xml,JacopoAvanzi,3
Monier_HistoireArtsRapportDessein.xml,JacopoBarozziDaVignola,15
Monier_HistoireArtsRapportDessein.xml,JacopoBassano,3
Monier_HistoireArtsRapportDessein.xml,JacopoBellini,3
Monier_HistoireArtsRapportDessein.xml,JacopoDaMontagnana,1
Monier_HistoireArtsRapportDessein.xml,JacopoDellaQuercia,1
Monier_HistoireArtsRapportDessein.xml,JacopoDiCasentino,5
Monier_HistoireArtsRapportDessein.xml,JacopoPalmaIlGiovane,3
Monier_HistoireArtsRapportDessein.xml,JacopoPalmaIlVecchio,2
Monier_HistoireArtsRapportDessein.xml,JacopoRipanda,1
Monier_HistoireArtsRapportDessein.xml,JacopoSansovino,12
Monier_HistoireArtsRapportDessein.xml,JacopoTintoretto,4
Monier_HistoireArtsRapportDessein.xml,JacquesAndrouetDuCerceau,1
Monier_HistoireArtsRapportDessein.xml,JacquesAngouleme,1
Monier_HistoireArtsRapportDessein.xml,JacquesDubroeucq,2
Monier_HistoireArtsRapportDessein.xml,JacquesLemercier,1
Monier_HistoireArtsRapportDessein.xml,JacquesSarazin,1
Monier_HistoireArtsRapportDessein.xml,JacquiotPonce,1
Monier_HistoireArtsRapportDessein.xml,JanCorneliszVermeyen,1
Monier_HistoireArtsRapportDessein.xml,JanSandersVanHemessen,1
Monier_HistoireArtsRapportDessein.xml,JanStevenVanCalcar,2
Monier_HistoireArtsRapportDessein.xml,JanVanDerStraet,2
Monier_HistoireArtsRapportDessein.xml,JanVanScorel,1
Monier_HistoireArtsRapportDessein.xml,JeanBullant,3
Monier_HistoireArtsRapportDessein.xml,JeanCousin,2
Monier_HistoireArtsRapportDessein.xml,JeanGoujon,2
Monier_HistoireArtsRapportDessein.xml,JehanBellegambe,1
Monier_HistoireArtsRapportDessein.xml,JoosVanCleve,1
Monier_HistoireArtsRapportDessein.xml,JoosVanWassenhove,1
Monier_HistoireArtsRapportDessein.xml,LambertLombard,3
Monier_HistoireArtsRapportDessein.xml,LancelotBlondeel,1
Monier_HistoireArtsRapportDessein.xml,LaviniaFontana,2
Monier_HistoireArtsRapportDessein.xml,LeandroBassano,2
Monier_HistoireArtsRapportDessein.xml,LeonBattistaAlberti,10
Monier_HistoireArtsRapportDessein.xml,LeonardoDaVinci,36
Monier_HistoireArtsRapportDessein.xml,LiberaleDaVerona,2
Monier_HistoireArtsRapportDessein.xml,LippoDalmasio,2
Monier_HistoireArtsRapportDessein.xml,LorenzoCanozi,1
Monier_HistoireArtsRapportDessein.xml,LorenzoCosta,7
Monier_HistoireArtsRapportDessein.xml,LorenzoGhiberti,7
Monier_HistoireArtsRapportDessein.xml,LorenzoNaldini,1
Monier_HistoireArtsRapportDessein.xml,LucaDellaRobbia,1
Monier_HistoireArtsRapportDessein.xml,LucaSignorelli,1
Monier_HistoireArtsRapportDessein.xml,LucasVanLeyden,5
Monier_HistoireArtsRapportDessein.xml,LuciaAnguissola,1
Monier_HistoireArtsRapportDessein.xml,LudovicoAriosto,1
Monier_HistoireArtsRapportDessein.xml,LudovicoMazzolino,1
Monier_HistoireArtsRapportDessein.xml,MaertenDeCock,1
Monier_HistoireArtsRapportDessein.xml,MaertenDeVos,4
Monier_HistoireArtsRapportDessein.xml,MaertenVanHeemskerck,1
Monier_HistoireArtsRapportDessein.xml,MarcantonioRaimondi,17
Monier_HistoireArtsRapportDessein.xml,MarcoBasaiti,2
Monier_HistoireArtsRapportDessein.xml,MarcoDOggiono,1
Monier_HistoireArtsRapportDessein.xml,MarcoDente,1
Monier_HistoireArtsRapportDessein.xml,MarcoZoppo,2
Monier_HistoireArtsRapportDessein.xml,MariettaTintoretto,1
Monier_HistoireArtsRapportDessein.xml,MariottoAlbertinelli,1
Monier_HistoireArtsRapportDessein.xml,MartinFreminet,1
Monier_HistoireArtsRapportDessein.xml,MartinoRota,1
Monier_HistoireArtsRapportDessein.xml,Masaccio,2
Monier_HistoireArtsRapportDessein.xml,MasoFiniguerra,1
Monier_HistoireArtsRapportDessein.xml,MatteoDiGiovanniCivitali,1
Monier_HistoireArtsRapportDessein.xml,MatthijsBril,1
Monier_HistoireArtsRapportDessein.xml,MichelAnge,74
Monier_HistoireArtsRapportDessein.xml,MichelICoxie,1
Monier_HistoireArtsRapportDessein.xml,MichelangeloAnselmi,1
Monier_HistoireArtsRapportDessein.xml,MicheleDiMatteo,1
Monier_HistoireArtsRapportDessein.xml,MicheleSanmicheli,3
Monier_HistoireArtsRapportDessein.xml,Michelozzo,1
Monier_HistoireArtsRapportDessein.xml,MinoDaFiesole,1
Monier_HistoireArtsRapportDessein.xml,NiccoloDaBologna,1
Monier_HistoireArtsRapportDessein.xml,NiccoloTribolo,1
Monier_HistoireArtsRapportDessein.xml,NicolaPisano,5
Monier_HistoireArtsRapportDessein.xml,NicolasPoussin,6
Monier_HistoireArtsRapportDessein.xml,NicoloDellAbbate,2
Monier_HistoireArtsRapportDessein.xml,NicoloRondinelli,1
Monier_HistoireArtsRapportDessein.xml,Orcagna,1
Monier_HistoireArtsRapportDessein.xml,OttavianoDaFaenza,1
Monier_HistoireArtsRapportDessein.xml,OttoVanVeen,2
Monier_HistoireArtsRapportDessein.xml,PaoloFarinati,1
Monier_HistoireArtsRapportDessein.xml,PaoloMorando,1
Monier_HistoireArtsRapportDessein.xml,PaoloRomano,2
Monier_HistoireArtsRapportDessein.xml,PaoloUccello,1
Monier_HistoireArtsRapportDessein.xml,PaoloVeronese,5
Monier_HistoireArtsRapportDessein.xml,ParisBordone,2
Monier_HistoireArtsRapportDessein.xml,Parmigianino,13
Monier_HistoireArtsRapportDessein.xml,PaulBril,1
Monier_HistoireArtsRapportDessein.xml,PellegrinoDaSanDaniele,1
Monier_HistoireArtsRapportDessein.xml,PellegrinoTibaldi,5
Monier_HistoireArtsRapportDessein.xml,Perugin,12
Monier_HistoireArtsRapportDessein.xml,PeterPaulRubens,2
Monier_HistoireArtsRapportDessein.xml,Petrarque,1
Monier_HistoireArtsRapportDessein.xml,PetrusChristus,1
Monier_HistoireArtsRapportDessein.xml,PhilibertDelorme,3
Monier_HistoireArtsRapportDessein.xml,PhilipGalle,1
Monier_HistoireArtsRapportDessein.xml,PierFrancescoFoschi,1
Monier_HistoireArtsRapportDessein.xml,PieroDiCosimo,1
Monier_HistoireArtsRapportDessein.xml,PieroPollaiuolo,1
Monier_HistoireArtsRapportDessein.xml,PieroVettori,1
Monier_HistoireArtsRapportDessein.xml,PierreDeCortone,2
Monier_HistoireArtsRapportDessein.xml,PierreLescot,1
Monier_HistoireArtsRapportDessein.xml,PierreMignard,1
Monier_HistoireArtsRapportDessein.xml,PierreMonier,1
Monier_HistoireArtsRapportDessein.xml,PieterBrueghelDeOude,1
Monier_HistoireArtsRapportDessein.xml,PieterCoeckeVanAelst,1
Monier_HistoireArtsRapportDessein.xml,PieterDeJodeI,2
Monier_HistoireArtsRapportDessein.xml,PieterPourbus,1
Monier_HistoireArtsRapportDessein.xml,PieterSaenredam,1
Monier_HistoireArtsRapportDessein.xml,PietroBembo,1
Monier_HistoireArtsRapportDessein.xml,PietroBuonaccorsi,10
Monier_HistoireArtsRapportDessein.xml,PietroCataneo,1
Monier_HistoireArtsRapportDessein.xml,PietroCavallini,2
Monier_HistoireArtsRapportDessein.xml,Pinturicchio,1
Monier_HistoireArtsRapportDessein.xml,PirroLigorio,7
Monier_HistoireArtsRapportDessein.xml,Pisanello,2
Monier_HistoireArtsRapportDessein.xml,PolidoroDaCaravaggio,6
Monier_HistoireArtsRapportDessein.xml,Pontormo,4
Monier_HistoireArtsRapportDessein.xml,Pordenone,3
Monier_HistoireArtsRapportDessein.xml,ProperziaDeRossi,2
Monier_HistoireArtsRapportDessein.xml,ProsperoFontana,3
Monier_HistoireArtsRapportDessein.xml,QuintenMetsys,2
Monier_HistoireArtsRapportDessein.xml,RaffaellinoDelColle,1
Monier_HistoireArtsRapportDessein.xml,Raphael,84
Monier_HistoireArtsRapportDessein.xml,RaphaelSadeler,1
Monier_HistoireArtsRapportDessein.xml,ReneBoyvin,1
Monier_HistoireArtsRapportDessein.xml,RogierVanDerWeyden,3
Monier_HistoireArtsRapportDessein.xml,Romanino,2
Monier_HistoireArtsRapportDessein.xml,RossoFiorentino,11
Monier_HistoireArtsRapportDessein.xml,SalomonDeBrosse,1
Monier_HistoireArtsRapportDessein.xml,SandroBotticelli,2
Monier_HistoireArtsRapportDessein.xml,SebastianoDelPiombo,9
Monier_HistoireArtsRapportDessein.xml,SebastianoSerlio,4
Monier_HistoireArtsRapportDessein.xml,SebastienBourdon,1
Monier_HistoireArtsRapportDessein.xml,SilvioCosini,1
Monier_HistoireArtsRapportDessein.xml,SimoneDeiCrocifissi,3
Monier_HistoireArtsRapportDessein.xml,Sodoma,1
Monier_HistoireArtsRapportDessein.xml,SofonisbaAnguissola,4
Monier_HistoireArtsRapportDessein.xml,SpinelloAretino,1
Monier_HistoireArtsRapportDessein.xml,StefanoDaVerona,1
Monier_HistoireArtsRapportDessein.xml,StefanoFiorentino,1
Monier_HistoireArtsRapportDessein.xml,TaddeoDiBartolo,1
Monier_HistoireArtsRapportDessein.xml,TaddeoGaddi,4
Monier_HistoireArtsRapportDessein.xml,TaddeoZuccaro,4
Monier_HistoireArtsRapportDessein.xml,Titien,30
Monier_HistoireArtsRapportDessein.xml,TizianoAspetti,1
Monier_HistoireArtsRapportDessein.xml,TommasoLombardo,1
Monier_HistoireArtsRapportDessein.xml,ToussaintDubreuil,2
Monier_HistoireArtsRapportDessein.xml,UgoDaCarpi,1
Monier_HistoireArtsRapportDessein.xml,ValerioDiSimoneCioli,1
Monier_HistoireArtsRapportDessein.xml,VanDyck,1
Monier_HistoireArtsRapportDessein.xml,VanEyck,8
Monier_HistoireArtsRapportDessein.xml,VincenzoCampi,1
Monier_HistoireArtsRapportDessein.xml,VincenzoCiverchio,1
Monier_HistoireArtsRapportDessein.xml,VincenzoFoppa,1
Monier_HistoireArtsRapportDessein.xml,VincenzoScamozzi,3
Monier_HistoireArtsRapportDessein.xml,VitaleDaBologna,2
Monier_HistoireArtsRapportDessein.xml,VittoreBelliniano,1
Monier_HistoireArtsRapportDessein.xml,VittoreCarpaccio,1
Monier_HistoireArtsRapportDessein.xml,ZenoneVeronese,1
Monier_HistoireArtsRapportDessein.xml,Zuccaro,1
Ottonelli_TrattatoDellaPittura.xml,AlbrechtDurer,1
Ottonelli_TrattatoDellaPittura.xml,AlessandroBonvicino,2
Ottonelli_TrattatoDellaPittura.xml,AndreaDelSarto,4
Ottonelli_TrattatoDellaPittura.xml,AndreaMantegna,1
Ottonelli_TrattatoDellaPittura.xml,AndreaVerrocchio,1
Ottonelli_TrattatoDellaPittura.xml,BartolomeoBellano,1
Ottonelli_TrattatoDellaPittura.xml,BenedettoVarchi,3
Ottonelli_TrattatoDellaPittura.xml,BuonamicoBuffalmacco,2
Ottonelli_TrattatoDellaPittura.xml,Caravage,2
Ottonelli_TrattatoDellaPittura.xml,CarloRidolfi,3
Ottonelli_TrattatoDellaPittura.xml,Carrache,3
Ottonelli_TrattatoDellaPittura.xml,Cimabue,3
Ottonelli_TrattatoDellaPittura.xml,Correge,3
Ottonelli_TrattatoDellaPittura.xml,Donatello,4
Ottonelli_TrattatoDellaPittura.xml,Gaudenzio,1
Ottonelli_TrattatoDellaPittura.xml,GiorgioVasari,18
Ottonelli_TrattatoDellaPittura.xml,Giorgione,3
Ottonelli_TrattatoDellaPittura.xml,Giotto,9
Ottonelli_TrattatoDellaPittura.xml,GiovanniBattistiArmenini,3
Ottonelli_TrattatoDellaPittura.xml,GiovanniBellini,1
Ottonelli_TrattatoDellaPittura.xml,GiovanniPaoloLomazzo,8
Ottonelli_TrattatoDellaPittura.xml,GiulioRomano,3
Ottonelli_TrattatoDellaPittura.xml,GuidoReni,7
Ottonelli_TrattatoDellaPittura.xml,JacopoTintoretto,6
Ottonelli_TrattatoDellaPittura.xml,LeonBattistaAlberti,1
Ottonelli_TrattatoDellaPittura.xml,LeonardoDaVinci,19
Ottonelli_TrattatoDellaPittura.xml,LiberaleDaVerona,1
Ottonelli_TrattatoDellaPittura.xml,LippoMemmi,1
Ottonelli_TrattatoDellaPittura.xml,LucaSignorelli,1
Ottonelli_TrattatoDellaPittura.xml,Maggiore,2
Ottonelli_TrattatoDellaPittura.xml,Masaccio,1
Ottonelli_TrattatoDellaPittura.xml,MichelAnge,11
Ottonelli_TrattatoDellaPittura.xml,NicoloDellAbbate,3
Ottonelli_TrattatoDellaPittura.xml,PaoloVeronese,6
Ottonelli_TrattatoDellaPittura.xml,Parmigianino,1
Ottonelli_TrattatoDellaPittura.xml,Perugin,3
Ottonelli_TrattatoDellaPittura.xml,PeterPaulRubens,3
Ottonelli_TrattatoDellaPittura.xml,PierreDeCortone,2
Ottonelli_TrattatoDellaPittura.xml,PietroBuonaccorsi,1
Ottonelli_TrattatoDellaPittura.xml,PietroCavallini,1
Ottonelli_TrattatoDellaPittura.xml,PietroTorrigiano,2
Ottonelli_TrattatoDellaPittura.xml,PolidoroDaCaravaggio,1
Ottonelli_TrattatoDellaPittura.xml,PomponioVecellio,1
Ottonelli_TrattatoDellaPittura.xml,Raphael,22
Ottonelli_TrattatoDellaPittura.xml,SandroBotticelli,1
Ottonelli_TrattatoDellaPittura.xml,Titien,20
Pader_LaPeintureParlante.xml,AlbrechtDurer,5
Pader_LaPeintureParlante.xml,BaccioBandinelli,1
Pader_LaPeintureParlante.xml,Bramante,1
Pader_LaPeintureParlante.xml,Carrache,1
Pader_LaPeintureParlante.xml,Correge,2
Pader_LaPeintureParlante.xml,GiovanniPaoloLomazzo,14
Pader_LaPeintureParlante.xml,GiuseppeCesari,1
Pader_LaPeintureParlante.xml,GuidoReni,2
Pader_LaPeintureParlante.xml,HilairePader,26
Pader_LaPeintureParlante.xml,JacopoTintoretto,4
Pader_LaPeintureParlante.xml,JeanChalette,1
Pader_LaPeintureParlante.xml,JeanCousin,4
Pader_LaPeintureParlante.xml,LaurentDeLaHyre,5
Pader_LaPeintureParlante.xml,LeonardoDaVinci,1
Pader_LaPeintureParlante.xml,LucaCambiaso,5
Pader_LaPeintureParlante.xml,MichelAnge,3
Pader_LaPeintureParlante.xml,NiccoloTornioli,1
Pader_LaPeintureParlante.xml,NicolasPoussin,12
Pader_LaPeintureParlante.xml,PaoloGuidotti,3
Pader_LaPeintureParlante.xml,Raphael,2
Pader_LaPeintureParlante.xml,Titien,2
Pader_SongeEnigmatique.xml,AbrahamBosse,1
Pader_SongeEnigmatique.xml,Albane,1
Pader_SongeEnigmatique.xml,AlbrechtDurer,1
Pader_SongeEnigmatique.xml,AlessandroAlgardi,1
Pader_SongeEnigmatique.xml,AndreaCamassei,1
Pader_SongeEnigmatique.xml,AndreaDelSarto,1
Pader_SongeEnigmatique.xml,AndreaMantegna,1
Pader_SongeEnigmatique.xml,AndreaPalladio,1
Pader_SongeEnigmatique.xml,AndreaSacchi,1
Pader_SongeEnigmatique.xml,AntivedutoGramatica,1
Pader_SongeEnigmatique.xml,AntonioTempesta,1
Pader_SongeEnigmatique.xml,BaccioBandinelli,1
Pader_SongeEnigmatique.xml,Baroccio,1
Pader_SongeEnigmatique.xml,BernardoCastello,1
Pader_SongeEnigmatique.xml,Bernin,1
Pader_SongeEnigmatique.xml,Bloemaert,1
Pader_SongeEnigmatique.xml,Bramante,1
Pader_SongeEnigmatique.xml,Caravage,1
Pader_SongeEnigmatique.xml,Carrache,1
Pader_SongeEnigmatique.xml,CesareRipa,1
Pader_SongeEnigmatique.xml,CesareVecellio,1
Pader_SongeEnigmatique.xml,CharlesAlphonseDuFresnoy,1
Pader_SongeEnigmatique.xml,CharlesErrard,1
Pader_SongeEnigmatique.xml,CharlesLeBrun,1
Pader_SongeEnigmatique.xml,ClaudeDeruet,1
Pader_SongeEnigmatique.xml,ClaudeFrancois,1
Pader_SongeEnigmatique.xml,ClaudeLorrain,1
Pader_SongeEnigmatique.xml,ClaudeMellan,1
Pader_SongeEnigmatique.xml,ClaudeVignon,1
Pader_SongeEnigmatique.xml,ClaudineBouzonnetStella,1
Pader_SongeEnigmatique.xml,Correge,1
Pader_SongeEnigmatique.xml,DanieleBarbaro,1
Pader_SongeEnigmatique.xml,DanieleDaVolterra,1
Pader_SongeEnigmatique.xml,Dante,1
Pader_SongeEnigmatique.xml,DomenicoFontana,1
Pader_SongeEnigmatique.xml,Dominiquin,1
Pader_SongeEnigmatique.xml,EustacheLeSueur,1
Pader_SongeEnigmatique.xml,FedeGalizia,1
Pader_SongeEnigmatique.xml,FedericoZuccaro,1
Pader_SongeEnigmatique.xml,FerdinandBol,1
Pader_SongeEnigmatique.xml,FrancescoMerano,1
Pader_SongeEnigmatique.xml,FrancescoMochi,1
Pader_SongeEnigmatique.xml,FrancescoPrimaticcio,1
Pader_SongeEnigmatique.xml,FrancescoSalviati,1
Pader_SongeEnigmatique.xml,FrancescoVillamena,1
Pader_SongeEnigmatique.xml,FrancoisDePoilly,1
Pader_SongeEnigmatique.xml,FrancoisDuQuesnoy,1
Pader_SongeEnigmatique.xml,FrancoisPerrier,1
Pader_SongeEnigmatique.xml,Gaudenzio,1
Pader_SongeEnigmatique.xml,GerardVanOpstal,1
Pader_SongeEnigmatique.xml,GermainPilon,1
Pader_SongeEnigmatique.xml,Giambologna,1
Pader_SongeEnigmatique.xml,GianelloTorriani,1
Pader_SongeEnigmatique.xml,GiorgioVasari,2
Pader_SongeEnigmatique.xml,GiovanniBaglione,1
Pader_SongeEnigmatique.xml,GiovanniBellini,1
Pader_SongeEnigmatique.xml,GiovanniFrancescoRomanelli,1
Pader_SongeEnigmatique.xml,GiovanniLanfranco,1
Pader_SongeEnigmatique.xml,GiovanniPaoloLomazzo,3
Pader_SongeEnigmatique.xml,GirardDesargues,1
Pader_SongeEnigmatique.xml,GirolamoMuziano,1
Pader_SongeEnigmatique.xml,GiulioClovio,1
Pader_SongeEnigmatique.xml,GiulioRomano,1
Pader_SongeEnigmatique.xml,GiuseppeArchimboldo,1
Pader_SongeEnigmatique.xml,GiuseppeCesari,1
Pader_SongeEnigmatique.xml,Guerchin,2
Pader_SongeEnigmatique.xml,GuidoReni,1
Pader_SongeEnigmatique.xml,HendrickGoltzius,1
Pader_SongeEnigmatique.xml,HennequinDeBruges,1
Pader_SongeEnigmatique.xml,HoraceLeBlanc,1
Pader_SongeEnigmatique.xml,IsraelSilvestre,1
Pader_SongeEnigmatique.xml,JacobBunel,1
Pader_SongeEnigmatique.xml,JacopoBarozziDaVignola,1
Pader_SongeEnigmatique.xml,JacopoBassano,1
Pader_SongeEnigmatique.xml,JacopoPalmaIlVecchio,1
Pader_SongeEnigmatique.xml,JacopoTintoretto,1
Pader_SongeEnigmatique.xml,JacquesAndrouetDuCerceau,1
Pader_SongeEnigmatique.xml,JacquesBellange,1
Pader_SongeEnigmatique.xml,JacquesBlanchard,1
Pader_SongeEnigmatique.xml,JacquesCallot,1
Pader_SongeEnigmatique.xml,JacquesCouplet,1
Pader_SongeEnigmatique.xml,JacquesFouquieres,1
Pader_SongeEnigmatique.xml,JacquesSarazin,1
Pader_SongeEnigmatique.xml,JacquesStella,2
Pader_SongeEnigmatique.xml,JacquiotPonce,1
Pader_SongeEnigmatique.xml,JanHarmenszMuller,1
Pader_SongeEnigmatique.xml,JeanBaptisteDeFaudran,1
Pader_SongeEnigmatique.xml,JeanChalette,1
Pader_SongeEnigmatique.xml,JeanCousin,1
Pader_SongeEnigmatique.xml,JeanDaret,1
Pader_SongeEnigmatique.xml,JeanGoujon,1
Pader_SongeEnigmatique.xml,JeanIIWaldor,1
Pader_SongeEnigmatique.xml,JeanLemaire,1
Pader_SongeEnigmatique.xml,JeanNocret,1
Pader_SongeEnigmatique.xml,JosephVarin,1
Pader_SongeEnigmatique.xml,JusepeDeRibera,1
Pader_SongeEnigmatique.xml,KarelDujardin,1
Pader_SongeEnigmatique.xml,LaurentDeLaHyre,1
Pader_SongeEnigmatique.xml,LaviniaFontana,1
Pader_SongeEnigmatique.xml,LeonBattistaAlberti,1
Pader_SongeEnigmatique.xml,LeonardoDaVinci,3
Pader_SongeEnigmatique.xml,LeoneLeoni,1
Pader_SongeEnigmatique.xml,LouisDeFoix,1
Pader_SongeEnigmatique.xml,LucaCambiaso,1
Pader_SongeEnigmatique.xml,LucasVanLeyden,1
Pader_SongeEnigmatique.xml,LudovicoAriosto,1
Pader_SongeEnigmatique.xml,MarcantonioRaimondi,1
Pader_SongeEnigmatique.xml,MartinDeCharmois,1
Pader_SongeEnigmatique.xml,MartinFreminet,1
Pader_SongeEnigmatique.xml,MatthausGreuter,1
Pader_SongeEnigmatique.xml,MaturinoFiorentino,1
Pader_SongeEnigmatique.xml,MichelAnge,4
Pader_SongeEnigmatique.xml,MichelDorigny,1
Pader_SongeEnigmatique.xml,Mignard,1
Pader_SongeEnigmatique.xml,NiccoloCircignani,1
Pader_SongeEnigmatique.xml,NiccoloTornioli,1
Pader_SongeEnigmatique.xml,NicolasBachelier,1
Pader_SongeEnigmatique.xml,NicolasChaperon,1
Pader_SongeEnigmatique.xml,NicolasDeLaFleur,1
Pader_SongeEnigmatique.xml,NicolasLoir,1
Pader_SongeEnigmatique.xml,NicolasPoussin,2
Pader_SongeEnigmatique.xml,OrazioDeFerrari,1
Pader_SongeEnigmatique.xml,PaoloVeronese,1
Pader_SongeEnigmatique.xml,PaulBril,1
Pader_SongeEnigmatique.xml,PaulFreartDeChantelou,1
Pader_SongeEnigmatique.xml,PeterPaulRubens,1
Pader_SongeEnigmatique.xml,Petrarque,1
Pader_SongeEnigmatique.xml,PhilippeDeChampaigne,1
Pader_SongeEnigmatique.xml,PierreAffre,1
Pader_SongeEnigmatique.xml,PierreCorneille,2
Pader_SongeEnigmatique.xml,PierreDeCortone,1
Pader_SongeEnigmatique.xml,PieterVanMol,1
Pader_SongeEnigmatique.xml,PietroAretino,1
Pader_SongeEnigmatique.xml,PietroBembo,1
Pader_SongeEnigmatique.xml,PietroTesta,1
Pader_SongeEnigmatique.xml,PietroTorrigiano,1
Pader_SongeEnigmatique.xml,PolidoroDaCaravaggio,1
Pader_SongeEnigmatique.xml,PrudentiaVanDiependale,1
Pader_SongeEnigmatique.xml,Raphael,4
Pader_SongeEnigmatique.xml,RaymondLafage,1
Pader_SongeEnigmatique.xml,RemyVuibert,1
Pader_SongeEnigmatique.xml,RichardTaurigny,1
Pader_SongeEnigmatique.xml,RobertNanteuil,1
Pader_SongeEnigmatique.xml,RolandFreartDeChambray,1
Pader_SongeEnigmatique.xml,RossoFiorentino,1
Pader_SongeEnigmatique.xml,Sadeler,1
Pader_SongeEnigmatique.xml,SebastianoDelPiombo,1
Pader_SongeEnigmatique.xml,SebastianoSerlio,1
Pader_SongeEnigmatique.xml,SebastienBourdon,2
Pader_SongeEnigmatique.xml,SimonVouet,1
Pader_SongeEnigmatique.xml,SofonisbaAnguissola,1
Pader_SongeEnigmatique.xml,StefanoDellaBella,1
Pader_SongeEnigmatique.xml,TaddeoZuccaro,1
Pader_SongeEnigmatique.xml,Titien,2
Pader_SongeEnigmatique.xml,Valentin,1
Pader_SongeEnigmatique.xml,VanDyck,1
Passeri_ViteATIR.xml,AlbrechtDurer,2
Passeri_ViteATIR.xml,AlessandroAlgardi,84
Passeri_ViteATIR.xml,AlviseCornaro,2
Passeri_ViteATIR.xml,AndreaDelSarto,2
Passeri_ViteATIR.xml,AndreaSacchi,20
Passeri_ViteATIR.xml,Baroccio,1
Passeri_ViteATIR.xml,BartholomaeusSpranger,1
Passeri_ViteATIR.xml,Bassano,1
Passeri_ViteATIR.xml,BenedettoVarchi,1
Passeri_ViteATIR.xml,Caravage,24
Passeri_ViteATIR.xml,Carrache,9
Passeri_ViteATIR.xml,Correge,9
Passeri_ViteATIR.xml,Dante,2
Passeri_ViteATIR.xml,DenysCalvaert,9
Passeri_ViteATIR.xml,DomenicoFontana,2
Passeri_ViteATIR.xml,Dominiquin,112
Passeri_ViteATIR.xml,FrancescoSalviati,1
Passeri_ViteATIR.xml,Gaudenzio,1
Passeri_ViteATIR.xml,GiorgioVasari,3
Passeri_ViteATIR.xml,GiovanniGiacomoDellaPorta,1
Passeri_ViteATIR.xml,Guerchin,9
Passeri_ViteATIR.xml,GuidoReni,120
Passeri_ViteATIR.xml,JosephVarin,2
Passeri_ViteATIR.xml,LaviniaFontana,1
Passeri_ViteATIR.xml,LeonardoDaVinci,7
Passeri_ViteATIR.xml,Maggiore,14
Passeri_ViteATIR.xml,MichelAnge,21
Passeri_ViteATIR.xml,NicolasPoussin,3
Passeri_ViteATIR.xml,NicoloDellAbbate,4
Passeri_ViteATIR.xml,PaoloVeronese,7
Passeri_ViteATIR.xml,Parmigianino,1
Passeri_ViteATIR.xml,Perugin,1
Passeri_ViteATIR.xml,PierFrancescoMola,2
Passeri_ViteATIR.xml,PierreDeCortone,35
Passeri_ViteATIR.xml,Raphael,3
Passeri_ViteATIR.xml,Titien,14
Passeri_ViteATIR.xml,VitaleDaBologna,3
Piles_AbregeViePeintres.xml,AbrahamBloemaert,3
Piles_AbregeViePeintres.xml,AbrahamJanssens,2
Piles_AbregeViePeintres.xml,AbrahamJanszVanDiepenbeeck,2
Piles_AbregeViePeintres.xml,AdamElsheimer,8
Piles_AbregeViePeintres.xml,AdamVanNoort,4
Piles_AbregeViePeintres.xml,AdriaenBrouwer,1
Piles_AbregeViePeintres.xml,AdriaenHanneman,2
Piles_AbregeViePeintres.xml,AegidiusSadeler,6
Piles_AbregeViePeintres.xml,AgnoloGaddi,3
Piles_AbregeViePeintres.xml,Agucchi,2
Piles_AbregeViePeintres.xml,Albane,10
Piles_AbregeViePeintres.xml,AlbrechtDurer,25
Piles_AbregeViePeintres.xml,AlbrechtDurerElder,1
Piles_AbregeViePeintres.xml,AlessandroAlgardi,1
Piles_AbregeViePeintres.xml,AlessandroBonvicino,1
Piles_AbregeViePeintres.xml,AlonsoChacon,1
Piles_AbregeViePeintres.xml,AmalteoPomponio,1
Piles_AbregeViePeintres.xml,AmbrogioLorenzetti,2
Piles_AbregeViePeintres.xml,AmbroiseDubois,1
Piles_AbregeViePeintres.xml,AndreFelibien,3
Piles_AbregeViePeintres.xml,AndreaBoscoli,1
Piles_AbregeViePeintres.xml,AndreaDelCastagno,6
Piles_AbregeViePeintres.xml,AndreaDelSarto,11
Piles_AbregeViePeintres.xml,AndreaFeltrini,2
Piles_AbregeViePeintres.xml,AndreaMantegna,8
Piles_AbregeViePeintres.xml,AndreaSacchi,2
Piles_AbregeViePeintres.xml,AndreaSguazzella,1
Piles_AbregeViePeintres.xml,AndreaTafiDiRico,2
Piles_AbregeViePeintres.xml,AndreaVerrocchio,4
Piles_AbregeViePeintres.xml,AndriesBoth,3
Piles_AbregeViePeintres.xml,AngePolitien,1
Piles_AbregeViePeintres.xml,AngeloDiLorentino,2
Piles_AbregeViePeintres.xml,AnthonieVanMontfoortBlocklandt,1
Piles_AbregeViePeintres.xml,AnthonisMorVanDashorst,4
Piles_AbregeViePeintres.xml,AntonelloDeMessine,4
Piles_AbregeViePeintres.xml,AntonioBadile,1
Piles_AbregeViePeintres.xml,AntonioCarracci,4
Piles_AbregeViePeintres.xml,AntonioDaTrento,1
Piles_AbregeViePeintres.xml,AntonioMariaPanico,1
Piles_AbregeViePeintres.xml,AntonioMini,2
Piles_AbregeViePeintres.xml,AntonioVeneziano,1
Piles_AbregeViePeintres.xml,AubinVouet,1
Piles_AbregeViePeintres.xml,BaccioBandinelli,7
Piles_AbregeViePeintres.xml,BaldassareCastiglione,1
Piles_AbregeViePeintres.xml,BaldassarrePeruzzi,4
Piles_AbregeViePeintres.xml,BalthazarGerbier,1
Piles_AbregeViePeintres.xml,BarnaDaSiena,1
Piles_AbregeViePeintres.xml,Baroccio,2
Piles_AbregeViePeintres.xml,BartholomaeusSpranger,10
Piles_AbregeViePeintres.xml,BartolomeoManfredi,3
Piles_AbregeViePeintres.xml,BartolommeoRamenghi,1
Piles_AbregeViePeintres.xml,Bassano,8
Piles_AbregeViePeintres.xml,BattistaDossi,1
Piles_AbregeViePeintres.xml,BenedettoCaliari,3
Piles_AbregeViePeintres.xml,BenedettoGhirlandaio,1
Piles_AbregeViePeintres.xml,BernaertVanOrley,4
Piles_AbregeViePeintres.xml,BernardinoLicinio,1
Piles_AbregeViePeintres.xml,Bloemaert,1
Piles_AbregeViePeintres.xml,BonifacioVeronese,1
Piles_AbregeViePeintres.xml,Bramante,5
Piles_AbregeViePeintres.xml,BuonamicoBuffalmacco,4
Piles_AbregeViePeintres.xml,Caravage,18
Piles_AbregeViePeintres.xml,CarelVanMander,6
Piles_AbregeViePeintres.xml,CarloCaliari,2
Piles_AbregeViePeintres.xml,CarloDati,1
Piles_AbregeViePeintres.xml,CarloRidolfi,3
Piles_AbregeViePeintres.xml,Carrache,121
Piles_AbregeViePeintres.xml,CasparNetscher,10
Piles_AbregeViePeintres.xml,CharlesAlphonseDuFresnoy,10
Piles_AbregeViePeintres.xml,CharlesBeaubrun,1
Piles_AbregeViePeintres.xml,CharlesDorigny,1
Piles_AbregeViePeintres.xml,CharlesLeBrun,22
Piles_AbregeViePeintres.xml,CharlesPoerson,1
Piles_AbregeViePeintres.xml,ChristophAmberger,1
Piles_AbregeViePeintres.xml,ChristophSchwarz,1
Piles_AbregeViePeintres.xml,Cimabue,4
Piles_AbregeViePeintres.xml,ClaudeLorrain,5
Piles_AbregeViePeintres.xml,ClaudeVignon,1
Piles_AbregeViePeintres.xml,CorneilleSchut,1
Piles_AbregeViePeintres.xml,CornelisCort,4
Piles_AbregeViePeintres.xml,CornelisIIBloemaert,1
Piles_AbregeViePeintres.xml,CornelisVanHaarlem,2
Piles_AbregeViePeintres.xml,CornelisVanHeem,1
Piles_AbregeViePeintres.xml,CornelisVanPoelenburgh,2
Piles_AbregeViePeintres.xml,Correge,24
Piles_AbregeViePeintres.xml,CosimoRosselli,1
Piles_AbregeViePeintres.xml,DanielSeghers,1
Piles_AbregeViePeintres.xml,DanieleDaVolterra,3
Piles_AbregeViePeintres.xml,Dante,1
Piles_AbregeViePeintres.xml,DavidITeniers,2
Piles_AbregeViePeintres.xml,DavidTeniers,4
Piles_AbregeViePeintres.xml,DavideGhirlandaio,1
Piles_AbregeViePeintres.xml,DenysCalvaert,2
Piles_AbregeViePeintres.xml,DirckBarendsz,3
Piles_AbregeViePeintres.xml,DomenicoBeccafumi,5
Piles_AbregeViePeintres.xml,DomenicoGhirlandaio,3
Piles_AbregeViePeintres.xml,DomenicoTibaldi,1
Piles_AbregeViePeintres.xml,DomenicoVeneziano,7
Piles_AbregeViePeintres.xml,DominiqueLampsonius,2
Piles_AbregeViePeintres.xml,Dominiquin,20
Piles_AbregeViePeintres.xml,Dossi,1
Piles_AbregeViePeintres.xml,DossoDossi,2
Piles_AbregeViePeintres.xml,Duccio,2
Piles_AbregeViePeintres.xml,ErasmusIIQuellinus,2
Piles_AbregeViePeintres.xml,EtienneDuperac,1
Piles_AbregeViePeintres.xml,EtienneRendu,1
Piles_AbregeViePeintres.xml,EustacheLeSueur,2
Piles_AbregeViePeintres.xml,FedericoZuccaro,8
Piles_AbregeViePeintres.xml,FerdinandElle,2
Piles_AbregeViePeintres.xml,FilippinoLippi,3
Piles_AbregeViePeintres.xml,FraAngelico,3
Piles_AbregeViePeintres.xml,FraFilippoLippi,8
Piles_AbregeViePeintres.xml,FrancescoBassano,3
Piles_AbregeViePeintres.xml,FrancescoBassanoIlVecchio,1
Piles_AbregeViePeintres.xml,FrancescoDaSangallo,1
Piles_AbregeViePeintres.xml,FrancescoFrancia,5
Piles_AbregeViePeintres.xml,FrancescoPrimaticcio,10
Piles_AbregeViePeintres.xml,FrancescoSalviati,5
Piles_AbregeViePeintres.xml,FrancescoSquarcione,2
Piles_AbregeViePeintres.xml,FrancescoVanni,2
Piles_AbregeViePeintres.xml,FrancescoVecellio,2
Piles_AbregeViePeintres.xml,FrancoisBelin,2
Piles_AbregeViePeintres.xml,FrancoisDuQuesnoy,1
Piles_AbregeViePeintres.xml,FrancoisPerrier,4
Piles_AbregeViePeintres.xml,FrancoisStella,1
Piles_AbregeViePeintres.xml,FrancoisTortebat,1
Piles_AbregeViePeintres.xml,FransFlorisI,1
Piles_AbregeViePeintres.xml,FransFlorisII,3
Piles_AbregeViePeintres.xml,FransPourbusI,3
Piles_AbregeViePeintres.xml,FransVanMieris,2
Piles_AbregeViePeintres.xml,FriedrichIBrentel,3
Piles_AbregeViePeintres.xml,GabrielHonnet,1
Piles_AbregeViePeintres.xml,GabrieleCaliari,2
Piles_AbregeViePeintres.xml,GaddoGaddi,2
Piles_AbregeViePeintres.xml,GaspardDughet,1
Piles_AbregeViePeintres.xml,GentileBellini,7
Piles_AbregeViePeintres.xml,GentileDaFabriano,2
Piles_AbregeViePeintres.xml,GeorgGeldorp,1
Piles_AbregeViePeintres.xml,GeorgesLallemand,1
Piles_AbregeViePeintres.xml,GerardSeghers,2
Piles_AbregeViePeintres.xml,GerardTerborch,1
Piles_AbregeViePeintres.xml,GerolamoBassano,2
Piles_AbregeViePeintres.xml,GerritDou,5
Piles_AbregeViePeintres.xml,GerritVanHonthorst,6
Piles_AbregeViePeintres.xml,GherardoStarnina,1
Piles_AbregeViePeintres.xml,GiacomoCavedone,1
Piles_AbregeViePeintres.xml,Giambologna,1
Piles_AbregeViePeintres.xml,GianpaoloBonconti,2
Piles_AbregeViePeintres.xml,GijsbertVanVeen,1
Piles_AbregeViePeintres.xml,GiorgioVasari,24
Piles_AbregeViePeintres.xml,Giorgione,31
Piles_AbregeViePeintres.xml,Giottino,2
Piles_AbregeViePeintres.xml,Giotto,14
Piles_AbregeViePeintres.xml,GiovanniBaglione,1
Piles_AbregeViePeintres.xml,GiovanniBarile,1
Piles_AbregeViePeintres.xml,GiovanniBattistaBassano,2
Piles_AbregeViePeintres.xml,GiovanniBattistaMola,1
Piles_AbregeViePeintres.xml,GiovanniBattistaMoroni,1
Piles_AbregeViePeintres.xml,GiovanniBattistaRamenghi,1
Piles_AbregeViePeintres.xml,GiovanniBellini,17
Piles_AbregeViePeintres.xml,GiovanniBenedettoCastiglione,1
Piles_AbregeViePeintres.xml,GiovanniCesareTesta,1
Piles_AbregeViePeintres.xml,GiovanniDaUdine,10
Piles_AbregeViePeintres.xml,GiovanniDalPonte,1
Piles_AbregeViePeintres.xml,GiovanniFrancescoPenni,9
Piles_AbregeViePeintres.xml,GiovanniFrancescoRustici,2
Piles_AbregeViePeintres.xml,GiovanniLanfranco,15
Piles_AbregeViePeintres.xml,GiovanniPietroBellori,2
Piles_AbregeViePeintres.xml,GirardDesargues,1
Piles_AbregeViePeintres.xml,GirolamoGenga,2
Piles_AbregeViePeintres.xml,GirolamoMuziano,4
Piles_AbregeViePeintres.xml,GiulianoBugiardini,1
Piles_AbregeViePeintres.xml,GiulianoDaSangallo,1
Piles_AbregeViePeintres.xml,GiulioLicinio,5
Piles_AbregeViePeintres.xml,GiulioRomano,35
Piles_AbregeViePeintres.xml,GiuseppeCesari,11
Piles_AbregeViePeintres.xml,Guerchin,8
Piles_AbregeViePeintres.xml,GuidoReni,22
Piles_AbregeViePeintres.xml,GuillaumeDumee,1
Piles_AbregeViePeintres.xml,GuillaumeMarcillat,1
Piles_AbregeViePeintres.xml,HansBol,2
Piles_AbregeViePeintres.xml,HansHolbeinDeElder,1
Piles_AbregeViePeintres.xml,HansHolbeinDeJonge,12
Piles_AbregeViePeintres.xml,HansIRottenhammer,2
Piles_AbregeViePeintres.xml,HansSadeler,2
Piles_AbregeViePeintres.xml,HansVonAachen,3
Piles_AbregeViePeintres.xml,HeinrichAldegrever,1
Piles_AbregeViePeintres.xml,HendrickGoltzius,5
Piles_AbregeViePeintres.xml,HendrickGoudt,3
Piles_AbregeViePeintres.xml,HendrickIVanSteenwijck,1
Piles_AbregeViePeintres.xml,HendrickVerschuring,3
Piles_AbregeViePeintres.xml,HenriBeaubrun,1
Piles_AbregeViePeintres.xml,HenriLerambert,1
Piles_AbregeViePeintres.xml,HermanVanSwanevelt,1
Piles_AbregeViePeintres.xml,HieronymusCock,1
Piles_AbregeViePeintres.xml,HubertVanEyck,3
Piles_AbregeViePeintres.xml,HubertusGoltzius,2
Piles_AbregeViePeintres.xml,InnocenzoTacconni,1
Piles_AbregeViePeintres.xml,IsaacClaeszSwanenburgh,1
Piles_AbregeViePeintres.xml,IsaacMajor,3
Piles_AbregeViePeintres.xml,JacobBunel,2
Piles_AbregeViePeintres.xml,JacobHoefnagel,1
Piles_AbregeViePeintres.xml,JacobISavery,1
Piles_AbregeViePeintres.xml,JacobJordaens,3
Piles_AbregeViePeintres.xml,JacobMatham,1
Piles_AbregeViePeintres.xml,JacopoBarozziDaVignola,1
Piles_AbregeViePeintres.xml,JacopoBassano,11
Piles_AbregeViePeintres.xml,JacopoBellini,5
Piles_AbregeViePeintres.xml,JacopoDiCasentino,1
Piles_AbregeViePeintres.xml,JacopoPalmaIlGiovane,1
Piles_AbregeViePeintres.xml,JacopoPalmaIlVecchio,4
Piles_AbregeViePeintres.xml,JacopoTintoretto,26
Piles_AbregeViePeintres.xml,JacquesBellange,1
Piles_AbregeViePeintres.xml,JacquesBlanchard,4
Piles_AbregeViePeintres.xml,JacquesCallot,1
Piles_AbregeViePeintres.xml,JacquesFouquieres,2
Piles_AbregeViePeintres.xml,JacquesStella,9
Piles_AbregeViePeintres.xml,JanBoth,3
Piles_AbregeViePeintres.xml,JanBrueghel,1
Piles_AbregeViePeintres.xml,JanCorneliszVermeyen,2
Piles_AbregeViePeintres.xml,JanGossaert,7
Piles_AbregeViePeintres.xml,JanHarmenszMuller,1
Piles_AbregeViePeintres.xml,JanStevenVanCalcar,3
Piles_AbregeViePeintres.xml,JanVanDenHoecke,3
Piles_AbregeViePeintres.xml,JanVanDerStraet,1
Piles_AbregeViePeintres.xml,JanVanScorel,3
Piles_AbregeViePeintres.xml,JeanBaptisteDeChampaigne,1
Piles_AbregeViePeintres.xml,JeanCousin,6
Piles_AbregeViePeintres.xml,JeanICotelle,1
Piles_AbregeViePeintres.xml,JeromeBaullery,1
Piles_AbregeViePeintres.xml,JoachimVonSandrart,23
Piles_AbregeViePeintres.xml,JohannWilhelmBaur,5
Piles_AbregeViePeintres.xml,JohannesTorrentius,1
Piles_AbregeViePeintres.xml,JoosIIDeMomper,1
Piles_AbregeViePeintres.xml,JosephHeintz,1
Piles_AbregeViePeintres.xml,JosephVarin,1
Piles_AbregeViePeintres.xml,JusepeDeRibera,3
Piles_AbregeViePeintres.xml,JustusVanEgmont,2
Piles_AbregeViePeintres.xml,KarelVanManderII,1
Piles_AbregeViePeintres.xml,LambertLombard,8
Piles_AbregeViePeintres.xml,LambertSustris,1
Piles_AbregeViePeintres.xml,LambertVanNoort,1
Piles_AbregeViePeintres.xml,LambertZutman,3
Piles_AbregeViePeintres.xml,LaurentDeLaHyre,1
Piles_AbregeViePeintres.xml,LeandroBassano,3
Piles_AbregeViePeintres.xml,LeonBattistaAlberti,1
Piles_AbregeViePeintres.xml,LeonardoDaVinci,30
Piles_AbregeViePeintres.xml,LippoAndrea,1
Piles_AbregeViePeintres.xml,LippoMemmi,1
Piles_AbregeViePeintres.xml,Lorenzetto,1
Piles_AbregeViePeintres.xml,LorenzoCosta,1
Piles_AbregeViePeintres.xml,LorenzoDiBicci,1
Piles_AbregeViePeintres.xml,LorenzoLuzzo,2
Piles_AbregeViePeintres.xml,LouisBeaubrun,1
Piles_AbregeViePeintres.xml,LucaPenni,1
Piles_AbregeViePeintres.xml,LucaSignorelli,4
Piles_AbregeViePeintres.xml,LucasCornelisz,1
Piles_AbregeViePeintres.xml,LucasDeHeer,1
Piles_AbregeViePeintres.xml,LucasGassel,1
Piles_AbregeViePeintres.xml,LucasVanLeyden,6
Piles_AbregeViePeintres.xml,LucasVorsterman,1
Piles_AbregeViePeintres.xml,MaertenDeVos,3
Piles_AbregeViePeintres.xml,MaertenVanHeemskerck,3
Piles_AbregeViePeintres.xml,MarcantonioRaimondi,8
Piles_AbregeViePeintres.xml,MargaretheVanEyck,1
Piles_AbregeViePeintres.xml,MargaritoArezzo,2
Piles_AbregeViePeintres.xml,MariettaTintoretto,1
Piles_AbregeViePeintres.xml,MariottoAlbertinelli,1
Piles_AbregeViePeintres.xml,MartinFreminet,2
Piles_AbregeViePeintres.xml,Masaccio,3
Piles_AbregeViePeintres.xml,MasoFiniguerra,1
Piles_AbregeViePeintres.xml,MassimoStanzione,1
Piles_AbregeViePeintres.xml,Mastelletta,1
Piles_AbregeViePeintres.xml,MatthiasGrunewald,1
Piles_AbregeViePeintres.xml,MatthijsBril,4
Piles_AbregeViePeintres.xml,MaturinoFiorentino,4
Piles_AbregeViePeintres.xml,MelchiorIKusel,1
Piles_AbregeViePeintres.xml,MichaelWolgemut,1
Piles_AbregeViePeintres.xml,MichelAnge,71
Piles_AbregeViePeintres.xml,MichelCorneille,1
Piles_AbregeViePeintres.xml,MichelDorigny,3
Piles_AbregeViePeintres.xml,MichelICoxie,2
Piles_AbregeViePeintres.xml,MichielJanszVanMiereveld,1
Piles_AbregeViePeintres.xml,NicholasMignard,4
Piles_AbregeViePeintres.xml,NicolasBollery,1
Piles_AbregeViePeintres.xml,NicolasChaperon,1
Piles_AbregeViePeintres.xml,NicolasDuchesne,4
Piles_AbregeViePeintres.xml,NicolasLanglois,1
Piles_AbregeViePeintres.xml,NicolasLoir,1
Piles_AbregeViePeintres.xml,NicolasPoussin,32
Piles_AbregeViePeintres.xml,NicoloDellAbbate,2
Piles_AbregeViePeintres.xml,OrazioVecellio,2
Piles_AbregeViePeintres.xml,Orcagna,1
Piles_AbregeViePeintres.xml,OttoVanVeen,8
Piles_AbregeViePeintres.xml,PaoloUccello,2
Piles_AbregeViePeintres.xml,PaoloVeronese,28
Piles_AbregeViePeintres.xml,Parmigianino,14
Piles_AbregeViePeintres.xml,PaulBril,3
Piles_AbregeViePeintres.xml,PaulusPontius,1
Piles_AbregeViePeintres.xml,PellegrinoAretusi,2
Piles_AbregeViePeintres.xml,PellegrinoTibaldi,7
Piles_AbregeViePeintres.xml,Perugin,16
Piles_AbregeViePeintres.xml,PeterCandid,1
Piles_AbregeViePeintres.xml,PeterPaulRubens,74
Piles_AbregeViePeintres.xml,PeterVischer,1
Piles_AbregeViePeintres.xml,Petrarque,1
Piles_AbregeViePeintres.xml,PhilippUffenbach,1
Piles_AbregeViePeintres.xml,PhilippeDeChampaigne,13
Piles_AbregeViePeintres.xml,PierFrancescoMola,1
Piles_AbregeViePeintres.xml,PieroDellaFrancesca,3
Piles_AbregeViePeintres.xml,PieroDiCosimo,4
Piles_AbregeViePeintres.xml,PierreBoucle,1
Piles_AbregeViePeintres.xml,PierreCorneille,2
Piles_AbregeViePeintres.xml,PierreDeCortone,3
Piles_AbregeViePeintres.xml,PierreMignard,4
Piles_AbregeViePeintres.xml,PieterBrueghelDeOude,1
Piles_AbregeViePeintres.xml,PieterClaeszSoutman,1
Piles_AbregeViePeintres.xml,PieterCoeckeVanAelst,2
Piles_AbregeViePeintres.xml,PieterLastman,1
Piles_AbregeViePeintres.xml,PieterPourbus,1
Piles_AbregeViePeintres.xml,PieterVanLaer,6
Piles_AbregeViePeintres.xml,PieterVanMol,1
Piles_AbregeViePeintres.xml,PieterVanVeen,1
Piles_AbregeViePeintres.xml,PieterVlerick,1
Piles_AbregeViePeintres.xml,PietroAretino,1
Piles_AbregeViePeintres.xml,PietroBembo,1
Piles_AbregeViePeintres.xml,PietroBuonaccorsi,14
Piles_AbregeViePeintres.xml,PietroCavallini,2
Piles_AbregeViePeintres.xml,PietroLorenzetti,2
Piles_AbregeViePeintres.xml,PietroTesta,1
Piles_AbregeViePeintres.xml,PietroTorrigiano,1
Piles_AbregeViePeintres.xml,Pinturicchio,5
Piles_AbregeViePeintres.xml,Pisanello,1
Piles_AbregeViePeintres.xml,PolidoroDaCaravaggio,18
Piles_AbregeViePeintres.xml,PompeoLeoni,1
Piles_AbregeViePeintres.xml,Pontormo,3
Piles_AbregeViePeintres.xml,Pordenone,7
Piles_AbregeViePeintres.xml,ProsperoFontana,2
Piles_AbregeViePeintres.xml,QuintenMetsys,1
Piles_AbregeViePeintres.xml,RaffaelleSoprani,1
Piles_AbregeViePeintres.xml,Raphael,158
Piles_AbregeViePeintres.xml,Rembrandt,11
Piles_AbregeViePeintres.xml,RemeeVanLeemput,1
Piles_AbregeViePeintres.xml,RidolfoDelGhirlandaio,1
Piles_AbregeViePeintres.xml,RinaldoMantovano,1
Piles_AbregeViePeintres.xml,RoelandtSavery,3
Piles_AbregeViePeintres.xml,Romanino,1
Piles_AbregeViePeintres.xml,RossoFiorentino,7
Piles_AbregeViePeintres.xml,Sadeler,3
Piles_AbregeViePeintres.xml,SandroBotticelli,3
Piles_AbregeViePeintres.xml,SchelteBolswert,1
Piles_AbregeViePeintres.xml,SebastianoDelPiombo,8
Piles_AbregeViePeintres.xml,SebastianoSerlio,2
Piles_AbregeViePeintres.xml,SebastienBourdon,1
Piles_AbregeViePeintres.xml,SimonFrancois,1
Piles_AbregeViePeintres.xml,SimonVouet,17
Piles_AbregeViePeintres.xml,SistoBadalocchio,2
Piles_AbregeViePeintres.xml,SpinelloAretino,1
Piles_AbregeViePeintres.xml,StefanoFiorentino,4
Piles_AbregeViePeintres.xml,TaddeoDiBartolo,1
Piles_AbregeViePeintres.xml,TaddeoGaddi,1
Piles_AbregeViePeintres.xml,TaddeoZuccaro,5
Piles_AbregeViePeintres.xml,TheodorVanThulden,1
Piles_AbregeViePeintres.xml,TimoteoViti,1
Piles_AbregeViePeintres.xml,Titien,93
Piles_AbregeViePeintres.xml,TobiasStimmer,3
Piles_AbregeViePeintres.xml,ToussaintDubreuil,2
Piles_AbregeViePeintres.xml,UgoDaCarpi,1
Piles_AbregeViePeintres.xml,Valentin,3
Piles_AbregeViePeintres.xml,VanDyck,18
Piles_AbregeViePeintres.xml,VanEyck,9
Piles_AbregeViePeintres.xml,WillemJacobszDelff,1
Piles_AbregeViePeintres.xml,WillemKey,2
Piles_ConversationsConnaissancePeinture.xml,AbrahamJanszVanDiepenbeeck,1
Piles_ConversationsConnaissancePeinture.xml,AdamVanNoort,1
Piles_ConversationsConnaissancePeinture.xml,Albane,2
Piles_ConversationsConnaissancePeinture.xml,AndreFelibien,1
Piles_ConversationsConnaissancePeinture.xml,Bassano,1
Piles_ConversationsConnaissancePeinture.xml,Bramante,3
Piles_ConversationsConnaissancePeinture.xml,Caravage,1
Piles_ConversationsConnaissancePeinture.xml,CharlesAlphonseDuFresnoy,2
Piles_ConversationsConnaissancePeinture.xml,Cimabue,1
Piles_ConversationsConnaissancePeinture.xml,DomenicoGhirlandaio,1
Piles_ConversationsConnaissancePeinture.xml,Dominiquin,1
Piles_ConversationsConnaissancePeinture.xml,ErasmusIIQuellinus,1
Piles_ConversationsConnaissancePeinture.xml,FransSnyders,1
Piles_ConversationsConnaissancePeinture.xml,GiorgioVasari,4
Piles_ConversationsConnaissancePeinture.xml,GiulioRomano,3
Piles_ConversationsConnaissancePeinture.xml,Guerchin,2
Piles_ConversationsConnaissancePeinture.xml,GuidoReni,1
Piles_ConversationsConnaissancePeinture.xml,JacopoTintoretto,5
Piles_ConversationsConnaissancePeinture.xml,JanBrueghel,4
Piles_ConversationsConnaissancePeinture.xml,JanVanDenHoecke,1
Piles_ConversationsConnaissancePeinture.xml,JustusVanEgmont,1
Piles_ConversationsConnaissancePeinture.xml,LucasVorsterman,1
Piles_ConversationsConnaissancePeinture.xml,MichelAnge,18
Piles_ConversationsConnaissancePeinture.xml,NicolasLanglois,2
Piles_ConversationsConnaissancePeinture.xml,NicolasPoussin,6
Piles_ConversationsConnaissancePeinture.xml,OttoVanVeen,1
Piles_ConversationsConnaissancePeinture.xml,PaoloVeronese,10
Piles_ConversationsConnaissancePeinture.xml,PaulusPontius,1
Piles_ConversationsConnaissancePeinture.xml,Perugin,2
Piles_ConversationsConnaissancePeinture.xml,PeterPaulRubens,105
Piles_ConversationsConnaissancePeinture.xml,PieterDeJodeI,1
Piles_ConversationsConnaissancePeinture.xml,PietroAretino,1
Piles_ConversationsConnaissancePeinture.xml,Raphael,19
Piles_ConversationsConnaissancePeinture.xml,Rembrandt,1
Piles_ConversationsConnaissancePeinture.xml,RogerDePiles,2
Piles_ConversationsConnaissancePeinture.xml,SalvatorRosa,1
Piles_ConversationsConnaissancePeinture.xml,SchelteBolswert,1
Piles_ConversationsConnaissancePeinture.xml,TheodorVanThulden,1
Piles_ConversationsConnaissancePeinture.xml,Titien,15
Piles_ConversationsConnaissancePeinture.xml,Valentin,1
Piles_ConversationsConnaissancePeinture.xml,VanDyck,3
Piles_CoursPeinture.xml,AgostinoVeneziano,1
Piles_CoursPeinture.xml,Bassano,1
Piles_CoursPeinture.xml,Bernin,1
Piles_CoursPeinture.xml,Bramante,1
Piles_CoursPeinture.xml,Caravage,1
Piles_CoursPeinture.xml,CarloRidolfi,2
Piles_CoursPeinture.xml,Carrache,9
Piles_CoursPeinture.xml,CesareRipa,1
Piles_CoursPeinture.xml,CharlesAlphonseDuFresnoy,1
Piles_CoursPeinture.xml,CharlesLeBrun,3
Piles_CoursPeinture.xml,ClaudeLorrain,2
Piles_CoursPeinture.xml,CornelisCort,1
Piles_CoursPeinture.xml,Correge,4
Piles_CoursPeinture.xml,Dominiquin,1
Piles_CoursPeinture.xml,FrancoisTortebat,2
Piles_CoursPeinture.xml,GaetanoZumbo,2
Piles_CoursPeinture.xml,GiorgioVasari,5
Piles_CoursPeinture.xml,Giorgione,2
Piles_CoursPeinture.xml,GiovanniGonnelli,1
Piles_CoursPeinture.xml,GiulioRomano,3
Piles_CoursPeinture.xml,GuidoReni,1
Piles_CoursPeinture.xml,JacopoPalmaIlVecchio,1
Piles_CoursPeinture.xml,JacopoTintoretto,1
Piles_CoursPeinture.xml,JacquesFouquieres,1
Piles_CoursPeinture.xml,LeonardoDaVinci,3
Piles_CoursPeinture.xml,LucaCambiaso,1
Piles_CoursPeinture.xml,MichelAnge,9
Piles_CoursPeinture.xml,NicolasPoussin,6
Piles_CoursPeinture.xml,PaoloVeronese,5
Piles_CoursPeinture.xml,PaulBril,2
Piles_CoursPeinture.xml,PeterPaulRubens,21
Piles_CoursPeinture.xml,PhilippeThomassin,1
Piles_CoursPeinture.xml,PierreCorneille,1
Piles_CoursPeinture.xml,PieterBrueghelDeOude,2
Piles_CoursPeinture.xml,PolidoroDaCaravaggio,2
Piles_CoursPeinture.xml,Pordenone,1
Piles_CoursPeinture.xml,Raphael,53
Piles_CoursPeinture.xml,Rembrandt,3
Piles_CoursPeinture.xml,RoelandtSavery,1
Piles_CoursPeinture.xml,RogerDePiles,2
Piles_CoursPeinture.xml,Sadeler,1
Piles_CoursPeinture.xml,SebastienBourdon,4
Piles_CoursPeinture.xml,Titien,38
Piles_CoursPeinture.xml,VanDyck,14
Piles_DialogueColoris.xml,AbrahamBloemaert,2
Piles_DialogueColoris.xml,AndreFelibien,1
Piles_DialogueColoris.xml,Giorgione,1
Piles_DialogueColoris.xml,GiovanniGonnelli,1
Piles_DialogueColoris.xml,HendrickGoltzius,2
Piles_DialogueColoris.xml,MichelNatalis,2
Piles_DialogueColoris.xml,NicolasPoussin,4
Piles_DialogueColoris.xml,OttoVanVeen,3
Piles_DialogueColoris.xml,PeterPaulRubens,16
Piles_DialogueColoris.xml,PietroTesta,1
Piles_DialogueColoris.xml,PolidoroDaCaravaggio,1
Piles_DialogueColoris.xml,Raphael,7
Piles_DialogueColoris.xml,Titien,21
Piles_DialogueColoris.xml,VanDyck,3
Pino_DialogoPitturaATIR.xml,AlbrechtDurer,3
Pino_DialogoPitturaATIR.xml,AndreaMantegna,1
Pino_DialogoPitturaATIR.xml,Giotto,1
Pino_DialogoPitturaATIR.xml,LeonardoDaVinci,1
Pino_DialogoPitturaATIR.xml,MichelAnge,1
Pino_DialogoPitturaATIR.xml,PaoloPino,2
Pino_DialogoPitturaATIR.xml,PietroBuonaccorsi,1
Pino_DialogoPitturaATIR.xml,PomponioVecellio,3
Pino_DialogoPitturaATIR.xml,Titien,8
Varchi_LezzioniMemofonte.xml,AndreaDelSarto,1
Varchi_LezzioniMemofonte.xml,BenvenutoCellini,1
Varchi_LezzioniMemofonte.xml,Cimabue,1
Varchi_LezzioniMemofonte.xml,Dante,15
Varchi_LezzioniMemofonte.xml,Donatello,1
Varchi_LezzioniMemofonte.xml,GiorgioVasari,3
Varchi_LezzioniMemofonte.xml,Giotto,2
Varchi_LezzioniMemofonte.xml,GuidoReni,1
Varchi_LezzioniMemofonte.xml,MarcantonioRaimondi,1
Varchi_LezzioniMemofonte.xml,MichelAnge,24
Varchi_LezzioniMemofonte.xml,Titien,1
Vasari_Vite1551Memofonte.xml,AgnoloGaddi,1
Vasari_Vite1551Memofonte.xml,AlbertiDurante,3
Vasari_Vite1551Memofonte.xml,AlbrechtDurer,3
Vasari_Vite1551Memofonte.xml,AlessandroBonvicino,1
Vasari_Vite1551Memofonte.xml,AmbrogioLorenzetti,1
Vasari_Vite1551Memofonte.xml,AndreaDelSarto,8
Vasari_Vite1551Memofonte.xml,AndreaMantegna,9
Vasari_Vite1551Memofonte.xml,AndreaPisano,9
Vasari_Vite1551Memofonte.xml,AndreaVerrocchio,4
Vasari_Vite1551Memofonte.xml,AntonioMini,3
Vasari_Vite1551Memofonte.xml,BaccioBandinelli,10
Vasari_Vite1551Memofonte.xml,BartolomeoBellano,6
Vasari_Vite1551Memofonte.xml,Bramante,46
Vasari_Vite1551Memofonte.xml,Bramantino,3
Vasari_Vite1551Memofonte.xml,Brunelleschi,1
Vasari_Vite1551Memofonte.xml,BuonamicoBuffalmacco,15
Vasari_Vite1551Memofonte.xml,Buschetto,2
Vasari_Vite1551Memofonte.xml,Caradosso,1
Vasari_Vite1551Memofonte.xml,CarloRidolfi,3
Vasari_Vite1551Memofonte.xml,CesareDaSesto,1
Vasari_Vite1551Memofonte.xml,CesareRipa,5
Vasari_Vite1551Memofonte.xml,Cimabue,35
Vasari_Vite1551Memofonte.xml,Correge,4
Vasari_Vite1551Memofonte.xml,CosimoBartoli,2
Vasari_Vite1551Memofonte.xml,CosimoRosselli,5
Vasari_Vite1551Memofonte.xml,Dante,15
Vasari_Vite1551Memofonte.xml,DomenicoGhirlandaio,9
Vasari_Vite1551Memofonte.xml,Donatello,160
Vasari_Vite1551Memofonte.xml,Duccio,3
Vasari_Vite1551Memofonte.xml,FrancescoFrancia,1
Vasari_Vite1551Memofonte.xml,FrancescoPrimaticcio,1
Vasari_Vite1551Memofonte.xml,FrancescoSalviati,1
Vasari_Vite1551Memofonte.xml,Franciabigio,6
Vasari_Vite1551Memofonte.xml,GaddoGaddi,3
Vasari_Vite1551Memofonte.xml,Gaudenzio,1
Vasari_Vite1551Memofonte.xml,GherardoStarnina,2
Vasari_Vite1551Memofonte.xml,GiorgioVasari,12
Vasari_Vite1551Memofonte.xml,Giorgione,14
Vasari_Vite1551Memofonte.xml,Giottino,4
Vasari_Vite1551Memofonte.xml,Giotto,116
Vasari_Vite1551Memofonte.xml,GiovanniBaglione,3
Vasari_Vite1551Memofonte.xml,GiovanniFrancescoPenni,8
Vasari_Vite1551Memofonte.xml,GiovanniJacopoCaraglio,1
Vasari_Vite1551Memofonte.xml,GirolamoGenga,3
Vasari_Vite1551Memofonte.xml,GiulioRomano,18
Vasari_Vite1551Memofonte.xml,GuidoReni,7
Vasari_Vite1551Memofonte.xml,HennequinDeBruges,4
Vasari_Vite1551Memofonte.xml,LeonardoDaVinci,85
Vasari_Vite1551Memofonte.xml,LippoMemmi,8
Vasari_Vite1551Memofonte.xml,Lorenzetto,1
Vasari_Vite1551Memofonte.xml,LucaSignorelli,3
Vasari_Vite1551Memofonte.xml,Maggiore,20
Vasari_Vite1551Memofonte.xml,MarcantonioRaimondi,1
Vasari_Vite1551Memofonte.xml,MarcoDOggiono,1
Vasari_Vite1551Memofonte.xml,MarcoPino,1
Vasari_Vite1551Memofonte.xml,MargaritoArezzo,1
Vasari_Vite1551Memofonte.xml,MariottoAlbertinelli,6
Vasari_Vite1551Memofonte.xml,Masaccio,30
Vasari_Vite1551Memofonte.xml,MasoFiniguerra,2
Vasari_Vite1551Memofonte.xml,MaturinoFiorentino,13
Vasari_Vite1551Memofonte.xml,MichelAnge,52
Vasari_Vite1551Memofonte.xml,MinoDaFiesole,17
Vasari_Vite1551Memofonte.xml,NiccoloTribolo,2
Vasari_Vite1551Memofonte.xml,NicoloDellAbbate,1
Vasari_Vite1551Memofonte.xml,OttavianoDaFaenza,1
Vasari_Vite1551Memofonte.xml,PaoloRomano,1
Vasari_Vite1551Memofonte.xml,PaoloUccello,1
Vasari_Vite1551Memofonte.xml,Parmigianino,2
Vasari_Vite1551Memofonte.xml,Perugin,11
Vasari_Vite1551Memofonte.xml,PieroDellaFrancesca,2
Vasari_Vite1551Memofonte.xml,PierreDeCortone,7
Vasari_Vite1551Memofonte.xml,PietroBembo,1
Vasari_Vite1551Memofonte.xml,PietroBuonaccorsi,26
Vasari_Vite1551Memofonte.xml,PietroCavallini,3
Vasari_Vite1551Memofonte.xml,PietroLorenzetti,2
Vasari_Vite1551Memofonte.xml,PietroTorrigiano,5
Vasari_Vite1551Memofonte.xml,Pisanello,3
Vasari_Vite1551Memofonte.xml,PolidoroDaCaravaggio,2
Vasari_Vite1551Memofonte.xml,PomponioVecellio,1
Vasari_Vite1551Memofonte.xml,Pordenone,6
Vasari_Vite1551Memofonte.xml,ProsperoFontana,1
Vasari_Vite1551Memofonte.xml,Raphael,224
Vasari_Vite1551Memofonte.xml,RinaldoMantovano,2
Vasari_Vite1551Memofonte.xml,RossoFiorentino,36
Vasari_Vite1551Memofonte.xml,SandroBotticelli,5
Vasari_Vite1551Memofonte.xml,SebastianoSerlio,1
Vasari_Vite1551Memofonte.xml,SpinelloAretino,16
Vasari_Vite1551Memofonte.xml,Titien,16
Vasari_Vite1551Memofonte.xml,VitaleDaBologna,2
Vasari_Vite1568Memofonte.xml,AgnoloDiVentura,1
Vasari_Vite1568Memofonte.xml,AgnoloGaddi,1
Vasari_Vite1568Memofonte.xml,AgostinoBusti,1
Vasari_Vite1568Memofonte.xml,AlbertiDurante,13
Vasari_Vite1568Memofonte.xml,AlbrechtDurer,15
Vasari_Vite1568Memofonte.xml,AlessandroBonvicino,3
Vasari_Vite1568Memofonte.xml,AlviseCornaro,17
Vasari_Vite1568Memofonte.xml,AmbrogioLorenzetti,3
Vasari_Vite1568Memofonte.xml,AndreaDelSarto,52
Vasari_Vite1568Memofonte.xml,AndreaMantegna,18
Vasari_Vite1568Memofonte.xml,AndreaPalladio,11
Vasari_Vite1568Memofonte.xml,AndreaPisano,12
Vasari_Vite1568Memofonte.xml,AndreaSacchi,3
Vasari_Vite1568Memofonte.xml,AndreaVerrocchio,6
Vasari_Vite1568Memofonte.xml,AntonioMini,6
Vasari_Vite1568Memofonte.xml,BaccioBandinelli,35
Vasari_Vite1568Memofonte.xml,BaldassarrePeruzzi,5
Vasari_Vite1568Memofonte.xml,Baroccio,4
Vasari_Vite1568Memofonte.xml,BartolomeoBellano,14
Vasari_Vite1568Memofonte.xml,BenedettoVarchi,14
Vasari_Vite1568Memofonte.xml,BenvenutoCellini,8
Vasari_Vite1568Memofonte.xml,BernardinoGatti,2
Vasari_Vite1568Memofonte.xml,BernardoDaddi,2
Vasari_Vite1568Memofonte.xml,Bramante,92
Vasari_Vite1568Memofonte.xml,Bramantino,9
Vasari_Vite1568Memofonte.xml,Brunelleschi,2
Vasari_Vite1568Memofonte.xml,BuonamicoBuffalmacco,93
Vasari_Vite1568Memofonte.xml,Buschetto,5
Vasari_Vite1568Memofonte.xml,Caradosso,1
Vasari_Vite1568Memofonte.xml,Caravage,2
Vasari_Vite1568Memofonte.xml,CarloRidolfi,22
Vasari_Vite1568Memofonte.xml,CesareDaSesto,18
Vasari_Vite1568Memofonte.xml,CesareRipa,13
Vasari_Vite1568Memofonte.xml,Cimabue,64
Vasari_Vite1568Memofonte.xml,ConsiglioGherardi,1
Vasari_Vite1568Memofonte.xml,Correge,8
Vasari_Vite1568Memofonte.xml,CosimoBartoli,6
Vasari_Vite1568Memofonte.xml,CosimoRosselli,6
Vasari_Vite1568Memofonte.xml,DanieleDaVolterra,6
Vasari_Vite1568Memofonte.xml,Dante,50
Vasari_Vite1568Memofonte.xml,DomenicoGhirlandaio,7
Vasari_Vite1568Memofonte.xml,Donatello,223
Vasari_Vite1568Memofonte.xml,Duccio,10
Vasari_Vite1568Memofonte.xml,EneaVico,2
Vasari_Vite1568Memofonte.xml,FermoGhisoniDaCaravaggio,3
Vasari_Vite1568Memofonte.xml,FrancescoFrancia,1
Vasari_Vite1568Memofonte.xml,FrancescoPrimaticcio,31
Vasari_Vite1568Memofonte.xml,FrancescoSalviati,19
Vasari_Vite1568Memofonte.xml,FrancescoSquarcione,9
Vasari_Vite1568Memofonte.xml,Franciabigio,11
Vasari_Vite1568Memofonte.xml,GaddoGaddi,6
Vasari_Vite1568Memofonte.xml,Gaudenzio,2
Vasari_Vite1568Memofonte.xml,GherardoStarnina,2
Vasari_Vite1568Memofonte.xml,GiorgioVasari,287
Vasari_Vite1568Memofonte.xml,Giorgione,45
Vasari_Vite1568Memofonte.xml,Giottino,10
Vasari_Vite1568Memofonte.xml,Giotto,238
Vasari_Vite1568Memofonte.xml,GiovanFrancescoCaroto,1
Vasari_Vite1568Memofonte.xml,GiovanniBaglione,10
Vasari_Vite1568Memofonte.xml,GiovanniFrancescoPenni,10
Vasari_Vite1568Memofonte.xml,GiovanniFrancescoRustici,15
Vasari_Vite1568Memofonte.xml,GiovanniJacopoCaraglio,8
Vasari_Vite1568Memofonte.xml,GiovanniSanti,3
Vasari_Vite1568Memofonte.xml,GirolamoGenga,32
Vasari_Vite1568Memofonte.xml,GiulioRomano,39
Vasari_Vite1568Memofonte.xml,GiuseppePorta,1
Vasari_Vite1568Memofonte.xml,Guerchin,2
Vasari_Vite1568Memofonte.xml,GuidoReni,29
Vasari_Vite1568Memofonte.xml,HennequinDeBruges,4
Vasari_Vite1568Memofonte.xml,JacopoTintoretto,7
Vasari_Vite1568Memofonte.xml,LeonBattistaAlberti,2
Vasari_Vite1568Memofonte.xml,LeonardoDaVinci,225
Vasari_Vite1568Memofonte.xml,LeoneLeoni,1
Vasari_Vite1568Memofonte.xml,LiberaleDaVerona,22
Vasari_Vite1568Memofonte.xml,LippoMemmi,20
Vasari_Vite1568Memofonte.xml,Lorenzetto,1
Vasari_Vite1568Memofonte.xml,LucaSignorelli,8
Vasari_Vite1568Memofonte.xml,Maggiore,61
Vasari_Vite1568Memofonte.xml,MarcantonioRaimondi,49
Vasari_Vite1568Memofonte.xml,MarcoDOggiono,2
Vasari_Vite1568Memofonte.xml,MarcoPino,2
Vasari_Vite1568Memofonte.xml,MarcoZoppo,2
Vasari_Vite1568Memofonte.xml,MargaritoArezzo,1
Vasari_Vite1568Memofonte.xml,MariottoAlbertinelli,9
Vasari_Vite1568Memofonte.xml,Masaccio,34
Vasari_Vite1568Memofonte.xml,MasoFiniguerra,3
Vasari_Vite1568Memofonte.xml,MaturinoFiorentino,15
Vasari_Vite1568Memofonte.xml,MichelAnge,882
Vasari_Vite1568Memofonte.xml,MinoDaFiesole,28
Vasari_Vite1568Memofonte.xml,NiccoloTribolo,86
Vasari_Vite1568Memofonte.xml,NicoloDellAbbate,8
Vasari_Vite1568Memofonte.xml,OttavianoDaFaenza,1
Vasari_Vite1568Memofonte.xml,PaoloRomano,1
Vasari_Vite1568Memofonte.xml,PaoloVeronese,9
Vasari_Vite1568Memofonte.xml,ParisBordone,1
Vasari_Vite1568Memofonte.xml,Parmigianino,21
Vasari_Vite1568Memofonte.xml,Perugin,38
Vasari_Vite1568Memofonte.xml,PierreDeCortone,15
Vasari_Vite1568Memofonte.xml,PietroBembo,1
Vasari_Vite1568Memofonte.xml,PietroBuonaccorsi,43
Vasari_Vite1568Memofonte.xml,PietroCavallini,4
Vasari_Vite1568Memofonte.xml,PietroLorenzetti,6
Vasari_Vite1568Memofonte.xml,PietroTorrigiano,15
Vasari_Vite1568Memofonte.xml,PirroLigorio,7
Vasari_Vite1568Memofonte.xml,Pisanello,5
Vasari_Vite1568Memofonte.xml,PolidoroDaCaravaggio,1
Vasari_Vite1568Memofonte.xml,PomponioVecellio,6
Vasari_Vite1568Memofonte.xml,Pordenone,21
Vasari_Vite1568Memofonte.xml,ProsperoFontana,6
Vasari_Vite1568Memofonte.xml,Raphael,496
Vasari_Vite1568Memofonte.xml,RinaldoMantovano,3
Vasari_Vite1568Memofonte.xml,RossoFiorentino,101
Vasari_Vite1568Memofonte.xml,SandroBotticelli,8
Vasari_Vite1568Memofonte.xml,SebastianoDelPiombo,1
Vasari_Vite1568Memofonte.xml,SebastianoSerlio,5
Vasari_Vite1568Memofonte.xml,SilvioCosini,1
Vasari_Vite1568Memofonte.xml,SpinelloAretino,44
Vasari_Vite1568Memofonte.xml,Titien,141
Vasari_Vite1568Memofonte.xml,VitaleDaBologna,6
Vinci_TraitePeinture_fra.xml,LeonardoDaVinci,2
Vinci_TraitePeinture_fra.xml,NicolasPoussin,1
Vinci_TraitePeinture_fra.xml,PaulFreartDeChantelou,1
Vinci_TraitePeinture_fra.xml,RolandFreartDeChambray,1
Vinci_TrattatoPittura_ITA.xml,AbrahamBosse,1
Vinci_TrattatoPittura_ITA.xml,Alberti,5
Vinci_TrattatoPittura_ITA.xml,AlbrechtDurer,1
Vinci_TrattatoPittura_ITA.xml,AndreaSalaino,1
Vinci_TrattatoPittura_ITA.xml,AndreaVerrocchio,4
Vinci_TrattatoPittura_ITA.xml,AurelioLuini,1
Vinci_TrattatoPittura_ITA.xml,BaccioBandinelli,1
Vinci_TrattatoPittura_ITA.xml,BartolomeoAmmannati,1
Vinci_TrattatoPittura_ITA.xml,BenedettoVarchi,1
Vinci_TrattatoPittura_ITA.xml,BenvenutoCellini,1
Vinci_TrattatoPittura_ITA.xml,BernardinoCampi,1
Vinci_TrattatoPittura_ITA.xml,BernardinoLuini,2
Vinci_TrattatoPittura_ITA.xml,CarelVanMander,1
Vinci_TrattatoPittura_ITA.xml,CarloRidolfi,1
Vinci_TrattatoPittura_ITA.xml,Carrache,1
Vinci_TrattatoPittura_ITA.xml,CesareDaSesto,2
Vinci_TrattatoPittura_ITA.xml,CharlesErrard,2
Vinci_TrattatoPittura_ITA.xml,ConradGessner,2
Vinci_TrattatoPittura_ITA.xml,CosimoBartoli,7
Vinci_TrattatoPittura_ITA.xml,Donatello,2
Vinci_TrattatoPittura_ITA.xml,DonatoAcciaiuoli,1
Vinci_TrattatoPittura_ITA.xml,FedericoZuccaro,2
Vinci_TrattatoPittura_ITA.xml,FrancescoMelzi,3
Vinci_TrattatoPittura_ITA.xml,GiorgioVasari,18
Vinci_TrattatoPittura_ITA.xml,Giotto,1
Vinci_TrattatoPittura_ITA.xml,GiovanniAmbrogioMazenta,3
Vinci_TrattatoPittura_ITA.xml,GiovanniAntonioBoltraffio,1
Vinci_TrattatoPittura_ITA.xml,GiovanniBaglione,1
Vinci_TrattatoPittura_ITA.xml,GiovanniBattistiArmenini,1
Vinci_TrattatoPittura_ITA.xml,GiovanniPaoloLomazzo,11
Vinci_TrattatoPittura_ITA.xml,JeanLemaire,1
Vinci_TrattatoPittura_ITA.xml,JostAmman,1
Vinci_TrattatoPittura_ITA.xml,LeonBattistaAlberti,60
Vinci_TrattatoPittura_ITA.xml,LeonardoDaVinci,43
Vinci_TrattatoPittura_ITA.xml,MarcoDOggiono,1
Vinci_TrattatoPittura_ITA.xml,MarioEquicola,1
Vinci_TrattatoPittura_ITA.xml,MartinDeCharmois,1
Vinci_TrattatoPittura_ITA.xml,MichelAnge,8
Vinci_TrattatoPittura_ITA.xml,MichelinoDaBesozzo,1
Vinci_TrattatoPittura_ITA.xml,NicolasPoussin,2
Vinci_TrattatoPittura_ITA.xml,PaulFreartDeChantelou,2
Vinci_TrattatoPittura_ITA.xml,Perugin,2
Vinci_TrattatoPittura_ITA.xml,PompeoLeoni,2
Vinci_TrattatoPittura_ITA.xml,PomponioGaurico,1
Vinci_TrattatoPittura_ITA.xml,Raphael,2
Vinci_TrattatoPittura_ITA.xml,RolandFreartDeChambray,1
Vinci_TrattatoPittura_ITA.xml,Titien,1
Zuccari_IdeaPittori.xml,FedericoZuccaro,1
Zuccari_IdeaPittori.xml,GiorgioVasari,2
Zuccari_IdeaPittori.xml,GiovanniBattistiArmenini,3
Zuccari_Lettera.xml,AmbrogioFigino,1
Zuccari_Lettera.xml,AndreaDelSarto,1
Zuccari_Lettera.xml,AndreaMantegna,1
Zuccari_Lettera.xml,BernardinoLuini,1
Zuccari_Lettera.xml,Bramante,2
Zuccari_Lettera.xml,Correge,1
Zuccari_Lettera.xml,DanieleDaVolterra,1
Zuccari_Lettera.xml,FedericoZuccaro,7
Zuccari_Lettera.xml,FrancescoSalviati,1
Zuccari_Lettera.xml,FransPourbusI,1
Zuccari_Lettera.xml,Gaudenzio,1
Zuccari_Lettera.xml,GentileBellini,1
Zuccari_Lettera.xml,Giorgione,1
Zuccari_Lettera.xml,GiovanniBellini,2
Zuccari_Lettera.xml,GirolamoMuziano,1
Zuccari_Lettera.xml,GiuseppePorta,1
Zuccari_Lettera.xml,LeonardoDaVinci,1
Zuccari_Lettera.xml,MichelAnge,3
Zuccari_Lettera.xml,PaoloVeronese,1
Zuccari_Lettera.xml,Parmigianino,1
Zuccari_Lettera.xml,Perugin,1
Zuccari_Lettera.xml,PierreDeCortone,1
Zuccari_Lettera.xml,PietroBembo,1
Zuccari_Lettera.xml,PietroBuonaccorsi,1
Zuccari_Lettera.xml,PolidoroDaCaravaggio,1
Zuccari_Lettera.xml,Pordenone,1
Zuccari_Lettera.xml,Raphael,3
Zuccari_Lettera.xml,Romanino,1
Zuccari_Lettera.xml,SebastianoDelPiombo,1
Zuccari_Lettera.xml,TaddeoZuccaro,3
Zuccari_Lettera.xml,Titien,4
Zuccari_OrigineProgressoAcademiaDissegno.xml,AlbertiDurante,6
Zuccari_OrigineProgressoAcademiaDissegno.xml,AlessandroMaganza,1
Zuccari_OrigineProgressoAcademiaDissegno.xml,AndreaDelSarto,1
Zuccari_OrigineProgressoAcademiaDissegno.xml,AndreaPalladio,1
Zuccari_OrigineProgressoAcademiaDissegno.xml,AntonioDaFaenza,1
Zuccari_OrigineProgressoAcademiaDissegno.xml,BenedettoVarchi,1
Zuccari_OrigineProgressoAcademiaDissegno.xml,CesareNebbia,5
Zuccari_OrigineProgressoAcademiaDissegno.xml,CherubinoAlberti,3
Zuccari_OrigineProgressoAcademiaDissegno.xml,Correge,1
Zuccari_OrigineProgressoAcademiaDissegno.xml,CristoforoRoncalli,9
Zuccari_OrigineProgressoAcademiaDissegno.xml,DanieleBarbaro,1
Zuccari_OrigineProgressoAcademiaDissegno.xml,FedericoZuccaro,231
Zuccari_OrigineProgressoAcademiaDissegno.xml,FlaminioVacca,6
Zuccari_OrigineProgressoAcademiaDissegno.xml,FrancescoCapriani,4
Zuccari_OrigineProgressoAcademiaDissegno.xml,GiorgioVasari,2
Zuccari_OrigineProgressoAcademiaDissegno.xml,GiovanniAntonioParacca,2
Zuccari_OrigineProgressoAcademiaDissegno.xml,GiovanniBattistaDeCavalieri,1
Zuccari_OrigineProgressoAcademiaDissegno.xml,GiovanniBattistiArmenini,1
Zuccari_OrigineProgressoAcademiaDissegno.xml,GiovanniDeVecchi,3
Zuccari_OrigineProgressoAcademiaDissegno.xml,GiovanniGiacomoDellaPorta,11
Zuccari_OrigineProgressoAcademiaDissegno.xml,GiovanniPaoloLomazzo,1
Zuccari_OrigineProgressoAcademiaDissegno.xml,GirolamoMassei,1
Zuccari_OrigineProgressoAcademiaDissegno.xml,GiuseppeCesari,7
Zuccari_OrigineProgressoAcademiaDissegno.xml,LeonBattistaAlberti,1
Zuccari_OrigineProgressoAcademiaDissegno.xml,MichelAnge,2
Zuccari_OrigineProgressoAcademiaDissegno.xml,NiccoloCircignani,1
Zuccari_OrigineProgressoAcademiaDissegno.xml,OnorioLonghi,3
Zuccari_OrigineProgressoAcademiaDissegno.xml,PaoloGuidotti,1
Zuccari_OrigineProgressoAcademiaDissegno.xml,PaoloVeronese,1
Zuccari_OrigineProgressoAcademiaDissegno.xml,Parmigianino,1
Zuccari_OrigineProgressoAcademiaDissegno.xml,PietroBuonaccorsi,1
Zuccari_OrigineProgressoAcademiaDissegno.xml,PietroFacchetti,1
Zuccari_OrigineProgressoAcademiaDissegno.xml,PietroPaoloOlivieri,3
Zuccari_OrigineProgressoAcademiaDissegno.xml,Pordenone,1
Zuccari_OrigineProgressoAcademiaDissegno.xml,Raphael,1
Zuccari_OrigineProgressoAcademiaDissegno.xml,TaddeoLandini,4
Zuccari_OrigineProgressoAcademiaDissegno.xml,TaddeoZuccaro,1
Zuccari_OrigineProgressoAcademiaDissegno.xml,Titien,1
Zuccari_OrigineProgressoAcademiaDissegno.xml,TomasoDellaPorta,1
Zuccari_OrigineProgressoAcademiaDissegno.xml,TommasoLaureti,15
